duration,protocol_type,service,flag,src_bytes,dst_bytes,land,wrong_fragment,urgent,hot,num_failed_logins,logged_in,num_compromised,root_shell,su_attempted,num_root,num_file_creations,num_shells,num_access_files,num_outbound_cmds,is_host_login,is_guest_login,count,srv_count,serror_rate,srv_serror_rate,rerror_rate,srv_rerror_rate,same_srv_rate,diff_srv_rate,srv_diff_host_rate,dst_host_count,dst_host_srv_count,dst_host_same_srv_rate,dst_host_diff_srv_rate,dst_host_same_src_port_rate,dst_host_srv_diff_host_rate,dst_host_serror_rate,dst_host_srv_serror_rate,dst_host_rerror_rate,dst_host_srv_rerror_rate,label
0.12,udp,dns,SF,51,171,0,0,0,0,0,0,0,0,0,0,0,0,0,0,0,0,4,5,0.0,0.001,0.0,0.0,0.984,0.117,0.019,99,124,0.809,0.031,0.102,0.074,0.0,0.0,0.0,0.0,normal
2.528,tcp,http,SF,276,832,0,0,0,0,0,1,0,0,0,0,0,0,0,0,0,0,2,4,0.0,0.0,0.0,0.0,0.851,0.118,0.066,125,182,0.956,0.092,0.085,0.014,0.0,0.0,0.0,0.0,normal
0.259,tcp,http,SF,243,4815,0,0,0,0,0,1,0,0,0,0,0,0,0,0,0,0,5,2,0.028,0.0,0.0,0.0,0.95,0.061,0.081,88,50,0.805,0.018,0.108,0.046,0.0,0.0,0.0,0.0,normal
0.772,tcp,http,SF,331,655,0,0,0,0,0,1,0,0,0,0,0,0,0,0,0,0,4,1,0.119,0.089,0.0,0.0,0.891,0.014,0.09,41,121,0.84,0.061,0.087,0.018,0.0,0.0,0.0,0.0,normal
0.034,udp,dns,SF,65,121,0,0,0,0,0,0,0,0,0,0,0,0,0,0,0,0,4,1,0.0,0.001,0.0,0.0,0.902,0.089,0.002,47,244,0.896,0.157,0.012,0.049,0.0,0.0,0.0,0.0,normal
0.014,udp,dns,SF,70,106,0,0,0,0,0,0,0,0,0,0,0,0,0,0,0,0,4,4,0.002,0.009,0.0,0.0,0.856,0.083,0.037,85,213,0.962,0.063,0.143,0.029,0.0,0.0,0.0,0.0,normal
8.534,tcp,smtp,SF,786,973,0,0,0,0,0,1,0,0,0,0,0,0,0,0,0,0,3,7,0.0,0.0,0.0,0.0,0.877,0.09,0.087,20,58,0.862,0.155,0.146,0.05,0.0,0.0,0.0,0.0,normal
0.395,tcp,http,SF,371,1533,0,0,0,0,0,1,0,0,0,0,0,0,0,0,0,0,4,4,0.0,0.0,0.0,0.0,0.989,0.004,0.056,46,165,0.821,0.028,0.063,0.097,0.0,0.0,0.0,0.0,normal
0.652,tcp,http,SF,245,10391,0,0,0,0,0,1,0,0,0,0,0,0,0,0,0,0,1,3,0.0,0.0,0.0,0.0,0.887,0.035,0.075,216,210,0.821,0.013,0.089,0.015,0.0,0.0,0.0,0.0,normal
0.942,tcp,http,SF,233,396,0,0,0,0,0,1,0,0,0,0,0,0,0,0,0,0,2,1,0.0,0.0,0.0,0.0,0.978,0.007,0.018,227,68,0.85,0.114,0.062,0.005,0.0,0.0,0.0,0.0,normal
0.718,tcp,http,SF,361,260,0,0,0,0,0,1,0,0,0,0,0,0,0,0,0,0,2,7,0.0,0.0,0.0,0.0,0.922,0.063,0.023,92,100,0.873,0.065,0.057,0.069,0.0,0.0,0.0,0.0,normal
0.796,tcp,http,SF,520,1421,0,0,0,0,0,1,0,0,0,0,0,0,0,0,0,0,7,4,0.0,0.08,0.0,0.0,0.939,0.117,0.08,238,241,0.851,0.118,0.014,0.062,0.0,0.0,0.0,0.0,normal
1.656,tcp,http,SF,494,2052,0,0,0,0,0,1,0,0,0,0,0,0,0,0,0,0,6,1,0.002,0.0,0.0,0.0,0.905,0.047,0.016,245,46,0.987,0.088,0.057,0.073,0.0,0.0,0.0,0.0,normal
2.688,tcp,http,SF,247,7585,0,0,0,0,0,1,0,0,0,0,0,0,0,0,0,0,6,2,0.0,0.0,0.0,0.0,0.967,0.017,0.1,20,225,0.857,0.167,0.016,0.1,0.0,0.0,0.0,0.0,normal
0.052,udp,dns,SF,66,171,0,0,0,0,0,0,0,0,0,0,0,0,0,0,0,0,1,2,0.043,0.0,0.0,0.0,0.977,0.009,0.08,247,237,0.954,0.14,0.126,0.004,0.0,0.0,0.0,0.0,normal
1.648,tcp,http,SF,530,7542,0,0,0,0,0,1,0,0,0,0,0,0,0,0,0,0,3,3,0.001,0.0,0.0,0.0,0.919,0.118,0.064,223,150,0.829,0.189,0.045,0.058,0.0,0.0,0.0,0.0,normal
0.62,tcp,http,SF,294,4011,0,0,0,0,0,1,0,0,0,0,0,0,0,0,0,0,3,1,0.0,0.0,0.0,0.0,0.898,0.005,0.042,126,126,0.845,0.114,0.085,0.07,0.0,0.0,0.0,0.0,normal
3.08,tcp,http,SF,352,301,0,0,0,0,0,1,0,0,0,0,0,0,0,0,0,0,6,6,0.0,0.0,0.0,0.0,0.961,0.002,0.083,183,219,0.874,0.031,0.09,0.012,0.0,0.0,0.0,0.0,normal
3.894,tcp,smtp,SF,676,2603,0,0,0,0,0,1,0,0,0,0,0,0,0,0,0,0,5,2,0.0,0.012,0.0,0.0,0.862,0.113,0.043,127,124,0.83,0.036,0.136,0.004,0.0,0.0,0.0,0.0,normal
1.141,tcp,http,SF,412,1041,0,0,0,0,0,1,0,0,0,0,0,0,0,0,0,0,2,5,0.0,0.0,0.0,0.0,0.986,0.088,0.085,104,93,0.9,0.106,0.016,0.04,0.0,0.0,0.0,0.0,normal
10.361,tcp,smtp,SF,808,939,0,0,0,0,0,1,0,0,0,0,0,0,0,0,0,0,1,4,0.0,0.001,0.0,0.0,0.958,0.144,0.078,122,222,0.823,0.146,0.066,0.055,0.0,0.0,0.0,0.0,normal
0.092,udp,dns,SF,92,100,0,0,0,0,0,0,0,0,0,0,0,0,0,0,0,0,4,7,0.0,0.0,0.0,0.0,0.951,0.107,0.077,11,222,0.948,0.16,0.007,0.023,0.0,0.0,0.0,0.0,normal
0.462,tcp,http,SF,283,43,0,0,0,0,0,1,0,0,0,0,0,0,0,0,0,0,2,4,0.041,0.0,0.0,0.0,0.901,0.108,0.081,140,254,0.859,0.082,0.021,0.057,0.0,0.0,0.0,0.0,normal
6.745,tcp,http,SF,349,2276,0,0,0,0,0,1,0,0,0,0,0,0,0,0,0,0,2,1,0.0,0.112,0.0,0.0,0.985,0.035,0.033,228,232,0.906,0.148,0.089,0.065,0.0,0.0,0.0,0.0,normal
43.995,tcp,ssh,SF,1655,5076,0,0,0,0,0,1,0,0,0,0,0,0,0,0,0,0,6,6,0.0,0.0,0.0,0.0,0.856,0.037,0.007,251,121,0.903,0.063,0.008,0.011,0.0,0.0,0.0,0.0,normal
0.485,tcp,http,SF,476,5895,0,0,0,0,0,1,0,0,0,0,0,0,0,0,0,0,3,2,0.0,0.009,0.0,0.0,0.886,0.072,0.068,91,65,0.866,0.186,0.007,0.046,0.0,0.0,0.0,0.0,normal
1.382,tcp,http,SF,337,307,0,0,0,0,0,1,0,0,0,0,0,0,0,0,0,0,1,1,0.0,0.001,0.0,0.0,0.943,0.024,0.077,253,219,0.851,0.184,0.068,0.06,0.0,0.0,0.0,0.0,normal
0.978,tcp,http,SF,239,2094,0,0,0,0,0,1,0,0,0,0,0,0,0,0,0,0,3,1,0.0,0.002,0.0,0.0,0.939,0.019,0.014,174,179,0.835,0.101,0.149,0.0,0.0,0.0,0.0,0.0,normal
0.141,tcp,smtp,SF,1365,1597,0,0,0,0,0,1,0,0,0,0,0,0,0,0,0,0,5,4,0.0,0.001,0.0,0.0,0.959,0.085,0.076,185,250,0.884,0.103,0.002,0.08,0.0,0.0,0.0,0.0,normal
0.049,udp,dns,SF,57,117,0,0,0,0,0,0,0,0,0,0,0,0,0,0,0,0,4,3,0.0,0.0,0.0,0.0,0.935,0.016,0.09,181,222,0.96,0.02,0.031,0.074,0.0,0.0,0.0,0.0,normal
0.227,tcp,smtp,SF,1410,1213,0,0,0,0,0,1,0,0,0,0,0,0,0,0,0,0,5,4,0.0,0.0,0.0,0.0,0.982,0.042,0.02,249,55,0.904,0.094,0.039,0.005,0.0,0.0,0.0,0.0,normal
0.017,udp,dns,SF,75,142,0,0,0,0,0,0,0,0,0,0,0,0,0,0,0,0,2,6,0.0,0.023,0.0,0.0,0.888,0.024,0.085,101,153,0.947,0.059,0.056,0.04,0.0,0.0,0.0,0.0,normal
2.755,tcp,http,SF,313,1484,0,0,0,0,0,1,0,0,0,0,0,0,0,0,0,0,2,2,0.0,0.028,0.0,0.0,0.887,0.037,0.016,18,240,0.978,0.155,0.078,0.049,0.0,0.0,0.0,0.0,normal
19.673,tcp,ssh,SF,2830,3724,0,0,0,0,0,1,0,0,0,0,0,0,0,0,0,0,4,2,0.0,0.001,0.0,0.0,0.878,0.148,0.082,210,191,0.894,0.031,0.138,0.034,0.0,0.0,0.0,0.0,normal
0.245,tcp,http,SF,533,11687,0,0,0,0,0,1,0,0,0,0,0,0,0,0,0,0,6,2,0.0,0.0,0.0,0.0,0.919,0.099,0.06,27,125,0.99,0.069,0.027,0.068,0.0,0.0,0.0,0.0,normal
4.586,tcp,http,SF,412,2531,0,0,0,0,0,1,0,0,0,0,0,0,0,0,0,0,8,6,0.0,0.001,0.0,0.0,0.899,0.03,0.078,240,220,0.849,0.134,0.019,0.028,0.0,0.0,0.0,0.0,normal
1.479,tcp,smtp,SF,959,1337,0,0,0,0,0,1,0,0,0,0,0,0,0,0,0,0,5,5,0.0,0.075,0.0,0.0,0.923,0.095,0.033,208,69,0.983,0.185,0.126,0.098,0.0,0.0,0.0,0.0,normal
0.085,udp,dns,SF,61,143,0,0,0,0,0,0,0,0,0,0,0,0,0,0,0,0,4,3,0.023,0.011,0.0,0.0,0.867,0.059,0.1,80,57,0.831,0.085,0.093,0.093,0.0,0.0,0.0,0.0,normal
12.299,tcp,smtp,SF,856,1143,0,0,0,0,0,1,0,0,0,0,0,0,0,0,0,0,3,3,0.0,0.0,0.0,0.0,0.858,0.101,0.035,89,202,0.966,0.164,0.062,0.032,0.0,0.0,0.0,0.0,normal
2.795,tcp,http,SF,300,1221,0,0,0,0,0,1,0,0,0,0,0,0,0,0,0,0,2,2,0.0,0.0,0.0,0.0,0.872,0.129,0.082,145,142,0.964,0.019,0.059,0.074,0.0,0.0,0.0,0.0,normal
0.023,udp,dns,SF,65,136,0,0,0,0,0,0,0,0,0,0,0,0,0,0,0,0,3,2,0.0,0.001,0.0,0.0,0.996,0.131,0.019,161,64,0.931,0.058,0.11,0.057,0.0,0.0,0.0,0.0,normal
1.745,tcp,http,SF,780,8686,0,0,0,0,0,1,0,0,0,0,0,0,0,0,0,0,2,4,0.0,0.0,0.0,0.0,0.882,0.134,0.065,200,52,0.978,0.094,0.071,0.094,0.0,0.0,0.0,0.0,normal
0.133,tcp,http,SF,649,2610,0,0,0,0,0,1,0,0,0,0,0,0,0,0,0,0,2,2,0.0,0.0,0.0,0.0,0.881,0.133,0.093,181,34,0.821,0.023,0.093,0.012,0.0,0.0,0.0,0.0,normal
3.228,tcp,http,SF,325,5842,0,0,0,0,0,1,0,0,0,0,0,0,0,0,0,0,2,4,0.146,0.0,0.0,0.0,0.865,0.13,0.059,151,97,0.882,0.086,0.095,0.093,0.0,0.0,0.0,0.0,normal
2.417,tcp,http,SF,311,1045,0,0,0,0,0,1,0,0,0,0,0,0,0,0,0,0,5,1,0.0,0.0,0.0,0.0,0.989,0.09,0.067,253,22,0.989,0.078,0.139,0.058,0.0,0.0,0.0,0.0,normal
0.001,tcp,http,SF,267,1389,0,0,0,0,0,1,0,0,0,0,0,0,0,0,0,0,2,2,0.009,0.0,0.0,0.0,0.924,0.08,0.097,28,246,0.971,0.038,0.089,0.088,0.0,0.0,0.0,0.0,normal
1.177,tcp,http,SF,135,2999,0,0,0,0,0,1,0,0,0,0,0,0,0,0,0,0,6,5,0.0,0.003,0.0,0.0,0.919,0.078,0.021,119,44,0.838,0.069,0.015,0.095,0.0,0.0,0.0,0.0,normal
0.839,tcp,http,SF,381,6944,0,0,0,0,0,1,0,0,0,0,0,0,0,0,0,0,5,3,0.003,0.05,0.0,0.0,0.873,0.08,0.092,223,149,0.879,0.089,0.009,0.097,0.0,0.0,0.0,0.0,normal
0.007,udp,dns,SF,59,154,0,0,0,0,0,0,0,0,0,0,0,0,0,0,0,0,7,7,0.0,0.0,0.0,0.0,0.942,0.005,0.016,220,60,0.995,0.044,0.077,0.094,0.0,0.0,0.0,0.0,normal
1.583,tcp,http,SF,499,110,0,0,0,0,0,1,0,0,0,0,0,0,0,0,0,0,1,4,0.019,0.0,0.0,0.0,0.992,0.057,0.077,40,142,0.837,0.064,0.098,0.067,0.0,0.0,0.0,0.0,normal
1.671,tcp,http,SF,455,2508,0,0,0,0,0,1,0,0,0,0,0,0,0,0,0,0,3,5,0.0,0.001,0.0,0.0,0.985,0.071,0.006,206,211,0.93,0.156,0.064,0.064,0.0,0.0,0.0,0.0,normal
3.564,tcp,http,SF,340,4162,0,0,0,0,0,1,0,0,0,0,0,0,0,0,0,0,7,2,0.0,0.0,0.0,0.0,0.88,0.044,0.053,56,226,0.952,0.142,0.026,0.036,0.0,0.0,0.0,0.0,normal
1.436,tcp,http,SF,370,181,0,0,0,0,0,1,0,0,0,0,0,0,0,0,0,0,3,6,0.0,0.0,0.0,0.0,0.87,0.066,0.03,220,100,0.847,0.153,0.14,0.05,0.0,0.0,0.0,0.0,normal
34.168,tcp,ssh,SF,1366,2758,0,0,0,0,0,1,0,0,0,0,0,0,0,0,0,0,5,4,0.023,0.015,0.0,0.0,0.89,0.091,0.094,115,94,0.911,0.059,0.025,0.02,0.0,0.0,0.0,0.0,normal
0.004,udp,dns,SF,56,126,0,0,0,0,0,0,0,0,0,0,0,0,0,0,0,0,4,4,0.0,0.0,0.0,0.0,0.907,0.125,0.021,175,11,0.914,0.199,0.006,0.021,0.0,0.0,0.0,0.0,normal
0.035,udp,dns,SF,73,115,0,0,0,0,0,0,0,0,0,0,0,0,0,0,0,0,3,6,0.0,0.0,0.0,0.0,0.893,0.119,0.091,142,206,0.853,0.055,0.038,0.014,0.0,0.0,0.0,0.0,normal
2.658,tcp,http,SF,397,1010,0,0,0,0,0,1,0,0,0,0,0,0,0,0,0,0,1,3,0.096,0.0,0.0,0.0,0.964,0.019,0.078,48,239,0.946,0.088,0.132,0.053,0.0,0.0,0.0,0.0,normal
0.055,udp,dns,SF,72,72,0,0,0,0,0,0,0,0,0,0,0,0,0,0,0,0,4,5,0.0,0.061,0.0,0.0,0.921,0.148,0.009,156,111,0.975,0.057,0.118,0.038,0.0,0.0,0.0,0.0,normal
1.651,tcp,http,SF,346,3028,0,0,0,0,0,1,0,0,0,0,0,0,0,0,0,0,4,3,0.0,0.0,0.0,0.0,0.889,0.13,0.075,190,226,0.843,0.106,0.117,0.025,0.0,0.0,0.0,0.0,normal
0.726,tcp,http,SF,354,15581,0,0,0,0,0,1,0,0,0,0,0,0,0,0,0,0,6,4,0.143,0.0,0.0,0.0,0.861,0.148,0.007,17,42,0.965,0.116,0.116,0.063,0.0,0.0,0.0,0.0,normal
0.686,tcp,other,SF,198,184,0,0,0,0,0,0,0,0,0,0,0,0,0,0,0,0,3,2,0.0,0.019,0.0,0.0,0.882,0.103,0.091,37,82,0.914,0.058,0.083,0.062,0.0,0.0,0.0,0.0,normal
0.039,udp,dns,SF,51,142,0,0,0,0,0,0,0,0,0,0,0,0,0,0,0,0,3,1,0.0,0.015,0.0,0.0,0.925,0.093,0.093,237,130,0.906,0.12,0.111,0.007,0.0,0.0,0.0,0.0,normal
2.026,tcp,smtp,SF,383,875,0,0,0,0,0,1,0,0,0,0,0,0,0,0,0,0,4,1,0.0,0.0,0.0,0.0,0.944,0.049,0.064,85,111,0.952,0.046,0.136,0.05,0.0,0.0,0.0,0.0,normal
0.037,udp,dns,SF,79,82,0,0,0,0,0,0,0,0,0,0,0,0,0,0,0,0,3,7,0.013,0.163,0.0,0.0,0.898,0.082,0.056,52,133,0.927,0.082,0.112,0.033,0.0,0.0,0.0,0.0,normal
0.894,tcp,http,SF,331,283,0,0,0,0,0,1,0,0,0,0,0,0,0,0,0,0,4,2,0.0,0.0,0.0,0.0,0.917,0.066,0.007,120,206,0.979,0.002,0.027,0.09,0.0,0.0,0.0,0.0,normal
4.204,tcp,http,SF,358,772,0,0,0,0,0,1,0,0,0,0,0,0,0,0,0,0,6,1,0.0,0.001,0.0,0.0,0.957,0.015,0.048,162,157,0.849,0.009,0.034,0.045,0.0,0.0,0.0,0.0,normal
1.534,tcp,http,SF,282,4398,0,0,0,0,0,1,0,0,0,0,0,0,0,0,0,0,2,2,0.006,0.001,0.0,0.0,0.942,0.063,0.057,132,47,0.948,0.015,0.109,0.085,0.0,0.0,0.0,0.0,normal
1.039,tcp,http,SF,323,2846,0,0,0,0,0,1,0,0,0,0,0,0,0,0,0,0,3,5,0.001,0.351,0.0,0.0,0.901,0.011,0.048,194,194,0.857,0.067,0.127,0.052,0.0,0.0,0.0,0.0,normal
3.917,tcp,http,SF,453,5163,0,0,0,0,0,1,0,0,0,0,0,0,0,0,0,0,3,2,0.0,0.0,0.0,0.0,0.906,0.098,0.011,111,13,0.85,0.091,0.059,0.081,0.0,0.0,0.0,0.0,normal
7.357,tcp,ssh,SF,2302,3171,0,0,0,0,0,1,0,0,0,0,0,0,0,0,0,0,3,2,0.001,0.001,0.0,0.0,0.917,0.082,0.015,204,92,0.998,0.003,0.068,0.084,0.0,0.0,0.0,0.0,normal
1.328,tcp,smtp,SF,544,2118,0,0,0,0,0,1,0,0,0,0,0,0,0,0,0,0,1,3,0.0,0.0,0.0,0.0,0.892,0.128,0.039,90,140,0.995,0.037,0.045,0.003,0.0,0.0,0.0,0.0,normal
1.349,tcp,http,SF,427,1610,0,0,0,0,0,1,0,0,0,0,0,0,0,0,0,0,4,4,0.028,0.0,0.0,0.0,0.991,0.091,0.071,111,184,0.999,0.068,0.024,0.052,0.0,0.0,0.0,0.0,normal
0.037,udp,dns,SF,62,181,0,0,0,0,0,0,0,0,0,0,0,0,0,0,0,0,2,1,0.0,0.0,0.0,0.0,0.863,0.004,0.02,81,195,0.998,0.186,0.076,0.053,0.0,0.0,0.0,0.0,normal
0.886,tcp,http,SF,389,8391,0,0,0,0,0,1,0,0,0,0,0,0,0,0,0,0,6,3,0.0,0.02,0.0,0.0,0.856,0.067,0.027,247,106,0.885,0.176,0.041,0.089,0.0,0.0,0.0,0.0,normal
30.31,tcp,ssh,SF,2957,4035,0,0,0,0,0,1,0,0,0,0,0,0,0,0,0,0,3,3,0.102,0.0,0.0,0.0,0.938,0.04,0.093,240,38,0.913,0.144,0.009,0.06,0.0,0.0,0.0,0.0,normal
3.158,tcp,http,SF,290,551,0,0,0,0,0,1,0,0,0,0,0,0,0,0,0,0,4,4,0.0,0.0,0.0,0.0,0.897,0.053,0.045,190,111,0.838,0.18,0.038,0.071,0.0,0.0,0.0,0.0,normal
0.233,tcp,http,SF,407,1803,0,0,0,0,0,1,0,0,0,0,0,0,0,0,0,0,5,3,0.0,0.0,0.0,0.0,0.902,0.08,0.077,14,102,0.918,0.193,0.078,0.091,0.0,0.0,0.0,0.0,normal
2.856,tcp,http,SF,409,3313,0,0,0,0,0,1,0,0,0,0,0,0,0,0,0,0,4,9,0.0,0.0,0.0,0.0,0.881,0.014,0.089,184,197,0.84,0.058,0.146,0.071,0.0,0.0,0.0,0.0,normal
0.949,tcp,http,SF,459,1106,0,0,0,0,0,1,0,0,0,0,0,0,0,0,0,0,2,6,0.0,0.0,0.0,0.0,0.876,0.115,0.05,160,235,0.807,0.013,0.06,0.008,0.0,0.0,0.0,0.0,normal
1.535,tcp,http,SF,113,1132,0,0,0,0,0,1,0,0,0,0,0,0,0,0,0,0,5,5,0.0,0.002,0.0,0.0,0.863,0.004,0.006,143,219,0.847,0.11,0.064,0.08,0.0,0.0,0.0,0.0,normal
1.962,tcp,http,SF,331,3769,0,0,0,0,0,1,0,0,0,0,0,0,0,0,0,0,3,4,0.0,0.0,0.0,0.0,0.94,0.02,0.069,246,217,0.848,0.03,0.001,0.005,0.0,0.0,0.0,0.0,normal
8.469,tcp,smtp,SF,1826,1567,0,0,0,0,0,1,0,0,0,0,0,0,0,0,0,0,3,1,0.001,0.0,0.0,0.0,0.984,0.121,0.025,139,146,0.859,0.066,0.14,0.068,0.0,0.0,0.0,0.0,normal
1.385,tcp,http,SF,291,5843,0,0,0,0,0,1,0,0,0,0,0,0,0,0,0,0,2,2,0.0,0.005,0.0,0.0,0.964,0.124,0.072,225,153,0.864,0.139,0.144,0.059,0.0,0.0,0.0,0.0,normal
0.677,tcp,http,SF,489,3576,0,0,0,1,0,1,0,0,0,0,0,0,0,0,0,0,2,2,0.0,0.005,0.0,0.0,0.931,0.091,0.01,35,76,0.905,0.175,0.102,0.009,0.0,0.0,0.0,0.0,normal
1.189,tcp,other,REJ,104,115,0,0,0,0,0,0,0,0,0,0,0,0,0,0,0,0,6,1,0.0,0.0,0.0,0.0,0.972,0.058,0.077,206,206,0.822,0.122,0.144,0.04,0.0,0.0,0.0,0.0,normal
0.056,tcp,http,SF,315,8733,0,0,0,0,0,1,0,0,0,0,0,0,0,0,0,0,4,4,0.067,0.0,0.0,0.0,0.885,0.125,0.015,15,65,0.91,0.043,0.024,0.056,0.0,0.0,0.0,0.0,normal
0.715,tcp,http,SF,332,14304,0,0,0,0,0,1,0,0,0,0,0,0,0,0,0,0,7,4,0.0,0.0,0.0,0.0,0.876,0.048,0.029,144,143,0.9,0.129,0.143,0.029,0.0,0.0,0.0,0.0,normal
0.723,tcp,http,SF,400,1883,0,0,0,0,0,1,0,0,0,0,0,0,0,0,0,0,2,4,0.0,0.0,0.0,0.0,0.943,0.105,0.086,237,39,0.985,0.005,0.125,0.008,0.0,0.0,0.0,0.0,normal
0.028,udp,dns,SF,63,126,0,0,0,0,0,0,0,0,0,0,0,0,0,0,0,0,5,1,0.034,0.079,0.0,0.0,0.963,0.005,0.014,123,160,0.847,0.133,0.053,0.089,0.0,0.0,0.0,0.0,normal
0.153,udp,dns,SF,40,155,0,0,0,0,0,0,0,0,0,0,0,0,0,0,0,0,7,4,0.0,0.027,0.0,0.0,0.92,0.031,0.082,102,58,0.943,0.152,0.086,0.086,0.0,0.0,0.0,0.0,normal
0.748,tcp,http,SF,340,8003,0,0,0,0,0,1,0,0,0,0,0,0,0,0,0,0,9,1,0.017,0.0,0.0,0.0,0.936,0.07,0.061,148,119,0.88,0.094,0.087,0.05,0.0,0.0,0.0,0.0,normal
2.734,tcp,http,SF,252,1121,0,0,0,0,0,1,0,0,0,0,0,0,0,0,0,0,4,3,0.0,0.183,0.0,0.0,0.855,0.059,0.087,218,178,0.907,0.078,0.122,0.071,0.0,0.0,0.0,0.0,normal
1.84,tcp,http,SF,312,2645,0,0,0,0,0,1,0,0,0,0,0,0,0,0,0,0,4,4,0.0,0.0,0.0,0.0,0.87,0.059,0.089,230,10,0.86,0.111,0.05,0.027,0.0,0.0,0.0,0.0,normal
1.257,tcp,other,SF,182,230,0,0,0,0,0,0,0,0,0,0,0,0,0,0,0,0,3,3,0.0,0.006,0.0,0.0,0.97,0.13,0.07,138,175,0.905,0.131,0.138,0.01,0.0,0.0,0.0,0.0,normal
103.878,tcp,ssh,SF,3225,5619,0,0,0,0,0,1,0,0,0,0,0,0,0,0,0,0,6,4,0.0,0.0,0.0,0.0,0.931,0.14,0.039,142,214,0.815,0.148,0.148,0.085,0.0,0.0,0.0,0.0,normal
4.969,tcp,smtp,SF,790,1054,0,0,0,0,0,1,0,0,0,0,0,0,0,0,0,0,4,1,0.0,0.0,0.0,0.0,0.892,0.09,0.043,36,236,0.858,0.136,0.008,0.096,0.0,0.0,0.0,0.0,normal
3.037,tcp,http,SF,274,1720,0,0,0,0,0,1,0,0,0,0,0,0,0,0,0,0,6,3,0.0,0.0,0.0,0.0,0.86,0.115,0.038,162,103,0.886,0.163,0.048,0.076,0.0,0.0,0.0,0.0,normal
0.111,udp,dns,SF,57,188,0,0,0,0,0,0,0,0,0,0,0,0,0,0,0,0,4,2,0.0,0.0,0.0,0.0,0.891,0.06,0.053,141,10,0.832,0.019,0.082,0.033,0.0,0.0,0.0,0.0,normal
0.055,udp,dns,SF,46,151,0,0,0,0,0,0,0,0,0,0,0,0,0,0,0,0,1,5,0.172,0.0,0.0,0.0,0.907,0.097,0.097,155,24,0.985,0.114,0.106,0.015,0.0,0.0,0.0,0.0,normal
1.716,tcp,http,SF,434,4871,0,0,0,0,0,1,0,0,0,0,0,0,0,0,0,0,2,2,0.0,0.001,0.0,0.0,0.939,0.031,0.056,185,226,0.933,0.094,0.048,0.009,0.0,0.0,0.0,0.0,normal
0.417,tcp,http,SF,344,3132,0,0,0,0,0,1,0,0,0,0,0,0,0,0,0,0,3,4,0.009,0.0,0.0,0.0,0.987,0.12,0.097,233,34,0.918,0.051,0.081,0.032,0.0,0.0,0.0,0.0,normal
0.075,udp,dns,SF,47,184,0,0,0,0,0,0,0,0,0,0,0,0,0,0,0,0,6,4,0.001,0.0,0.0,0.0,0.973,0.046,0.055,222,147,0.895,0.131,0.032,0.098,0.0,0.0,0.0,0.0,normal
0.366,tcp,http,SF,478,4588,0,0,0,0,0,1,0,0,0,0,0,0,0,0,0,0,4,2,0.02,0.005,0.0,0.0,0.885,0.059,0.074,155,126,0.914,0.063,0.021,0.027,0.0,0.0,0.0,0.0,normal
5.822,tcp,http,SF,211,5258,0,0,0,0,0,1,0,0,0,0,0,0,0,0,0,0,1,4,0.0,0.009,0.0,0.0,0.988,0.037,0.089,129,33,0.93,0.157,0.092,0.05,0.0,0.0,0.0,0.0,normal
1.371,tcp,http,SF,355,2554,0,0,0,0,0,1,0,0,0,0,0,0,0,0,0,0,5,3,0.0,0.029,0.0,0.0,0.941,0.04,0.022,65,37,0.932,0.156,0.114,0.032,0.0,0.0,0.0,0.0,normal
7.91,tcp,ssh,SF,2047,5413,0,0,0,0,0,1,0,0,0,0,0,0,0,0,0,0,5,1,0.0,0.088,0.0,0.0,0.9,0.097,0.019,15,239,0.86,0.051,0.107,0.066,0.0,0.0,0.0,0.0,normal
2.18,tcp,smtp,SF,768,902,0,0,0,0,0,1,0,0,0,0,0,0,0,0,0,0,2,3,0.0,0.073,0.0,0.0,0.856,0.108,0.076,149,216,0.811,0.155,0.056,0.03,0.0,0.0,0.0,0.0,normal
0.994,tcp,http,SF,683,178,0,0,0,0,0,1,0,0,0,0,0,0,0,0,0,0,5,2,0.0,0.166,0.0,0.0,0.94,0.104,0.01,26,56,0.815,0.121,0.148,0.067,0.0,0.0,0.0,0.0,normal
1.81,tcp,http,SF,406,14580,0,0,0,0,0,1,0,0,0,0,0,0,0,0,0,0,2,4,0.0,0.0,0.0,0.0,0.933,0.105,0.065,196,105,0.911,0.019,0.023,0.093,0.0,0.0,0.0,0.0,normal
0.907,tcp,http,SF,381,2806,0,0,0,0,0,1,0,0,0,0,0,0,0,0,0,0,2,1,0.0,0.0,0.0,0.0,0.892,0.05,0.027,142,208,0.952,0.139,0.021,0.081,0.0,0.0,0.0,0.0,normal
103.4,tcp,ssh,SF,2834,3831,0,0,0,0,0,1,0,0,0,0,0,0,0,0,0,0,3,1,0.063,0.042,0.0,0.0,0.867,0.083,0.035,79,206,0.976,0.095,0.146,0.055,0.0,0.0,0.0,0.0,normal
0.253,tcp,smtp,SF,961,1355,0,0,0,0,0,1,0,0,0,0,0,0,0,0,0,0,2,1,0.0,0.0,0.0,0.0,0.993,0.021,0.096,86,155,0.928,0.142,0.106,0.082,0.0,0.0,0.0,0.0,normal
1.765,tcp,http,SF,296,3654,0,0,0,0,0,1,0,0,0,0,0,0,0,0,0,0,2,1,0.001,0.0,0.0,0.0,0.995,0.113,0.05,221,127,0.805,0.189,0.048,0.026,0.0,0.0,0.0,0.0,normal
0.004,udp,dns,SF,47,123,0,0,0,0,0,0,0,0,0,0,0,0,0,0,0,0,5,1,0.0,0.0,0.0,0.0,0.977,0.061,0.085,227,134,0.845,0.189,0.041,0.003,0.0,0.0,0.0,0.0,normal
0.016,udp,dns,SF,92,110,0,0,0,0,0,0,0,0,0,0,0,0,0,0,0,0,5,2,0.012,0.0,0.0,0.0,0.924,0.053,0.056,239,127,0.936,0.133,0.048,0.035,0.0,0.0,0.0,0.0,normal
1.299,tcp,http,SF,205,2194,0,0,0,0,0,1,0,0,0,0,0,0,0,0,0,0,5,3,0.0,0.0,0.0,0.0,0.88,0.103,0.055,240,241,0.888,0.054,0.021,0.07,0.0,0.0,0.0,0.0,normal
0.139,udp,dns,SF,62,116,0,0,0,0,0,0,0,0,0,0,0,0,0,0,0,0,1,2,0.014,0.013,0.0,0.0,0.865,0.099,0.013,142,135,0.811,0.06,0.035,0.062,0.0,0.0,0.0,0.0,normal
6.339,tcp,http,SF,431,1515,0,0,0,0,0,1,0,0,0,0,0,0,0,0,0,0,3,1,0.021,0.0,0.0,0.0,0.898,0.001,0.06,87,74,0.838,0.008,0.055,0.088,0.0,0.0,0.0,0.0,normal
0.061,udp,dns,SF,69,144,0,0,0,0,0,0,0,0,0,0,0,0,0,0,0,0,3,1,0.346,0.0,0.0,0.0,0.851,0.043,0.075,32,204,0.924,0.06,0.047,0.097,0.0,0.0,0.0,0.0,normal
3.936,tcp,http,SF,228,2105,0,0,0,0,0,1,0,0,0,0,0,0,0,0,0,0,9,5,0.021,0.004,0.0,0.0,0.912,0.086,0.0,159,167,0.944,0.113,0.074,0.081,0.0,0.0,0.0,0.0,normal
2.345,tcp,http,SF,396,11850,0,0,0,0,0,1,0,0,0,0,0,0,0,0,0,0,8,2,0.0,0.0,0.0,0.0,0.956,0.119,0.023,184,155,0.831,0.061,0.133,0.054,0.0,0.0,0.0,0.0,normal
5.131,tcp,http,SF,201,998,0,0,0,0,0,1,0,0,0,0,0,0,0,0,0,0,6,5,0.0,0.0,0.0,0.0,0.922,0.126,0.031,54,196,0.828,0.061,0.067,0.032,0.0,0.0,0.0,0.0,normal
0.423,tcp,http,SF,546,1193,0,0,0,0,0,1,0,0,0,0,0,0,0,0,0,0,3,6,0.01,0.0,0.0,0.0,0.893,0.02,0.05,251,63,0.987,0.001,0.021,0.025,0.0,0.0,0.0,0.0,normal
53.482,tcp,ssh,SF,4048,4454,0,0,0,0,0,1,0,0,0,0,0,0,0,0,0,0,5,4,0.015,0.002,0.0,0.0,0.995,0.09,0.042,125,154,0.812,0.164,0.032,0.08,0.0,0.0,0.0,0.0,normal
2.889,tcp,smtp,SF,747,1368,0,0,0,0,0,1,0,0,0,0,0,0,0,0,0,0,1,3,0.033,0.0,0.0,0.0,0.913,0.132,0.006,64,62,0.982,0.178,0.102,0.024,0.0,0.0,0.0,0.0,normal
1.955,tcp,smtp,SF,1474,1230,0,0,0,0,0,1,0,0,0,0,0,0,0,0,0,0,4,4,0.0,0.0,0.0,0.0,0.993,0.092,0.038,178,19,0.92,0.018,0.081,0.075,0.0,0.0,0.0,0.0,normal
2.656,tcp,http,SF,252,391,0,0,0,0,0,1,0,0,0,0,0,0,0,0,0,0,5,2,0.0,0.017,0.0,0.0,0.99,0.071,0.064,148,136,0.97,0.086,0.123,0.08,0.0,0.0,0.0,0.0,normal
2.978,tcp,http,SF,191,5094,0,0,0,0,0,1,0,0,0,0,0,0,0,0,0,0,6,4,0.012,0.0,0.0,0.0,0.863,0.077,0.045,48,194,0.893,0.069,0.039,0.028,0.0,0.0,0.0,0.0,normal
1.078,tcp,smtp,SF,944,646,0,0,0,0,0,1,0,0,0,0,0,0,0,0,0,0,2,7,0.007,0.0,0.0,0.0,0.975,0.14,0.023,97,138,0.986,0.192,0.019,0.035,0.0,0.0,0.0,0.0,normal
30.236,tcp,ssh,SF,1954,4635,0,0,0,0,0,1,0,0,0,0,0,0,0,0,0,0,5,1,0.0,0.0,0.0,0.0,0.97,0.085,0.014,225,148,0.812,0.086,0.059,0.043,0.0,0.0,0.0,0.0,normal
1.493,tcp,http,SF,422,25598,0,0,0,0,0,1,0,0,0,0,0,0,0,0,0,0,2,3,0.046,0.0,0.0,0.0,0.953,0.006,0.08,116,79,0.937,0.129,0.098,0.061,0.0,0.0,0.0,0.0,normal
6.922,tcp,http,SF,308,6045,0,0,0,0,0,1,0,0,0,0,0,0,0,0,0,0,3,3,0.009,0.0,0.0,0.0,0.992,0.049,0.056,11,73,0.924,0.093,0.056,0.02,0.0,0.0,0.0,0.0,normal
0.416,tcp,http,SF,625,8,0,0,0,0,0,1,0,0,0,0,0,0,0,0,0,0,1,5,0.176,0.0,0.0,0.0,0.989,0.093,0.031,19,108,0.827,0.038,0.022,0.081,0.0,0.0,0.0,0.0,normal
0.077,udp,dns,SF,61,190,0,0,0,0,0,0,0,0,0,0,0,0,0,0,0,0,7,4,0.0,0.0,0.0,0.0,0.871,0.136,0.053,203,153,0.902,0.007,0.075,0.026,0.0,0.0,0.0,0.0,normal
0.016,udp,dns,SF,63,292,0,0,0,0,0,0,0,0,0,0,0,0,0,0,0,0,1,2,0.0,0.122,0.0,0.0,0.939,0.148,0.095,173,35,0.879,0.063,0.019,0.069,0.0,0.0,0.0,0.0,normal
0.894,tcp,http,SF,216,1528,0,0,0,0,0,1,0,0,0,0,0,0,0,0,0,0,2,3,0.0,0.0,0.0,0.0,0.937,0.035,0.037,63,27,0.844,0.093,0.149,0.1,0.0,0.0,0.0,0.0,normal
4.229,tcp,http,SF,369,797,0,0,0,0,0,1,0,0,0,0,0,0,0,0,0,0,1,1,0.0,0.0,0.0,0.0,0.874,0.092,0.026,253,52,0.986,0.009,0.085,0.055,0.0,0.0,0.0,0.0,normal
1.751,tcp,http,SF,450,77,0,0,0,0,0,1,0,0,0,0,0,0,0,0,0,0,2,8,0.002,0.013,0.0,0.0,0.963,0.02,0.092,193,127,0.852,0.048,0.04,0.037,0.0,0.0,0.0,0.0,normal
1.332,tcp,http,SF,253,8266,0,0,0,0,0,1,0,0,0,0,0,0,0,0,0,0,9,3,0.002,0.001,0.0,0.0,0.911,0.097,0.057,24,48,0.89,0.074,0.041,0.073,0.0,0.0,0.0,0.0,normal
1.917,tcp,smtp,SF,866,861,0,0,0,0,0,1,0,0,0,0,0,0,0,0,0,0,2,3,0.0,0.003,0.0,0.0,0.934,0.046,0.091,175,33,0.942,0.146,0.137,0.052,0.0,0.0,0.0,0.0,normal
0.812,tcp,http,SF,463,13635,0,0,0,0,0,1,0,0,0,0,0,0,0,0,0,0,5,5,0.0,0.006,0.0,0.0,0.926,0.003,0.05,29,219,0.942,0.159,0.059,0.053,0.0,0.0,0.0,0.0,normal
0.247,tcp,http,SF,337,421,0,0,0,0,0,1,0,0,0,0,0,0,0,0,0,0,2,3,0.0,0.0,0.0,0.0,0.892,0.129,0.04,50,166,0.85,0.004,0.061,0.054,0.0,0.0,0.0,0.0,normal
1.831,tcp,http,SF,215,3483,0,0,0,1,0,1,0,0,0,0,0,0,0,0,0,0,8,4,0.0,0.003,0.0,0.0,0.928,0.018,0.088,174,52,0.82,0.041,0.121,0.011,0.0,0.0,0.0,0.0,normal
0.092,udp,dns,SF,89,140,0,0,0,0,0,0,0,0,0,0,0,0,0,0,0,0,2,3,0.0,0.11,0.0,0.0,0.9,0.023,0.022,148,223,0.921,0.035,0.083,0.026,0.0,0.0,0.0,0.0,normal
8.088,tcp,http,SF,266,2901,0,0,0,0,0,1,0,0,0,0,0,0,0,0,0,0,1,6,0.0,0.0,0.0,0.0,0.872,0.028,0.053,13,217,0.814,0.006,0.07,0.096,0.0,0.0,0.0,0.0,normal
1.909,tcp,http,SF,206,2751,0,0,0,0,0,1,0,0,0,0,0,0,0,0,0,0,11,1,0.0,0.0,0.0,0.0,0.984,0.023,0.091,254,63,0.999,0.121,0.013,0.007,0.0,0.0,0.0,0.0,normal
0.112,tcp,other,SF,325,145,0,0,0,0,0,0,0,0,0,0,0,0,0,0,0,0,7,1,0.0,0.001,0.0,0.0,0.973,0.0,0.062,118,239,0.958,0.171,0.06,0.082,0.0,0.0,0.0,0.0,normal
1.188,tcp,http,SF,1037,336,0,0,0,0,0,1,0,0,0,0,0,0,0,0,0,0,5,2,0.0,0.0,0.0,0.0,0.96,0.142,0.077,121,224,0.904,0.166,0.027,0.007,0.0,0.0,0.0,0.0,normal
1.802,tcp,http,SF,283,6548,0,0,0,0,0,1,0,0,0,0,0,0,0,0,0,0,5,4,0.001,0.0,0.0,0.0,0.875,0.109,0.02,187,229,0.805,0.104,0.048,0.023,0.0,0.0,0.0,0.0,normal
1.839,tcp,http,SF,135,11072,0,0,0,0,0,1,0,0,0,0,0,0,0,0,0,0,3,4,0.0,0.011,0.0,0.0,0.92,0.089,0.092,126,102,0.975,0.033,0.056,0.005,0.0,0.0,0.0,0.0,normal
1.363,tcp,http,SF,370,2458,0,0,0,0,0,1,0,0,0,0,0,0,0,0,0,0,1,1,0.0,0.0,0.0,0.0,0.871,0.036,0.003,245,85,0.98,0.166,0.056,0.058,0.0,0.0,0.0,0.0,normal
1.811,tcp,http,SF,563,2374,0,0,0,0,0,1,0,0,0,0,0,0,0,0,0,0,1,3,0.0,0.0,0.0,0.0,0.949,0.079,0.033,176,46,0.917,0.009,0.124,0.042,0.0,0.0,0.0,0.0,normal
1.149,tcp,http,SF,282,4283,0,0,0,0,0,1,0,0,0,0,0,0,0,0,0,0,2,4,0.0,0.0,0.0,0.0,0.945,0.119,0.024,107,221,0.856,0.155,0.017,0.029,0.0,0.0,0.0,0.0,normal
1.539,tcp,http,SF,299,1209,0,0,0,0,0,1,0,0,0,0,0,0,0,0,0,0,5,3,0.0,0.0,0.0,0.0,0.868,0.017,0.03,168,115,0.86,0.153,0.037,0.008,0.0,0.0,0.0,0.0,normal
0.839,tcp,http,SF,375,3401,0,0,0,0,0,1,0,0,0,0,0,0,0,0,0,0,6,3,0.002,0.0,0.0,0.0,0.903,0.041,0.098,60,71,0.945,0.057,0.011,0.068,0.0,0.0,0.0,0.0,normal
0.01,tcp,http,SF,539,1077,0,0,0,0,0,1,0,0,0,0,0,0,0,0,0,0,2,3,0.001,0.0,0.0,0.0,0.905,0.127,0.019,85,211,0.816,0.098,0.011,0.068,0.0,0.0,0.0,0.0,normal
0.039,udp,dns,SF,57,171,0,0,0,0,0,0,0,0,0,0,0,0,0,0,0,0,7,1,0.18,0.0,0.0,0.0,0.948,0.105,0.032,239,220,0.844,0.021,0.146,0.086,0.0,0.0,0.0,0.0,normal
1.167,tcp,http,SF,232,2301,0,0,0,0,0,1,0,0,0,0,0,0,0,0,0,0,3,5,0.001,0.0,0.0,0.0,0.891,0.097,0.005,219,93,0.938,0.035,0.033,0.02,0.0,0.0,0.0,0.0,normal
0.218,tcp,ssh,SF,2789,3055,0,0,0,0,0,1,0,0,0,0,0,0,0,0,0,0,7,2,0.001,0.0,0.0,0.0,0.972,0.051,0.087,179,77,0.832,0.061,0.005,0.028,0.0,0.0,0.0,0.0,normal
5.11,tcp,smtp,SF,825,448,0,0,0,0,0,1,0,0,0,0,0,0,0,0,0,0,3,5,0.029,0.005,0.0,0.0,0.91,0.072,0.052,227,200,0.996,0.089,0.051,0.037,0.0,0.0,0.0,0.0,normal
0.703,tcp,http,SF,444,157,0,0,0,0,0,1,0,0,0,0,0,0,0,0,0,0,3,4,0.001,0.0,0.0,0.0,0.9,0.121,0.026,24,158,0.882,0.063,0.137,0.034,0.0,0.0,0.0,0.0,normal
3.643,tcp,http,SF,232,3324,0,0,0,0,0,1,0,0,0,0,0,0,0,0,0,0,1,2,0.007,0.0,0.0,0.0,0.88,0.079,0.036,57,128,0.985,0.109,0.062,0.099,0.0,0.0,0.0,0.0,normal
0.013,udp,dns,SF,78,139,0,0,0,0,0,0,0,0,0,0,0,0,0,0,0,0,6,3,0.0,0.0,0.0,0.0,1.0,0.137,0.059,107,246,0.974,0.064,0.112,0.014,0.0,0.0,0.0,0.0,normal
2.999,tcp,http,SF,401,169,0,0,0,0,0,1,0,0,0,0,0,0,0,0,0,0,3,4,0.0,0.0,0.0,0.0,0.928,0.102,0.051,104,240,0.886,0.003,0.035,0.05,0.0,0.0,0.0,0.0,normal
2.218,tcp,http,SF,278,4084,0,0,0,0,0,1,0,0,0,0,0,0,0,0,0,0,4,5,0.006,0.0,0.0,0.0,0.914,0.041,0.043,76,106,0.86,0.028,0.098,0.014,0.0,0.0,0.0,0.0,normal
35.133,tcp,ssh,SF,4988,2080,0,0,0,0,0,1,0,0,0,0,0,0,0,0,0,0,1,3,0.0,0.012,0.0,0.0,0.886,0.066,0.064,95,116,0.849,0.139,0.088,0.052,0.0,0.0,0.0,0.0,normal
0.536,tcp,http,SF,233,5412,0,0,0,0,0,1,0,0,0,0,0,0,0,0,0,0,4,4,0.0,0.0,0.0,0.0,0.969,0.075,0.029,228,54,0.976,0.142,0.086,0.088,0.0,0.0,0.0,0.0,normal
0.121,tcp,http,SF,404,679,0,0,0,0,0,1,0,0,0,0,0,0,0,0,0,0,8,2,0.0,0.0,0.0,0.0,0.888,0.095,0.015,201,99,0.945,0.126,0.028,0.086,0.0,0.0,0.0,0.0,normal
0.002,udp,dns,SF,55,207,0,0,0,0,0,0,0,0,0,0,0,0,0,0,0,0,7,3,0.0,0.0,0.0,0.0,0.851,0.056,0.032,152,17,0.924,0.125,0.011,0.032,0.0,0.0,0.0,0.0,normal
4.216,tcp,smtp,SF,469,1113,0,0,0,0,0,1,0,0,0,0,0,0,0,0,0,0,5,1,0.0,0.0,0.0,0.0,0.903,0.089,0.022,234,51,0.894,0.071,0.092,0.022,0.0,0.0,0.0,0.0,normal
6.408,tcp,http,SF,363,2947,0,0,0,0,0,1,0,0,0,0,0,0,0,0,0,0,5,3,0.0,0.0,0.0,0.0,0.944,0.095,0.061,203,116,0.864,0.118,0.004,0.001,0.0,0.0,0.0,0.0,normal
6.516,tcp,http,SF,393,3554,0,0,0,0,0,1,0,0,0,0,0,0,0,0,0,0,5,1,0.0,0.01,0.0,0.0,0.913,0.084,0.012,142,210,0.855,0.11,0.082,0.06,0.0,0.0,0.0,0.0,normal
0.209,tcp,http,SF,236,602,0,0,0,0,0,1,0,0,0,0,0,0,0,0,0,0,4,2,0.0,0.0,0.0,0.0,0.958,0.026,0.058,116,112,0.81,0.187,0.062,0.078,0.0,0.0,0.0,0.0,normal
0.592,tcp,http,SF,224,2243,0,0,0,0,0,1,0,0,0,0,0,0,0,0,0,0,8,2,0.001,0.0,0.0,0.0,0.942,0.113,0.094,30,38,0.985,0.12,0.115,0.005,0.0,0.0,0.0,0.0,normal
1.026,tcp,http,SF,241,2284,0,0,0,0,0,1,0,0,0,0,0,0,0,0,0,0,2,4,0.0,0.0,0.0,0.0,0.976,0.093,0.056,147,88,0.986,0.066,0.125,0.09,0.0,0.0,0.0,0.0,normal
0.023,udp,dns,SF,63,133,0,0,0,0,0,0,0,0,0,0,0,0,0,0,0,0,2,1,0.0,0.0,0.0,0.0,0.905,0.112,0.012,226,91,0.943,0.125,0.126,0.005,0.0,0.0,0.0,0.0,normal
0.008,udp,dns,SF,82,114,0,0,0,0,0,0,0,0,0,0,0,0,0,0,0,0,4,1,0.0,0.003,0.0,0.0,0.996,0.066,0.034,193,194,0.909,0.051,0.026,0.017,0.0,0.0,0.0,0.0,normal
1.99,tcp,other,SF,157,208,0,0,0,0,0,0,0,0,0,0,0,0,0,0,0,0,2,4,0.0,0.0,0.0,0.0,0.865,0.072,0.044,239,43,0.801,0.039,0.035,0.08,0.0,0.0,0.0,0.0,normal
3.952,tcp,http,SF,408,893,0,0,0,0,0,1,0,0,0,0,0,0,0,0,0,0,2,2,0.0,0.002,0.0,0.0,0.973,0.072,0.006,105,73,0.961,0.15,0.131,0.06,0.0,0.0,0.0,0.0,normal
0.016,udp,dns,SF,60,156,0,0,0,0,0,0,0,0,0,0,0,0,0,0,0,0,4,8,0.005,0.006,0.0,0.0,0.907,0.03,0.011,53,202,0.911,0.061,0.091,0.033,0.0,0.0,0.0,0.0,normal
5.675,tcp,smtp,SF,1555,1513,0,0,0,0,0,1,0,0,0,0,0,0,0,0,0,0,4,4,0.001,0.0,0.0,0.0,0.909,0.006,0.092,18,109,0.866,0.017,0.095,0.086,0.0,0.0,0.0,0.0,normal
0.068,tcp,http,SF,305,182,0,0,0,0,0,1,0,0,0,0,0,0,0,0,0,0,6,5,0.0,0.0,0.0,0.0,0.95,0.031,0.091,111,194,0.932,0.13,0.136,0.093,0.0,0.0,0.0,0.0,normal
1.873,tcp,http,SF,273,1565,0,0,0,0,0,1,0,0,0,0,0,0,0,0,0,0,2,7,0.001,0.003,0.0,0.0,0.955,0.118,0.019,76,68,0.956,0.017,0.029,0.046,0.0,0.0,0.0,0.0,normal
3.322,tcp,http,SF,234,918,0,0,0,0,0,1,0,0,0,0,0,0,0,0,0,0,4,1,0.002,0.0,0.0,0.0,0.884,0.123,0.027,36,199,0.866,0.038,0.109,0.047,0.0,0.0,0.0,0.0,normal
0.123,tcp,http,SF,241,607,0,0,0,0,0,1,0,0,0,0,0,0,0,0,0,0,3,7,0.001,0.014,0.0,0.0,0.869,0.122,0.082,10,190,0.992,0.054,0.124,0.035,0.0,0.0,0.0,0.0,normal
6.09,tcp,http,SF,246,19,0,0,0,0,0,1,0,0,0,0,0,0,0,0,0,0,4,2,0.002,0.0,0.0,0.0,0.928,0.014,0.063,168,25,0.989,0.042,0.102,0.013,0.0,0.0,0.0,0.0,normal
1.584,tcp,http,SF,366,6288,0,0,0,1,0,1,0,0,0,0,0,0,0,0,0,0,1,5,0.0,0.0,0.0,0.0,0.995,0.046,0.002,145,72,0.834,0.101,0.017,0.063,0.0,0.0,0.0,0.0,normal
12.771,tcp,smtp,SF,1207,1084,0,0,0,0,0,1,0,0,0,0,0,0,0,0,0,0,4,1,0.0,0.0,0.0,0.0,0.987,0.046,0.02,42,243,0.962,0.069,0.126,0.052,0.0,0.0,0.0,0.0,normal
0.696,tcp,http,SF,207,22895,0,0,0,0,0,1,0,0,0,0,0,0,0,0,0,0,2,5,0.099,0.0,0.0,0.0,0.949,0.132,0.03,147,91,0.934,0.03,0.139,0.036,0.0,0.0,0.0,0.0,normal
0.337,tcp,smtp,SF,875,847,0,0,0,0,0,1,0,0,0,0,0,0,0,0,0,0,3,1,0.0,0.269,0.0,0.0,0.955,0.058,0.032,243,185,0.943,0.19,0.085,0.029,0.0,0.0,0.0,0.0,normal
4.945,tcp,smtp,SF,1167,1465,0,0,0,0,0,1,0,0,0,0,0,0,0,0,0,0,1,5,0.0,0.0,0.0,0.0,0.914,0.106,0.005,120,184,0.857,0.13,0.094,0.023,0.0,0.0,0.0,0.0,normal
0.988,tcp,http,SF,436,2606,0,0,0,0,0,1,0,0,0,0,0,0,0,0,0,0,4,3,0.0,0.0,0.0,0.0,0.957,0.007,0.056,51,105,0.959,0.157,0.056,0.062,0.0,0.0,0.0,0.0,normal
0.005,udp,dns,SF,46,118,0,0,0,0,0,0,0,0,0,0,0,0,0,0,0,0,4,3,0.0,0.0,0.0,0.0,0.889,0.134,0.066,179,213,0.923,0.174,0.054,0.055,0.0,0.0,0.0,0.0,normal
1.816,tcp,http,SF,376,1133,0,0,0,0,0,1,0,0,0,0,0,0,0,0,0,0,4,2,0.0,0.0,0.0,0.0,0.894,0.019,0.09,173,219,0.811,0.165,0.015,0.006,0.0,0.0,0.0,0.0,normal
2.313,tcp,http,SF,353,1847,0,0,0,0,0,1,0,0,0,0,0,0,0,0,0,0,4,3,0.005,0.01,0.0,0.0,0.986,0.045,0.028,155,227,0.936,0.179,0.023,0.095,0.0,0.0,0.0,0.0,normal
1.361,tcp,http,SF,412,9343,0,0,0,0,0,1,0,0,0,0,0,0,0,0,0,0,5,4,0.0,0.001,0.0,0.0,0.858,0.012,0.091,94,192,0.986,0.094,0.062,0.036,0.0,0.0,0.0,0.0,normal
0.169,udp,dns,SF,90,66,0,0,0,0,0,0,0,0,0,0,0,0,0,0,0,0,4,3,0.041,0.01,0.0,0.0,0.954,0.02,0.011,229,199,0.925,0.104,0.136,0.066,0.0,0.0,0.0,0.0,normal
3.55,tcp,http,SF,365,2215,0,0,0,0,0,1,0,0,0,0,0,0,0,0,0,0,5,2,0.002,0.0,0.0,0.0,0.954,0.127,0.072,38,52,0.873,0.032,0.103,0.025,0.0,0.0,0.0,0.0,normal
1.589,tcp,http,SF,300,2230,0,0,0,0,0,1,0,0,0,0,0,0,0,0,0,0,3,3,0.0,0.0,0.0,0.0,0.865,0.118,0.099,217,221,0.805,0.05,0.007,0.082,0.0,0.0,0.0,0.0,normal
0.122,tcp,http,SF,348,886,0,0,0,0,0,1,0,0,0,0,0,0,0,0,0,0,2,5,0.0,0.0,0.0,0.0,0.876,0.107,0.028,60,86,0.845,0.157,0.144,0.049,0.0,0.0,0.0,0.0,normal
0.149,tcp,smtp,SF,765,1358,0,0,0,0,0,1,0,0,0,0,0,0,0,0,0,0,5,3,0.0,0.011,0.0,0.0,0.944,0.044,0.013,186,245,0.821,0.106,0.041,0.026,0.0,0.0,0.0,0.0,normal
15.324,tcp,ssh,SF,2067,3674,0,0,0,0,0,1,0,0,0,0,0,0,0,0,0,0,2,3,0.014,0.0,0.0,0.0,0.886,0.059,0.066,246,214,0.939,0.119,0.022,0.082,0.0,0.0,0.0,0.0,normal
0.07,tcp,http,SF,313,141,0,0,0,0,0,1,0,0,0,0,0,0,0,0,0,0,4,1,0.0,0.002,0.0,0.0,0.925,0.047,0.069,64,68,0.955,0.057,0.093,0.08,0.0,0.0,0.0,0.0,normal
0.965,tcp,http,SF,248,6838,0,0,0,1,0,1,0,0,0,0,0,0,0,0,0,0,4,5,0.0,0.0,0.0,0.0,0.986,0.086,0.038,197,152,0.963,0.172,0.123,0.046,0.0,0.0,0.0,0.0,normal
0.397,tcp,http,SF,280,1075,0,0,0,0,0,1,0,0,0,0,0,0,0,0,0,0,7,2,0.0,0.153,0.0,0.0,0.976,0.131,0.015,187,38,0.985,0.035,0.055,0.046,0.0,0.0,0.0,0.0,normal
24.54,tcp,ssh,SF,2303,5620,0,0,0,0,0,1,0,0,0,0,0,0,0,0,0,0,4,1,0.008,0.0,0.0,0.0,0.977,0.034,0.003,99,19,0.827,0.114,0.121,0.089,0.0,0.0,0.0,0.0,normal
0.037,udp,dns,SF,71,129,0,0,0,0,0,0,0,0,0,0,0,0,0,0,0,0,4,2,0.0,0.001,0.0,0.0,0.879,0.005,0.057,171,30,0.819,0.16,0.074,0.024,0.0,0.0,0.0,0.0,normal
1.802,tcp,http,SF,443,185,0,0,0,0,0,1,0,0,0,0,0,0,0,0,0,0,4,2,0.0,0.0,0.0,0.0,0.905,0.09,0.008,136,103,0.852,0.19,0.062,0.076,0.0,0.0,0.0,0.0,normal
0.049,udp,dns,SF,63,198,0,0,0,0,0,0,0,0,0,0,0,0,0,0,0,0,2,1,0.0,0.0,0.0,0.0,0.89,0.049,0.025,76,244,0.838,0.037,0.067,0.019,0.0,0.0,0.0,0.0,normal
0.001,udp,dns,SF,92,147,0,0,0,0,0,0,0,0,0,0,0,0,0,0,0,0,8,1,0.0,0.004,0.0,0.0,0.984,0.098,0.06,190,122,0.869,0.14,0.147,0.042,0.0,0.0,0.0,0.0,normal
0.054,udp,dns,SF,56,176,0,0,0,1,0,0,0,0,0,0,0,0,0,0,0,0,4,4,0.006,0.014,0.0,0.0,0.857,0.062,0.079,158,46,0.892,0.198,0.076,0.05,0.0,0.0,0.0,0.0,normal
0.051,udp,dns,SF,74,120,0,0,0,0,0,0,0,0,0,0,0,0,0,0,0,0,2,1,0.005,0.0,0.0,0.0,0.915,0.067,0.022,77,148,0.829,0.102,0.017,0.049,0.0,0.0,0.0,0.0,normal
3.012,tcp,http,SF,677,2516,0,0,0,0,0,1,0,0,0,0,0,0,0,0,0,0,4,5,0.0,0.042,0.0,0.0,0.975,0.031,0.043,86,97,0.983,0.184,0.098,0.011,0.0,0.0,0.0,0.0,normal
2.942,tcp,http,SF,256,5134,0,0,0,0,0,1,0,0,0,0,0,0,0,0,0,0,2,3,0.0,0.0,0.0,0.0,0.948,0.112,0.006,105,198,0.854,0.078,0.013,0.084,0.0,0.0,0.0,0.0,normal
3.421,tcp,http,SF,327,4889,0,0,0,0,0,1,0,0,0,0,0,0,0,0,0,0,9,4,0.004,0.0,0.0,0.0,0.993,0.023,0.069,12,133,0.906,0.141,0.073,0.06,0.0,0.0,0.0,0.0,normal
0.434,tcp,http,SF,322,6122,0,0,0,0,0,1,0,0,0,0,0,0,0,0,0,0,5,5,0.0,0.025,0.0,0.0,0.893,0.096,0.095,112,188,0.899,0.138,0.116,0.092,0.0,0.0,0.0,0.0,normal
0.087,udp,dns,SF,77,162,0,0,0,0,0,0,0,0,0,0,0,0,0,0,0,0,5,3,0.0,0.117,0.0,0.0,0.894,0.131,0.029,211,123,0.941,0.174,0.099,0.075,0.0,0.0,0.0,0.0,normal
0.168,tcp,http,SF,333,4182,0,0,0,0,0,1,0,0,0,0,0,0,0,0,0,0,3,1,0.001,0.0,0.0,0.0,0.85,0.079,0.019,38,187,0.992,0.042,0.097,0.021,0.0,0.0,0.0,0.0,normal
0.041,tcp,http,SF,300,1686,0,0,0,0,0,1,0,0,0,0,0,0,0,0,0,0,3,6,0.0,0.0,0.0,0.0,0.987,0.09,0.039,39,134,0.863,0.171,0.086,0.049,0.0,0.0,0.0,0.0,normal
2.18,tcp,http,SF,812,5117,0,0,0,0,0,1,0,0,0,0,0,0,0,0,0,0,5,2,0.004,0.0,0.0,0.0,0.957,0.04,0.056,109,219,0.85,0.147,0.143,0.087,0.0,0.0,0.0,0.0,normal
1.196,tcp,http,SF,514,1196,0,0,0,0,0,1,0,0,0,0,0,0,0,0,0,0,5,6,0.002,0.0,0.0,0.0,0.938,0.137,0.033,74,151,0.975,0.155,0.006,0.094,0.0,0.0,0.0,0.0,normal
4.434,tcp,ssh,SF,1834,5623,0,0,0,0,0,1,0,0,0,0,0,0,0,0,0,0,3,3,0.0,0.0,0.0,0.0,0.927,0.013,0.027,113,253,0.941,0.01,0.067,0.017,0.0,0.0,0.0,0.0,normal
0.125,tcp,http,SF,282,2253,0,0,0,0,0,1,0,0,0,0,0,0,0,0,0,0,6,4,0.0,0.029,0.0,0.0,0.868,0.142,0.044,238,179,0.915,0.1,0.092,0.09,0.0,0.0,0.0,0.0,normal
1.523,tcp,http,SF,283,1754,0,0,0,0,0,1,0,0,0,0,0,0,0,0,0,0,9,2,0.097,0.005,0.0,0.0,0.89,0.014,0.039,144,14,0.823,0.054,0.024,0.073,0.0,0.0,0.0,0.0,normal
0.225,tcp,http,SF,434,909,0,0,0,0,0,1,0,0,0,0,0,0,0,0,0,0,1,3,0.0,0.012,0.0,0.0,0.852,0.136,0.064,137,152,0.84,0.14,0.102,0.006,0.0,0.0,0.0,0.0,normal
11.046,tcp,smtp,SF,549,1488,0,0,0,0,0,1,0,0,0,0,0,0,0,0,0,0,4,3,0.0,0.0,0.0,0.0,0.929,0.078,0.038,42,156,0.992,0.158,0.064,0.033,0.0,0.0,0.0,0.0,normal
6.523,tcp,http,SF,344,4819,0,0,0,0,0,1,0,0,0,0,0,0,0,0,0,0,5,3,0.0,0.0,0.0,0.0,0.974,0.033,0.035,16,240,0.977,0.112,0.071,0.045,0.0,0.0,0.0,0.0,normal
0.036,tcp,http,SF,355,9411,0,0,0,0,0,1,0,0,0,0,0,0,0,0,0,0,2,5,0.0,0.001,0.0,0.0,0.897,0.095,0.063,103,215,0.948,0.168,0.094,0.045,0.0,0.0,0.0,0.0,normal
7.455,tcp,smtp,SF,766,972,0,0,0,0,0,1,0,0,0,0,0,0,0,0,0,0,2,5,0.0,0.0,0.0,0.0,0.865,0.092,0.053,199,121,0.938,0.003,0.041,0.078,0.0,0.0,0.0,0.0,normal
2.583,tcp,http,SF,443,270,0,0,0,0,0,1,0,0,0,0,0,0,0,0,0,0,3,6,0.011,0.0,0.0,0.0,0.909,0.082,0.035,132,187,0.876,0.077,0.093,0.006,0.0,0.0,0.0,0.0,normal
65.68,tcp,ssh,SF,2465,5487,0,0,0,0,0,1,0,0,0,0,0,0,0,0,0,0,7,3,0.0,0.028,0.0,0.0,0.914,0.118,0.017,165,80,0.868,0.021,0.075,0.019,0.0,0.0,0.0,0.0,normal
2.299,tcp,http,SF,235,2007,0,0,0,0,0,1,0,0,0,0,0,0,0,0,0,0,3,2,0.013,0.001,0.0,0.0,0.874,0.008,0.064,95,250,0.979,0.14,0.149,0.072,0.0,0.0,0.0,0.0,normal
0.864,tcp,http,SF,263,166,0,0,0,0,0,1,0,0,0,0,0,0,0,0,0,0,6,1,0.0,0.0,0.0,0.0,0.929,0.053,0.052,180,20,0.93,0.113,0.102,0.057,0.0,0.0,0.0,0.0,normal
0.804,tcp,http,SF,581,1115,0,0,0,0,0,1,0,0,0,0,0,0,0,0,0,0,1,2,0.002,0.076,0.0,0.0,0.944,0.093,0.032,249,25,0.842,0.031,0.019,0.093,0.0,0.0,0.0,0.0,normal
0.14,tcp,http,SF,627,3114,0,0,0,0,0,1,0,0,0,0,0,0,0,0,0,0,8,7,0.0,0.0,0.0,0.0,0.889,0.137,0.031,22,248,0.848,0.145,0.086,0.07,0.0,0.0,0.0,0.0,normal
0.027,udp,dns,SF,87,127,0,0,0,0,0,0,0,0,0,0,0,0,0,0,0,0,2,4,0.005,0.0,0.0,0.0,0.958,0.072,0.029,247,144,0.873,0.182,0.054,0.018,0.0,0.0,0.0,0.0,normal
3.367,tcp,http,SF,289,318,0,0,0,0,0,1,0,0,0,0,0,0,0,0,0,0,5,3,0.012,0.0,0.0,0.0,0.94,0.008,0.001,149,24,0.826,0.052,0.136,0.052,0.0,0.0,0.0,0.0,normal
4.185,tcp,http,SF,750,700,0,0,0,0,0,1,0,0,0,0,0,0,0,0,0,0,9,1,0.0,0.003,0.0,0.0,0.854,0.004,0.055,135,251,0.996,0.067,0.072,0.01,0.0,0.0,0.0,0.0,normal
1.58,tcp,http,SF,639,2219,0,0,0,0,0,1,0,0,0,0,0,0,0,0,0,0,1,1,0.0,0.005,0.0,0.0,0.88,0.013,0.023,34,245,0.992,0.076,0.049,0.051,0.0,0.0,0.0,0.0,normal
0.031,udp,dns,SF,49,171,0,0,0,0,0,0,0,0,0,0,0,0,0,0,0,0,3,2,0.0,0.0,0.0,0.0,0.914,0.106,0.067,201,63,0.861,0.106,0.119,0.046,0.0,0.0,0.0,0.0,normal
0.374,tcp,http,SF,227,749,0,0,0,0,0,1,0,0,0,0,0,0,0,0,0,0,7,2,0.0,0.0,0.0,0.0,0.852,0.051,0.026,213,150,0.812,0.054,0.007,0.064,0.0,0.0,0.0,0.0,normal
7.362,tcp,http,SF,439,1409,0,0,0,0,0,1,0,0,0,0,0,0,0,0,0,0,7,2,0.063,0.0,0.0,0.0,0.918,0.1,0.013,251,113,0.862,0.135,0.02,0.023,0.0,0.0,0.0,0.0,normal
1.78,tcp,http,SF,305,1560,0,0,0,0,0,1,0,0,0,0,0,0,0,0,0,0,4,8,0.026,0.0,0.0,0.0,0.99,0.063,0.072,171,58,0.907,0.004,0.076,0.055,0.0,0.0,0.0,0.0,normal
0.039,udp,dns,SF,60,105,0,0,0,0,0,0,0,0,0,0,0,0,0,0,0,0,4,3,0.0,0.002,0.0,0.0,0.924,0.119,0.096,160,42,0.977,0.141,0.104,0.037,0.0,0.0,0.0,0.0,normal
1.073,tcp,http,SF,335,1412,0,0,0,0,0,1,0,0,0,0,0,0,0,0,0,0,1,6,0.002,0.0,0.0,0.0,0.949,0.016,0.003,68,88,0.838,0.198,0.045,0.022,0.0,0.0,0.0,0.0,normal
22.192,tcp,ssh,SF,1422,8494,0,0,0,0,0,1,0,0,0,0,0,0,0,0,0,0,5,5,0.01,0.017,0.0,0.0,0.917,0.136,0.071,96,22,0.977,0.165,0.082,0.002,0.0,0.0,0.0,0.0,normal
78.415,tcp,ssh,SF,2044,5079,0,0,0,0,0,1,0,0,0,0,0,0,0,0,0,0,4,4,0.001,0.0,0.0,0.0,0.97,0.018,0.057,222,55,0.874,0.053,0.124,0.014,0.0,0.0,0.0,0.0,normal
3.711,tcp,http,SF,221,8876,0,0,0,0,0,1,0,0,0,0,0,0,0,0,0,0,7,2,0.0,0.001,0.0,0.0,0.996,0.069,0.033,59,21,0.807,0.079,0.14,0.073,0.0,0.0,0.0,0.0,normal
0.03,udp,dns,SF,80,157,0,0,0,0,0,0,0,0,0,0,0,0,0,0,0,0,5,3,0.032,0.0,0.0,0.0,0.922,0.04,0.013,29,19,0.832,0.191,0.086,0.049,0.0,0.0,0.0,0.0,normal
3.332,tcp,http,SF,410,1340,0,0,0,0,0,1,0,0,0,0,0,0,0,0,0,0,6,4,0.012,0.0,0.0,0.0,0.903,0.053,0.038,164,241,0.813,0.024,0.118,0.055,0.0,0.0,0.0,0.0,normal
0.28,tcp,http,SF,297,1132,0,0,0,0,0,1,0,0,0,0,0,0,0,0,0,0,1,4,0.0,0.0,0.0,0.0,0.936,0.088,0.021,208,197,0.947,0.019,0.089,0.066,0.0,0.0,0.0,0.0,normal
0.718,tcp,http,SF,591,1484,0,0,0,0,0,1,0,0,0,0,0,0,0,0,0,0,1,2,0.009,0.001,0.0,0.0,0.957,0.02,0.001,114,116,0.818,0.072,0.034,0.092,0.0,0.0,0.0,0.0,normal
0.78,tcp,http,SF,499,1002,0,0,0,0,0,1,0,0,0,0,0,0,0,0,0,0,3,3,0.0,0.002,0.0,0.0,0.922,0.086,0.004,154,232,0.991,0.001,0.032,0.018,0.0,0.0,0.0,0.0,normal
3.713,tcp,http,SF,566,468,0,0,0,0,0,1,0,0,0,0,0,0,0,0,0,0,4,4,0.0,0.0,0.0,0.0,0.992,0.15,0.076,31,36,0.98,0.149,0.05,0.05,0.0,0.0,0.0,0.0,normal
2.227,tcp,http,SF,278,4018,0,0,0,0,0,1,0,0,0,0,0,0,0,0,0,0,6,3,0.003,0.002,0.0,0.0,0.903,0.069,0.017,81,56,0.846,0.156,0.116,0.038,0.0,0.0,0.0,0.0,normal
0.639,tcp,http,SF,172,594,0,0,0,0,0,1,0,0,0,0,0,0,0,0,0,0,1,4,0.074,0.0,0.0,0.0,0.867,0.001,0.088,149,174,0.86,0.044,0.102,0.092,0.0,0.0,0.0,0.0,normal
0.231,tcp,http,SF,203,4107,0,0,0,0,0,1,0,0,0,0,0,0,0,0,0,0,3,2,0.001,0.11,0.0,0.0,0.997,0.135,0.003,185,14,0.873,0.052,0.127,0.016,0.0,0.0,0.0,0.0,normal
2.014,tcp,http,SF,252,250,0,0,0,0,0,1,0,0,0,0,0,0,0,0,0,0,9,6,0.032,0.0,0.0,0.0,0.95,0.062,0.04,224,208,0.859,0.137,0.109,0.084,0.0,0.0,0.0,0.0,normal
3.029,tcp,http,SF,153,397,0,0,0,0,0,1,0,0,0,0,0,0,0,0,0,0,4,5,0.0,0.0,0.0,0.0,0.956,0.104,0.025,124,25,0.877,0.063,0.105,0.082,0.0,0.0,0.0,0.0,normal
0.384,tcp,http,SF,385,322,0,0,0,0,0,1,0,0,0,0,0,0,0,0,0,0,5,4,0.008,0.041,0.0,0.0,0.89,0.145,0.091,137,248,0.999,0.134,0.068,0.085,0.0,0.0,0.0,0.0,normal
0.085,tcp,http,SF,275,8595,0,0,0,0,0,1,0,0,0,0,0,0,0,0,0,0,2,2,0.0,0.0,0.0,0.0,0.933,0.096,0.043,198,134,0.836,0.093,0.056,0.067,0.0,0.0,0.0,0.0,normal
0.754,tcp,other,SF,240,164,0,0,0,0,0,0,0,0,0,0,0,0,0,0,0,0,1,4,0.0,0.0,0.0,0.0,0.916,0.05,0.024,27,211,0.879,0.148,0.066,0.009,0.0,0.0,0.0,0.0,normal
0.04,udp,dns,SF,66,167,0,0,0,0,0,0,0,0,0,0,0,0,0,0,0,0,8,4,0.0,0.065,0.0,0.0,0.851,0.109,0.038,74,249,0.938,0.01,0.014,0.009,0.0,0.0,0.0,0.0,normal
2.532,tcp,http,SF,424,1341,0,0,0,0,0,1,0,0,0,0,0,0,0,0,0,0,5,4,0.0,0.0,0.0,0.0,0.886,0.131,0.038,33,76,0.839,0.161,0.053,0.048,0.0,0.0,0.0,0.0,normal
15.276,tcp,ssh,SF,3222,3699,0,0,0,0,0,1,0,0,0,0,0,0,0,0,0,0,2,4,0.0,0.001,0.0,0.0,0.998,0.031,0.079,117,45,0.961,0.037,0.145,0.069,0.0,0.0,0.0,0.0,normal
0.306,tcp,http,SF,507,13686,0,0,0,0,0,1,0,0,0,0,0,0,0,0,0,0,5,1,0.0,0.0,0.0,0.0,0.937,0.073,0.026,204,204,0.839,0.048,0.126,0.074,0.0,0.0,0.0,0.0,normal
0.622,tcp,smtp,SF,664,1210,0,0,0,0,0,1,0,0,0,0,0,0,0,0,0,0,2,3,0.0,0.0,0.0,0.0,0.992,0.041,0.003,35,90,0.942,0.012,0.054,0.03,0.0,0.0,0.0,0.0,normal
0.492,tcp,http,SF,277,4731,0,0,0,0,0,1,0,0,0,0,0,0,0,0,0,0,2,3,0.099,0.081,0.0,0.0,0.943,0.124,0.051,48,98,0.997,0.028,0.062,0.087,0.0,0.0,0.0,0.0,normal
8.56,tcp,smtp,SF,1293,1119,0,0,0,0,0,1,0,0,0,0,0,0,0,0,0,0,7,2,0.002,0.0,0.0,0.0,0.884,0.032,0.062,248,51,0.873,0.138,0.077,0.06,0.0,0.0,0.0,0.0,normal
0.031,udp,dns,SF,69,129,0,0,0,0,0,0,0,0,0,0,0,0,0,0,0,0,5,3,0.061,0.002,0.0,0.0,0.977,0.013,0.004,104,166,0.83,0.105,0.002,0.078,0.0,0.0,0.0,0.0,normal
4.058,tcp,http,SF,223,11970,0,0,0,0,0,1,0,0,0,0,0,0,0,0,0,0,9,3,0.0,0.065,0.0,0.0,0.854,0.116,0.07,110,143,0.963,0.168,0.088,0.097,0.0,0.0,0.0,0.0,normal
3.32,tcp,http,SF,388,489,0,0,0,0,0,1,0,0,0,0,0,0,0,0,0,0,5,3,0.0,0.0,0.0,0.0,0.898,0.0,0.087,200,115,0.898,0.017,0.126,0.017,0.0,0.0,0.0,0.0,normal
2.462,tcp,http,SF,195,264,0,0,0,0,0,1,0,0,0,0,0,0,0,0,0,0,6,6,0.037,0.007,0.0,0.0,0.912,0.019,0.098,16,113,0.907,0.045,0.067,0.098,0.0,0.0,0.0,0.0,normal
2.737,tcp,http,SF,337,1607,0,0,0,0,0,1,0,0,0,0,0,0,0,0,0,0,3,4,0.0,0.0,0.0,0.0,0.929,0.068,0.093,203,58,0.836,0.15,0.109,0.07,0.0,0.0,0.0,0.0,normal
0.001,udp,dns,SF,62,88,0,0,0,0,0,0,0,0,0,0,0,0,0,0,0,0,5,5,0.0,0.0,0.0,0.0,0.916,0.097,0.09,14,206,0.965,0.052,0.063,0.055,0.0,0.0,0.0,0.0,normal
0.17,tcp,smtp,SF,762,755,0,0,0,0,0,1,0,0,0,0,0,0,0,0,0,0,3,2,0.016,0.0,0.0,0.0,0.886,0.052,0.039,149,145,0.847,0.044,0.057,0.067,0.0,0.0,0.0,0.0,normal
0.836,tcp,http,SF,415,2474,0,0,0,0,0,1,0,0,0,0,0,0,0,0,0,0,4,5,0.007,0.045,0.0,0.0,0.97,0.1,0.085,21,37,0.985,0.181,0.078,0.062,0.0,0.0,0.0,0.0,normal
0.551,tcp,http,SF,505,439,0,0,0,0,0,1,0,0,0,0,0,0,0,0,0,0,4,4,0.091,0.0,0.0,0.0,0.972,0.047,0.078,92,90,0.984,0.054,0.021,0.07,0.0,0.0,0.0,0.0,normal
9.908,tcp,ssh,SF,2944,4226,0,0,0,0,0,1,0,0,0,0,0,0,0,0,0,0,4,4,0.061,0.0,0.0,0.0,0.909,0.021,0.073,158,214,0.938,0.04,0.115,0.025,0.0,0.0,0.0,0.0,normal
1.918,tcp,http,SF,236,3813,0,0,0,0,0,1,0,0,0,0,0,0,0,0,0,0,8,3,0.0,0.0,0.0,0.0,0.926,0.016,0.017,45,108,0.983,0.07,0.037,0.074,0.0,0.0,0.0,0.0,normal
0.084,udp,dns,SF,75,143,0,0,0,0,0,0,0,0,0,0,0,0,0,0,0,0,3,3,0.0,0.002,0.0,0.0,0.897,0.005,0.031,251,60,0.909,0.184,0.131,0.031,0.0,0.0,0.0,0.0,normal
1.996,tcp,smtp,SF,858,1611,0,0,0,0,0,1,0,0,0,0,0,0,0,0,0,0,7,2,0.0,0.0,0.0,0.0,0.951,0.053,0.083,61,135,0.925,0.028,0.003,0.005,0.0,0.0,0.0,0.0,normal
3.448,tcp,http,SF,310,4208,0,0,0,0,0,1,0,0,0,0,0,0,0,0,0,0,5,3,0.0,0.0,0.0,0.0,0.881,0.061,0.064,142,151,0.945,0.167,0.061,0.042,0.0,0.0,0.0,0.0,normal
3.234,tcp,http,SF,358,315,0,0,0,0,0,1,0,0,0,0,0,0,0,0,0,0,4,5,0.0,0.009,0.0,0.0,0.975,0.14,0.083,82,56,0.943,0.176,0.102,0.069,0.0,0.0,0.0,0.0,normal
8.7,tcp,http,SF,313,428,0,0,0,0,0,1,0,0,0,0,0,0,0,0,0,0,5,6,0.093,0.028,0.0,0.0,0.913,0.12,0.094,55,52,0.953,0.062,0.048,0.041,0.0,0.0,0.0,0.0,normal
20.792,tcp,ssh,SF,2610,3535,0,0,0,0,0,1,0,0,0,0,0,0,0,0,0,0,3,2,0.0,0.0,0.0,0.0,0.977,0.098,0.05,15,105,0.901,0.104,0.054,0.045,0.0,0.0,0.0,0.0,normal
6.061,tcp,http,SF,417,182,0,0,0,0,0,1,0,0,0,0,0,0,0,0,0,0,5,5,0.0,0.055,0.0,0.0,0.929,0.024,0.091,22,146,0.801,0.004,0.117,0.016,0.0,0.0,0.0,0.0,normal
0.408,tcp,http,SF,267,534,0,0,0,0,0,1,0,0,0,0,0,0,0,0,0,0,5,4,0.001,0.11,0.0,0.0,0.973,0.104,0.075,188,74,0.928,0.008,0.03,0.093,0.0,0.0,0.0,0.0,normal
0.153,udp,dns,SF,106,255,0,0,0,0,0,0,0,0,0,0,0,0,0,0,0,0,2,1,0.0,0.01,0.0,0.0,0.941,0.097,0.08,149,183,0.958,0.029,0.102,0.074,0.0,0.0,0.0,0.0,normal
3.032,tcp,http,SF,143,2205,0,0,0,0,0,1,0,0,0,0,0,0,0,0,0,0,4,8,0.0,0.0,0.0,0.0,0.904,0.021,0.044,155,129,0.927,0.105,0.007,0.087,0.0,0.0,0.0,0.0,normal
0.887,tcp,http,SF,525,4219,0,0,0,0,0,1,0,0,0,0,0,0,0,0,0,0,4,4,0.004,0.008,0.0,0.0,0.945,0.086,0.069,214,53,0.945,0.187,0.09,0.02,0.0,0.0,0.0,0.0,normal
24.271,tcp,ssh,SF,3419,4504,0,0,0,0,0,1,0,0,0,0,0,0,0,0,0,0,5,2,0.0,0.0,0.0,0.0,0.898,0.057,0.068,41,70,0.892,0.129,0.048,0.095,0.0,0.0,0.0,0.0,normal
0.056,udp,dns,SF,75,97,0,0,0,0,0,0,0,0,0,0,0,0,0,0,0,0,4,3,0.001,0.0,0.0,0.0,0.967,0.101,0.078,174,179,0.827,0.122,0.117,0.087,0.0,0.0,0.0,0.0,normal
0.705,tcp,http,SF,333,1787,0,0,0,0,0,1,0,0,0,0,0,0,0,0,0,0,2,1,0.0,0.0,0.0,0.0,0.932,0.032,0.034,93,127,0.884,0.026,0.006,0.004,0.0,0.0,0.0,0.0,normal
1.068,tcp,http,SF,222,97,0,0,0,0,0,1,0,0,0,0,0,0,0,0,0,0,1,1,0.0,0.023,0.0,0.0,0.926,0.139,0.099,175,98,0.825,0.073,0.034,0.053,0.0,0.0,0.0,0.0,normal
1.181,tcp,http,SF,785,13192,0,0,0,0,0,1,0,0,0,0,0,0,0,0,0,0,4,3,0.0,0.0,0.0,0.0,0.974,0.021,0.024,59,76,0.833,0.079,0.029,0.06,0.0,0.0,0.0,0.0,normal
0.842,tcp,http,SF,291,2966,0,0,0,0,0,1,0,0,0,0,0,0,0,0,0,0,4,4,0.0,0.0,0.0,0.0,0.888,0.109,0.023,67,160,0.932,0.066,0.123,0.089,0.0,0.0,0.0,0.0,normal
1.881,tcp,http,SF,407,9729,0,0,0,0,0,1,0,0,0,0,0,0,0,0,0,0,4,1,0.0,0.0,0.0,0.0,0.973,0.149,0.059,11,245,0.99,0.063,0.13,0.079,0.0,0.0,0.0,0.0,normal
1.407,tcp,http,SF,290,413,0,0,0,0,0,1,0,0,0,0,0,0,0,0,0,0,8,2,0.0,0.0,0.0,0.0,0.872,0.09,0.078,14,156,0.962,0.118,0.12,0.098,0.0,0.0,0.0,0.0,normal
0.743,tcp,http,SF,294,2123,0,0,0,0,0,1,0,0,0,0,0,0,0,0,0,0,5,3,0.0,0.0,0.0,0.0,0.852,0.116,0.002,208,84,0.976,0.138,0.026,0.049,0.0,0.0,0.0,0.0,normal
140.99,tcp,ssh,SF,3531,3849,0,0,0,0,0,1,0,0,0,0,0,0,0,0,0,0,2,2,0.009,0.0,0.0,0.0,0.898,0.026,0.019,112,230,0.957,0.069,0.142,0.024,0.0,0.0,0.0,0.0,normal
17.619,tcp,ssh,SF,3614,2682,0,0,0,0,0,1,0,0,0,0,0,0,0,0,0,0,5,4,0.0,0.148,0.0,0.0,0.892,0.021,0.096,163,208,0.992,0.044,0.003,0.044,0.0,0.0,0.0,0.0,normal
5.597,tcp,http,SF,327,654,0,0,0,0,0,1,0,0,0,0,0,0,0,0,0,0,4,1,0.0,0.0,0.0,0.0,0.943,0.037,0.038,76,183,0.911,0.074,0.025,0.051,0.0,0.0,0.0,0.0,normal
0.785,tcp,http,SF,292,1696,0,0,0,0,0,1,0,0,0,0,0,0,0,0,0,0,2,1,0.0,0.001,0.0,0.0,0.962,0.042,0.098,27,17,0.877,0.176,0.027,0.014,0.0,0.0,0.0,0.0,normal
0.048,udp,dns,SF,60,156,0,0,0,0,0,0,0,0,0,0,0,0,0,0,0,0,6,1,0.002,0.0,0.0,0.0,0.895,0.146,0.084,64,169,0.878,0.142,0.122,0.03,0.0,0.0,0.0,0.0,normal
0.041,udp,dns,SF,95,123,0,0,0,0,0,0,0,0,0,0,0,0,0,0,0,0,2,5,0.064,0.0,0.0,0.0,0.896,0.01,0.026,31,110,0.998,0.079,0.013,0.058,0.0,0.0,0.0,0.0,normal
2.739,tcp,http,SF,437,1337,0,0,0,0,0,1,0,0,0,0,0,0,0,0,0,0,3,5,0.0,0.0,0.0,0.0,0.961,0.019,0.082,116,178,0.806,0.067,0.07,0.036,0.0,0.0,0.0,0.0,normal
0.2,tcp,http,SF,400,52,0,0,0,0,0,1,0,0,0,0,0,0,0,0,0,0,5,1,0.0,0.0,0.0,0.0,0.922,0.107,0.073,240,188,0.84,0.09,0.122,0.038,0.0,0.0,0.0,0.0,normal
5.365,tcp,smtp,SF,1499,736,0,0,0,0,0,1,0,0,0,0,0,0,0,0,0,0,5,6,0.001,0.004,0.0,0.0,0.954,0.074,0.063,193,87,0.829,0.087,0.142,0.023,0.0,0.0,0.0,0.0,normal
65.723,tcp,ssh,SF,2248,6361,0,0,0,0,0,1,0,0,0,0,0,0,0,0,0,0,3,5,0.0,0.038,0.0,0.0,0.91,0.092,0.012,232,49,0.861,0.034,0.102,0.002,0.0,0.0,0.0,0.0,normal
0.009,udp,dns,SF,63,91,0,0,0,0,0,0,0,0,0,0,0,0,0,0,0,0,2,1,0.0,0.005,0.0,0.0,0.92,0.044,0.052,165,73,0.897,0.029,0.085,0.025,0.0,0.0,0.0,0.0,normal
14.651,tcp,ssh,SF,1242,2983,0,0,0,0,0,1,0,0,0,0,0,0,0,0,0,0,2,4,0.063,0.0,0.0,0.0,0.968,0.024,0.098,226,90,0.867,0.137,0.007,0.083,0.0,0.0,0.0,0.0,normal
7.128,tcp,http,SF,338,322,0,0,0,0,0,1,0,0,0,0,0,0,0,0,0,0,4,5,0.0,0.0,0.0,0.0,0.901,0.106,0.078,88,212,0.842,0.108,0.135,0.039,0.0,0.0,0.0,0.0,normal
1.688,tcp,http,SF,1099,1063,0,0,0,0,0,1,0,0,0,0,0,0,0,0,0,0,7,4,0.016,0.093,0.0,0.0,0.923,0.015,0.087,27,147,0.881,0.016,0.061,0.087,0.0,0.0,0.0,0.0,normal
0.138,udp,dns,SF,55,129,0,0,0,0,0,0,0,0,0,0,0,0,0,0,0,0,3,3,0.0,0.0,0.0,0.0,0.888,0.086,0.017,63,240,0.977,0.067,0.116,0.01,0.0,0.0,0.0,0.0,normal
6.523,tcp,http,SF,351,684,0,0,0,0,0,1,0,0,0,0,0,0,0,0,0,0,3,1,0.001,0.002,0.0,0.0,0.937,0.047,0.005,217,11,0.967,0.04,0.095,0.058,0.0,0.0,0.0,0.0,normal
1.286,tcp,http,SF,412,5941,0,0,0,0,0,1,0,0,0,0,0,0,0,0,0,0,7,1,0.0,0.01,0.0,0.0,0.965,0.116,0.089,249,30,0.939,0.194,0.086,0.022,0.0,0.0,0.0,0.0,normal
0.84,tcp,http,SF,389,6639,0,0,0,0,0,1,0,0,0,0,0,0,0,0,0,0,7,4,0.001,0.002,0.0,0.0,0.92,0.106,0.061,195,130,0.825,0.14,0.097,0.034,0.0,0.0,0.0,0.0,normal
41.981,tcp,ssh,SF,4871,2931,0,0,0,0,0,1,0,0,0,0,0,0,0,0,0,0,4,4,0.0,0.0,0.0,0.0,0.933,0.042,0.075,76,136,0.836,0.113,0.142,0.071,0.0,0.0,0.0,0.0,normal
0.038,udp,dns,SF,50,124,0,0,0,0,0,0,0,0,0,0,0,0,0,0,0,0,4,3,0.0,0.0,0.0,0.0,0.88,0.093,0.056,155,65,0.934,0.019,0.003,0.008,0.0,0.0,0.0,0.0,normal
1.774,tcp,http,SF,256,2126,0,0,0,0,0,1,0,0,0,0,0,0,0,0,0,0,7,8,0.0,0.0,0.0,0.0,0.881,0.087,0.063,121,149,0.837,0.145,0.011,0.059,0.0,0.0,0.0,0.0,normal
0.021,udp,dns,SF,64,185,0,0,0,0,0,0,0,0,0,0,0,0,0,0,0,0,4,2,0.0,0.0,0.0,0.0,0.946,0.144,0.049,29,234,0.871,0.171,0.035,0.071,0.0,0.0,0.0,0.0,normal
0.016,udp,dns,SF,104,219,0,0,0,0,0,0,0,0,0,0,0,0,0,0,0,0,6,3,0.0,0.0,0.0,0.0,0.859,0.094,0.065,253,146,0.849,0.162,0.011,0.063,0.0,0.0,0.0,0.0,normal
0.945,tcp,http,SF,283,955,0,0,0,0,0,1,0,0,0,0,0,0,0,0,0,0,2,2,0.003,0.01,0.0,0.0,0.966,0.021,0.072,121,33,0.983,0.127,0.074,0.048,0.0,0.0,0.0,0.0,normal
0.952,tcp,http,SF,447,6954,0,0,0,0,0,1,0,0,0,0,0,0,0,0,0,0,4,7,0.0,0.0,0.0,0.0,0.96,0.142,0.074,193,202,0.94,0.045,0.054,0.095,0.0,0.0,0.0,0.0,normal
0.012,udp,dns,SF,56,92,0,0,0,0,0,0,0,0,0,0,0,0,0,0,0,0,2,5,0.03,0.0,0.0,0.0,0.874,0.101,0.086,117,210,0.885,0.01,0.14,0.04,0.0,0.0,0.0,0.0,normal
0.747,tcp,http,SF,356,3491,0,0,0,0,0,1,0,0,0,0,0,0,0,0,0,0,6,4,0.0,0.0,0.0,0.0,0.871,0.001,0.086,187,221,0.819,0.03,0.067,0.019,0.0,0.0,0.0,0.0,normal
7.268,tcp,http,SF,415,5051,0,0,0,0,0,1,0,0,0,0,0,0,0,0,0,0,3,1,0.172,0.005,0.0,0.0,0.972,0.061,0.086,116,205,0.8,0.098,0.04,0.009,0.0,0.0,0.0,0.0,normal
0.321,tcp,http,SF,302,8653,0,0,0,1,0,1,0,0,0,0,0,0,0,0,0,0,5,5,0.0,0.001,0.0,0.0,0.936,0.097,0.08,19,204,0.933,0.179,0.126,0.013,0.0,0.0,0.0,0.0,normal
2.543,tcp,http,SF,354,2926,0,0,0,0,0,1,0,0,0,0,0,0,0,0,0,0,4,2,0.006,0.0,0.0,0.0,0.906,0.112,0.072,99,143,0.956,0.022,0.018,0.066,0.0,0.0,0.0,0.0,normal
55.285,tcp,ssh,SF,2988,3268,0,0,0,0,0,1,0,0,0,0,0,0,0,0,0,0,4,3,0.0,0.001,0.0,0.0,0.911,0.007,0.061,53,178,0.946,0.045,0.13,0.069,0.0,0.0,0.0,0.0,normal
0.872,tcp,http,SF,403,4556,0,0,0,0,0,1,0,0,0,0,0,0,0,0,0,0,2,2,0.0,0.071,0.0,0.0,0.857,0.136,0.05,216,121,0.903,0.159,0.034,0.071,0.0,0.0,0.0,0.0,normal
8.597,tcp,smtp,SF,1275,1136,0,0,0,0,0,1,0,0,0,0,0,0,0,0,0,0,5,4,0.0,0.0,0.0,0.0,0.949,0.092,0.052,50,132,0.831,0.1,0.009,0.093,0.0,0.0,0.0,0.0,normal
0.376,tcp,smtp,SF,933,1204,0,0,0,0,0,1,0,0,0,0,0,0,0,0,0,0,2,3,0.0,0.0,0.0,0.0,0.98,0.112,0.077,198,19,0.983,0.115,0.076,0.001,0.0,0.0,0.0,0.0,normal
1.376,tcp,http,SF,275,11048,0,0,0,0,0,1,0,0,0,0,0,0,0,0,0,0,5,5,0.001,0.0,0.0,0.0,0.984,0.031,0.053,145,155,0.808,0.019,0.146,0.066,0.0,0.0,0.0,0.0,normal
0.004,udp,dns,SF,79,137,0,0,0,0,0,0,0,0,0,0,0,0,0,0,0,0,4,3,0.028,0.0,0.0,0.0,0.945,0.082,0.0,151,253,0.963,0.097,0.102,0.048,0.0,0.0,0.0,0.0,normal
3.675,tcp,http,SF,312,795,0,0,0,0,0,1,0,0,0,0,0,0,0,0,0,0,4,1,0.0,0.003,0.0,0.0,0.946,0.017,0.071,95,215,0.821,0.025,0.042,0.001,0.0,0.0,0.0,0.0,normal
6.24,tcp,http,SF,425,2088,0,0,0,0,0,1,0,0,0,0,0,0,0,0,0,0,5,2,0.0,0.0,0.0,0.0,0.855,0.046,0.016,99,106,0.996,0.036,0.048,0.073,0.0,0.0,0.0,0.0,normal
4.73,tcp,http,SF,306,567,0,0,0,0,0,1,0,0,0,0,0,0,0,0,0,0,3,2,0.0,0.0,0.0,0.0,0.963,0.109,0.011,170,254,0.988,0.179,0.093,0.052,0.0,0.0,0.0,0.0,normal
0.096,udp,dns,SF,68,89,0,0,0,0,0,0,0,0,0,0,0,0,0,0,0,0,6,1,0.004,0.0,0.0,0.0,0.972,0.011,0.057,167,236,0.879,0.192,0.033,0.011,0.0,0.0,0.0,0.0,normal
5.305,tcp,http,SF,338,1128,0,0,0,0,0,1,0,0,0,0,0,0,0,0,0,0,3,4,0.097,0.028,0.0,0.0,0.866,0.022,0.063,38,222,0.932,0.007,0.146,0.014,0.0,0.0,0.0,0.0,normal
1.202,tcp,http,SF,516,9327,0,0,0,0,0,1,0,0,0,0,0,0,0,0,0,0,6,2,0.0,0.0,0.0,0.0,0.869,0.025,0.03,81,12,0.99,0.025,0.057,0.088,0.0,0.0,0.0,0.0,normal
0.01,udp,dns,SF,57,97,0,0,0,0,0,0,0,0,0,0,0,0,0,0,0,0,4,1,0.016,0.0,0.0,0.0,0.985,0.007,0.034,118,96,0.868,0.098,0.119,0.032,0.0,0.0,0.0,0.0,normal
8.204,tcp,smtp,SF,716,1806,0,0,0,0,0,1,0,0,0,0,0,0,0,0,0,0,6,3,0.0,0.0,0.0,0.0,0.882,0.007,0.004,192,31,0.916,0.07,0.036,0.022,0.0,0.0,0.0,0.0,normal
5.402,tcp,http,SF,781,875,0,0,0,0,0,1,0,0,0,0,0,0,0,0,0,0,1,3,0.013,0.0,0.0,0.0,0.881,0.039,0.036,195,12,0.883,0.001,0.085,0.07,0.0,0.0,0.0,0.0,normal
1.407,tcp,http,SF,235,1,0,0,0,0,0,1,0,0,0,0,0,0,0,0,0,0,8,1,0.0,0.012,0.0,0.0,0.904,0.06,0.03,98,10,0.847,0.068,0.047,0.079,0.0,0.0,0.0,0.0,normal
0.648,tcp,smtp,SF,751,1363,0,0,0,0,0,1,0,0,0,0,0,0,0,0,0,0,7,4,0.0,0.0,0.0,0.0,0.978,0.091,0.035,117,56,0.827,0.149,0.07,0.005,0.0,0.0,0.0,0.0,normal
1.076,tcp,http,SF,186,3055,0,0,0,0,0,1,0,0,0,0,0,0,0,0,0,0,4,1,0.009,0.002,0.0,0.0,0.998,0.037,0.057,108,159,0.91,0.174,0.091,0.051,0.0,0.0,0.0,0.0,normal
0.85,tcp,http,SF,429,578,0,0,0,0,0,1,0,0,0,0,0,0,0,0,0,0,8,4,0.0,0.036,0.0,0.0,0.851,0.028,0.093,140,158,0.986,0.062,0.107,0.077,0.0,0.0,0.0,0.0,normal
2.483,tcp,other,SF,224,97,0,0,0,0,0,0,0,0,0,0,0,0,0,0,0,0,6,5,0.001,0.0,0.0,0.0,0.969,0.065,0.05,24,251,0.847,0.004,0.017,0.024,0.0,0.0,0.0,0.0,normal
8.54,tcp,http,SF,384,10003,0,0,0,0,0,1,0,0,0,0,0,0,0,0,0,0,1,2,0.016,0.001,0.0,0.0,0.99,0.086,0.057,175,168,0.888,0.011,0.059,0.09,0.0,0.0,0.0,0.0,normal
5.343,tcp,http,SF,240,1426,0,0,0,0,0,1,0,0,0,0,0,0,0,0,0,0,4,3,0.0,0.0,0.0,0.0,0.876,0.028,0.042,151,74,0.923,0.097,0.017,0.078,0.0,0.0,0.0,0.0,normal
0.071,udp,dns,SF,49,136,0,0,0,0,0,0,0,0,0,0,0,0,0,0,0,0,4,4,0.195,0.0,0.0,0.0,0.969,0.03,0.037,147,201,0.905,0.035,0.059,0.063,0.0,0.0,0.0,0.0,normal
11.449,tcp,http,SF,349,3169,0,0,0,0,0,1,0,0,0,0,0,0,0,0,0,0,4,4,0.0,0.028,0.0,0.0,0.947,0.039,0.064,42,41,0.814,0.199,0.095,0.025,0.0,0.0,0.0,0.0,normal
0.036,udp,dns,SF,75,114,0,0,0,0,0,0,0,0,0,0,0,0,0,0,0,0,6,4,0.0,0.01,0.0,0.0,0.876,0.009,0.065,72,155,0.99,0.181,0.112,0.002,0.0,0.0,0.0,0.0,normal
2.806,tcp,http,SF,293,1262,0,0,0,0,0,1,0,0,0,0,0,0,0,0,0,0,4,2,0.0,0.115,0.0,0.0,0.966,0.036,0.084,81,153,0.879,0.111,0.08,0.092,0.0,0.0,0.0,0.0,normal
1.565,tcp,http,SF,201,51,0,0,0,0,0,1,0,0,0,0,0,0,0,0,0,0,4,3,0.001,0.0,0.0,0.0,0.913,0.06,0.082,146,175,0.955,0.084,0.039,0.009,0.0,0.0,0.0,0.0,normal
1.459,tcp,http,SF,381,7083,0,0,0,0,0,1,0,0,0,0,0,0,0,0,0,0,5,2,0.0,0.0,0.0,0.0,0.964,0.131,0.079,213,115,0.824,0.075,0.14,0.095,0.0,0.0,0.0,0.0,normal
2.682,tcp,http,SF,215,1426,0,0,0,0,0,1,0,0,0,0,0,0,0,0,0,0,3,7,0.003,0.001,0.0,0.0,0.945,0.095,0.007,174,247,0.979,0.11,0.046,0.07,0.0,0.0,0.0,0.0,normal
0.055,udp,dns,SF,71,154,0,0,0,0,0,0,0,0,0,0,0,0,0,0,0,0,4,3,0.0,0.0,0.0,0.0,0.999,0.117,0.022,243,162,0.859,0.006,0.027,0.01,0.0,0.0,0.0,0.0,normal
0.982,tcp,http,SF,231,1636,0,0,0,0,0,1,0,0,0,0,0,0,0,0,0,0,5,8,0.193,0.0,0.0,0.0,0.941,0.132,0.085,11,197,0.882,0.028,0.1,0.018,0.0,0.0,0.0,0.0,normal
32.352,tcp,ssh,SF,3432,5869,0,0,0,0,0,1,0,0,0,0,0,0,0,0,0,0,5,3,0.0,0.0,0.0,0.0,0.984,0.078,0.004,86,183,0.997,0.052,0.07,0.036,0.0,0.0,0.0,0.0,normal
0.733,tcp,http,SF,383,4151,0,0,0,0,0,1,0,0,0,0,0,0,0,0,0,0,2,5,0.0,0.001,0.0,0.0,0.989,0.135,0.019,246,178,0.843,0.165,0.095,0.029,0.0,0.0,0.0,0.0,normal
0.05,udp,dns,SF,81,145,0,0,0,0,0,0,0,0,0,0,0,0,0,0,0,0,1,2,0.0,0.0,0.0,0.0,0.887,0.148,0.087,185,190,0.827,0.006,0.026,0.094,0.0,0.0,0.0,0.0,normal
0.066,udp,dns,SF,63,160,0,0,0,0,0,0,0,0,0,0,0,0,0,0,0,0,5,2,0.0,0.0,0.0,0.0,0.895,0.105,0.01,163,27,0.949,0.145,0.04,0.036,0.0,0.0,0.0,0.0,normal
0.073,udp,dns,SF,75,185,0,0,0,0,0,0,0,0,0,0,0,0,0,0,0,0,5,1,0.0,0.0,0.0,0.0,0.966,0.095,0.024,199,207,0.843,0.181,0.106,0.005,0.0,0.0,0.0,0.0,normal
2.731,tcp,http,SF,313,2686,0,0,0,0,0,1,0,0,0,0,0,0,0,0,0,0,7,3,0.0,0.002,0.0,0.0,0.973,0.039,0.1,67,147,0.847,0.099,0.05,0.078,0.0,0.0,0.0,0.0,normal
0.157,tcp,http,SF,477,1827,0,0,0,0,0,1,0,0,0,0,0,0,0,0,0,0,3,3,0.003,0.0,0.0,0.0,0.91,0.072,0.025,63,26,0.936,0.005,0.121,0.093,0.0,0.0,0.0,0.0,normal
0.005,udp,dns,SF,98,160,0,0,0,0,0,0,0,0,0,0,0,0,0,0,0,0,5,4,0.0,0.0,0.0,0.0,0.926,0.058,0.012,249,202,0.923,0.075,0.138,0.066,0.0,0.0,0.0,0.0,normal
3.519,tcp,http,SF,198,984,0,0,0,0,0,1,0,0,0,0,0,0,0,0,0,0,7,7,0.0,0.057,0.0,0.0,0.983,0.137,0.04,114,158,0.856,0.09,0.033,0.053,0.0,0.0,0.0,0.0,normal
0.899,tcp,http,SF,248,2481,0,0,0,0,0,1,0,0,0,0,0,0,0,0,0,0,3,6,0.029,0.0,0.0,0.0,0.982,0.145,0.074,92,39,0.961,0.129,0.051,0.088,0.0,0.0,0.0,0.0,normal
13.307,tcp,smtp,SF,1310,997,0,0,0,0,0,1,0,0,0,0,0,0,0,0,0,0,4,5,0.01,0.0,0.0,0.0,0.928,0.068,0.055,108,217,0.993,0.066,0.111,0.029,0.0,0.0,0.0,0.0,normal
0.061,udp,dns,SF,60,143,0,0,0,0,0,0,0,0,0,0,0,0,0,0,0,0,2,3,0.005,0.0,0.0,0.0,0.892,0.033,0.035,90,230,0.886,0.084,0.058,0.096,0.0,0.0,0.0,0.0,normal
0.122,tcp,http,SF,228,2700,0,0,0,0,0,1,0,0,0,0,0,0,0,0,0,0,2,4,0.002,0.001,0.0,0.0,0.886,0.102,0.037,127,20,0.963,0.01,0.101,0.016,0.0,0.0,0.0,0.0,normal
0.525,tcp,http,SF,555,1296,0,0,0,0,0,1,0,0,0,0,0,0,0,0,0,0,5,3,0.0,0.0,0.0,0.0,0.951,0.012,0.095,130,87,0.871,0.045,0.013,0.079,0.0,0.0,0.0,0.0,normal
2.052,tcp,http,SF,306,2051,0,0,0,0,0,1,0,0,0,0,0,0,0,0,0,0,6,2,0.0,0.0,0.0,0.0,0.885,0.113,0.02,13,18,0.981,0.175,0.028,0.027,0.0,0.0,0.0,0.0,normal
0.435,tcp,http,SF,249,254,0,0,0,0,0,1,0,0,0,0,0,0,0,0,0,0,2,3,0.002,0.0,0.0,0.0,0.94,0.034,0.002,128,161,0.973,0.013,0.06,0.094,0.0,0.0,0.0,0.0,normal
1.278,tcp,http,SF,349,2665,0,0,0,0,0,1,0,0,0,0,0,0,0,0,0,0,4,1,0.0,0.0,0.0,0.0,0.947,0.122,0.013,71,160,0.955,0.062,0.012,0.016,0.0,0.0,0.0,0.0,normal
0.368,tcp,http,SF,335,2764,0,0,0,0,0,1,0,0,0,0,0,0,0,0,0,0,3,1,0.0,0.011,0.0,0.0,0.964,0.111,0.014,38,204,0.816,0.1,0.097,0.082,0.0,0.0,0.0,0.0,normal
2.152,tcp,http,SF,628,3421,0,0,0,0,0,1,0,0,0,0,0,0,0,0,0,0,4,1,0.0,0.0,0.0,0.0,0.859,0.02,0.056,167,177,0.81,0.037,0.048,0.032,0.0,0.0,0.0,0.0,normal
20.495,tcp,ssh,SF,2081,6253,0,0,0,0,0,1,0,0,0,0,0,0,0,0,0,0,2,2,0.0,0.034,0.0,0.0,0.904,0.025,0.055,251,129,0.97,0.146,0.131,0.073,0.0,0.0,0.0,0.0,normal
0.121,udp,dns,SF,64,105,0,0,0,0,0,0,0,0,0,0,0,0,0,0,0,0,5,3,0.0,0.0,0.0,0.0,0.9,0.077,0.086,171,46,0.868,0.138,0.007,0.083,0.0,0.0,0.0,0.0,normal
33.664,tcp,ssh,SF,3465,4403,0,0,0,0,0,1,0,0,0,0,0,0,0,0,0,0,2,3,0.001,0.002,0.0,0.0,0.914,0.145,0.005,153,112,0.808,0.029,0.069,0.016,0.0,0.0,0.0,0.0,normal
0.029,udp,dns,SF,67,191,0,0,0,0,0,0,0,0,0,0,0,0,0,0,0,0,6,4,0.0,0.055,0.0,0.0,0.947,0.029,0.046,96,140,0.867,0.05,0.021,0.071,0.0,0.0,0.0,0.0,normal
0.208,tcp,http,SF,389,811,0,0,0,0,0,1,0,0,0,0,0,0,0,0,0,0,6,4,0.001,0.0,0.0,0.0,0.973,0.083,0.095,68,193,0.954,0.102,0.122,0.094,0.0,0.0,0.0,0.0,normal
0.825,tcp,http,SF,457,4847,0,0,0,0,0,1,0,0,0,0,0,0,0,0,0,0,3,2,0.0,0.0,0.0,0.0,0.977,0.048,0.027,153,75,0.81,0.056,0.004,0.079,0.0,0.0,0.0,0.0,normal
1.283,tcp,http,SF,400,8668,0,0,0,0,0,1,0,0,0,0,0,0,0,0,0,0,4,1,0.0,0.03,0.0,0.0,0.972,0.114,0.04,177,93,0.808,0.016,0.008,0.002,0.0,0.0,0.0,0.0,normal
0.636,tcp,http,SF,709,6030,0,0,0,0,0,1,0,0,0,0,0,0,0,0,0,0,4,5,0.0,0.0,0.0,0.0,0.909,0.078,0.052,254,125,0.923,0.177,0.045,0.049,0.0,0.0,0.0,0.0,normal
0.009,tcp,http,SF,297,881,0,0,0,1,0,1,0,0,0,0,0,0,0,0,0,0,3,4,0.0,0.009,0.0,0.0,0.94,0.087,0.005,61,24,0.945,0.021,0.036,0.05,0.0,0.0,0.0,0.0,normal
0.757,tcp,http,SF,418,9287,0,0,0,0,0,1,0,0,0,0,0,0,0,0,0,0,2,4,0.002,0.0,0.0,0.0,0.994,0.108,0.059,82,217,0.909,0.088,0.028,0.015,0.0,0.0,0.0,0.0,normal
0.017,udp,dns,SF,47,189,0,0,0,0,0,0,0,0,0,0,0,0,0,0,0,0,6,2,0.0,0.0,0.0,0.0,0.883,0.017,0.021,202,113,0.847,0.18,0.101,0.042,0.0,0.0,0.0,0.0,normal
0.503,tcp,http,SF,339,1050,0,0,0,0,0,1,0,0,0,0,0,0,0,0,0,0,2,2,0.0,0.0,0.0,0.0,0.967,0.129,0.014,232,92,0.829,0.057,0.036,0.079,0.0,0.0,0.0,0.0,normal
1.271,tcp,http,SF,220,980,0,0,0,0,0,1,0,0,0,0,0,0,0,0,0,0,4,3,0.0,0.062,0.0,0.0,0.911,0.091,0.059,60,54,0.917,0.07,0.051,0.083,0.0,0.0,0.0,0.0,normal
0.482,tcp,http,SF,386,1829,0,0,0,0,0,1,0,0,0,0,0,0,0,0,0,0,4,4,0.005,0.0,0.0,0.0,0.966,0.001,0.022,103,82,0.989,0.101,0.055,0.04,0.0,0.0,0.0,0.0,normal
3.457,tcp,http,SF,243,5015,0,0,0,0,0,1,0,0,0,0,0,0,0,0,0,0,4,2,0.0,0.0,0.0,0.0,0.967,0.031,0.05,20,38,0.885,0.104,0.012,0.046,0.0,0.0,0.0,0.0,normal
48.074,tcp,ssh,SF,1223,2996,0,0,0,0,0,1,0,0,0,0,0,0,0,0,0,0,7,3,0.0,0.0,0.0,0.0,0.868,0.125,0.091,11,211,0.962,0.072,0.107,0.058,0.0,0.0,0.0,0.0,normal
0.048,udp,dns,SF,93,130,0,0,0,0,0,0,0,0,0,0,0,0,0,0,0,0,3,3,0.0,0.0,0.0,0.0,0.921,0.01,0.015,50,239,0.814,0.118,0.113,0.001,0.0,0.0,0.0,0.0,normal
0.221,tcp,http,SF,327,5316,0,0,0,0,0,1,0,0,0,0,0,0,0,0,0,0,2,1,0.0,0.0,0.0,0.0,0.851,0.095,0.032,30,199,0.838,0.143,0.094,0.065,0.0,0.0,0.0,0.0,normal
0.165,tcp,http,SF,250,4640,0,0,0,0,0,1,0,0,0,0,0,0,0,0,0,0,2,6,0.0,0.0,0.0,0.0,0.959,0.097,0.024,233,21,0.891,0.157,0.049,0.078,0.0,0.0,0.0,0.0,normal
0.945,tcp,http,SF,390,5666,0,0,0,0,0,1,0,0,0,0,0,0,0,0,0,0,2,1,0.0,0.0,0.0,0.0,0.987,0.129,0.064,164,141,0.891,0.096,0.115,0.051,0.0,0.0,0.0,0.0,normal
0.026,udp,dns,SF,59,140,0,0,0,0,0,0,0,0,0,0,0,0,0,0,0,0,4,7,0.001,0.0,0.0,0.0,0.851,0.077,0.038,228,204,0.808,0.01,0.093,0.059,0.0,0.0,0.0,0.0,normal
7.72,tcp,http,SF,404,842,0,0,0,0,0,1,0,0,0,0,0,0,0,0,0,0,3,2,0.011,0.0,0.0,0.0,0.919,0.042,0.028,122,185,0.924,0.163,0.061,0.061,0.0,0.0,0.0,0.0,normal
10.35,tcp,smtp,SF,1128,1571,0,0,0,0,0,1,0,0,0,0,0,0,0,0,0,0,10,5,0.001,0.002,0.0,0.0,0.918,0.036,0.025,83,55,0.926,0.028,0.065,0.052,0.0,0.0,0.0,0.0,normal
0.079,udp,dns,SF,77,227,0,0,0,0,0,0,0,0,0,0,0,0,0,0,0,0,6,3,0.0,0.0,0.0,0.0,0.991,0.048,0.01,254,68,0.815,0.094,0.038,0.089,0.0,0.0,0.0,0.0,normal
0.125,udp,dns,SF,56,216,0,0,0,0,0,0,0,0,0,0,0,0,0,0,0,0,2,4,0.021,0.0,0.0,0.0,0.928,0.053,0.008,77,252,0.835,0.051,0.035,0.091,0.0,0.0,0.0,0.0,normal
3.321,tcp,http,SF,205,4148,0,0,0,0,0,1,0,0,0,0,0,0,0,0,0,0,3,4,0.0,0.001,0.0,0.0,0.927,0.029,0.063,114,198,0.831,0.064,0.13,0.051,0.0,0.0,0.0,0.0,normal
1.227,tcp,http,SF,217,1204,0,0,0,0,0,1,0,0,0,0,0,0,0,0,0,0,3,5,0.0,0.0,0.0,0.0,0.926,0.017,0.074,64,181,0.959,0.065,0.065,0.017,0.0,0.0,0.0,0.0,normal
3.126,tcp,http,SF,551,7934,0,0,0,0,0,1,0,0,0,0,0,0,0,0,0,0,2,4,0.0,0.002,0.0,0.0,0.873,0.011,0.061,39,132,0.848,0.059,0.059,0.05,0.0,0.0,0.0,0.0,normal
1.478,tcp,http,SF,322,900,0,0,0,0,0,1,0,0,0,0,0,0,0,0,0,0,3,4,0.0,0.005,0.0,0.0,0.907,0.108,0.007,153,93,0.878,0.143,0.03,0.095,0.0,0.0,0.0,0.0,normal
0.32,tcp,http,SF,284,702,0,0,0,0,0,1,0,0,0,0,0,0,0,0,0,0,5,6,0.0,0.009,0.0,0.0,0.985,0.123,0.052,167,182,0.821,0.169,0.107,0.012,0.0,0.0,0.0,0.0,normal
5.887,tcp,smtp,SF,723,1215,0,0,0,0,0,1,0,0,0,0,0,0,0,0,0,0,2,4,0.021,0.0,0.0,0.0,0.907,0.046,0.081,170,237,0.926,0.125,0.059,0.001,0.0,0.0,0.0,0.0,normal
0.124,tcp,http,SF,293,1008,0,0,0,0,0,1,0,0,0,0,0,0,0,0,0,0,1,2,0.0,0.02,0.0,0.0,0.928,0.095,0.041,12,90,0.866,0.03,0.119,0.006,0.0,0.0,0.0,0.0,normal
8.291,tcp,http,SF,419,1077,0,0,0,0,0,1,0,0,0,0,0,0,0,0,0,0,8,1,0.0,0.062,0.0,0.0,0.985,0.102,0.025,240,247,0.953,0.135,0.033,0.051,0.0,0.0,0.0,0.0,normal
0.056,udp,dns,SF,47,198,0,0,0,0,0,0,0,0,0,0,0,0,0,0,0,0,3,2,0.0,0.0,0.0,0.0,0.919,0.03,0.072,223,35,0.901,0.034,0.007,0.014,0.0,0.0,0.0,0.0,normal
4.01,tcp,http,SF,224,4095,0,0,0,0,0,1,0,0,0,0,0,0,0,0,0,0,6,4,0.0,0.002,0.0,0.0,0.948,0.115,0.1,237,19,0.84,0.029,0.023,0.045,0.0,0.0,0.0,0.0,normal
0.037,udp,dns,SF,50,148,0,0,0,0,0,0,0,0,0,0,0,0,0,0,0,0,6,5,0.024,0.0,0.0,0.0,0.872,0.034,0.056,170,75,0.928,0.138,0.045,0.009,0.0,0.0,0.0,0.0,normal
2.453,tcp,http,SF,211,1790,0,0,0,0,0,1,0,0,0,0,0,0,0,0,0,0,6,1,0.036,0.0,0.0,0.0,0.988,0.149,0.005,85,140,0.834,0.124,0.148,0.09,0.0,0.0,0.0,0.0,normal
1.638,tcp,http,SF,583,4219,0,0,0,0,0,1,0,0,0,0,0,0,0,0,0,0,3,1,0.0,0.008,0.0,0.0,0.935,0.057,0.019,71,153,0.95,0.151,0.053,0.052,0.0,0.0,0.0,0.0,normal
0.103,udp,dns,SF,73,101,0,0,0,0,0,0,0,0,0,0,0,0,0,0,0,0,2,7,0.0,0.009,0.0,0.0,0.995,0.137,0.0,226,166,0.836,0.059,0.045,0.048,0.0,0.0,0.0,0.0,normal
0.017,tcp,http,SF,250,96,0,0,0,0,0,1,0,0,0,0,0,0,0,0,0,0,5,3,0.0,0.002,0.0,0.0,0.874,0.1,0.061,139,208,0.89,0.056,0.125,0.069,0.0,0.0,0.0,0.0,normal
0.085,udp,dns,SF,56,140,0,0,0,0,0,0,0,0,0,0,0,0,0,0,0,0,4,1,0.022,0.0,0.0,0.0,0.882,0.005,0.06,101,178,0.931,0.114,0.145,0.047,0.0,0.0,0.0,0.0,normal
0.016,udp,dns,SF,71,111,0,0,0,0,0,0,0,0,0,0,0,0,0,0,0,0,5,1,0.0,0.046,0.0,0.0,0.883,0.11,0.008,47,69,0.977,0.115,0.007,0.07,0.0,0.0,0.0,0.0,normal
3.877,tcp,http,SF,274,6173,0,0,0,0,0,1,0,0,0,0,0,0,0,0,0,0,4,2,0.0,0.0,0.0,0.0,0.852,0.098,0.016,224,54,0.912,0.075,0.071,0.031,0.0,0.0,0.0,0.0,normal
0.922,tcp,http,SF,284,2415,0,0,0,0,0,1,0,0,0,0,0,0,0,0,0,0,3,4,0.0,0.001,0.0,0.0,0.862,0.045,0.061,125,72,0.854,0.068,0.112,0.094,0.0,0.0,0.0,0.0,normal
1.569,tcp,http,SF,355,1160,0,0,0,0,0,1,0,0,0,0,0,0,0,0,0,0,7,4,0.0,0.0,0.0,0.0,0.966,0.096,0.087,89,201,0.873,0.126,0.112,0.096,0.0,0.0,0.0,0.0,normal
42.647,tcp,ssh,SF,2203,4148,0,0,0,0,0,1,0,0,0,0,0,0,0,0,0,0,5,4,0.0,0.0,0.0,0.0,0.958,0.117,0.077,90,153,0.988,0.117,0.078,0.027,0.0,0.0,0.0,0.0,normal
0.832,tcp,http,SF,519,4596,0,0,0,0,0,1,0,0,0,0,0,0,0,0,0,0,4,5,0.0,0.0,0.0,0.0,0.964,0.016,0.067,37,75,0.894,0.04,0.11,0.095,0.0,0.0,0.0,0.0,normal
0.084,tcp,http,SF,201,1681,0,0,0,0,0,1,0,0,0,0,0,0,0,0,0,0,3,5,0.001,0.002,0.0,0.0,0.897,0.005,0.014,37,39,0.893,0.149,0.044,0.015,0.0,0.0,0.0,0.0,normal
1.245,tcp,http,SF,509,2084,0,0,0,0,0,1,0,0,0,0,0,0,0,0,0,0,7,5,0.0,0.0,0.0,0.0,0.889,0.078,0.073,85,107,0.847,0.059,0.014,0.003,0.0,0.0,0.0,0.0,normal
3.989,tcp,smtp,SF,551,1443,0,0,0,0,0,1,0,0,0,0,0,0,0,0,0,0,3,6,0.044,0.011,0.0,0.0,0.911,0.051,0.091,53,42,0.915,0.03,0.139,0.08,0.0,0.0,0.0,0.0,normal
0.98,tcp,http,SF,400,3270,0,0,0,0,0,1,0,0,0,0,0,0,0,0,0,0,5,1,0.001,0.002,0.0,0.0,0.9,0.002,0.047,163,197,0.82,0.147,0.088,0.05,0.0,0.0,0.0,0.0,normal
8.376,tcp,smtp,SF,650,1405,0,0,0,0,0,1,0,0,0,0,0,0,0,0,0,0,4,1,0.0,0.001,0.0,0.0,0.872,0.095,0.022,82,237,0.984,0.19,0.044,0.072,0.0,0.0,0.0,0.0,normal
0.122,udp,dns,SF,72,133,0,0,0,0,0,0,0,0,0,0,0,0,0,0,0,0,5,1,0.001,0.0,0.0,0.0,0.927,0.007,0.016,224,76,0.826,0.187,0.043,0.05,0.0,0.0,0.0,0.0,normal
0.908,tcp,other,SF,146,130,0,0,0,0,0,0,0,0,0,0,0,0,0,0,0,0,3,4,0.046,0.007,0.0,0.0,0.886,0.024,0.061,171,226,0.853,0.136,0.023,0.017,0.0,0.0,0.0,0.0,normal
15.715,tcp,ssh,SF,1715,3701,0,0,0,0,0,1,0,0,0,0,0,0,0,0,0,0,4,1,0.001,0.013,0.0,0.0,0.918,0.106,0.083,57,78,0.824,0.125,0.089,0.027,0.0,0.0,0.0,0.0,normal
3.266,tcp,smtp,SF,745,3058,0,0,0,0,0,1,0,0,0,0,0,0,0,0,0,0,7,1,0.0,0.0,0.0,0.0,0.893,0.095,0.056,39,236,0.836,0.041,0.142,0.01,0.0,0.0,0.0,0.0,normal
0.033,udp,dns,SF,73,200,0,0,0,0,0,0,0,0,0,0,0,0,0,0,0,0,6,4,0.001,0.0,0.0,0.0,0.908,0.019,0.024,210,140,0.983,0.06,0.04,0.041,0.0,0.0,0.0,0.0,normal
0.112,udp,dns,SF,52,130,0,0,0,0,0,0,0,0,0,0,0,0,0,0,0,0,6,1,0.0,0.0,0.0,0.0,0.862,0.112,0.061,253,106,0.939,0.182,0.005,0.063,0.0,0.0,0.0,0.0,normal
0.187,tcp,http,SF,189,2892,0,0,0,0,0,1,0,0,0,0,0,0,0,0,0,0,4,5,0.0,0.008,0.0,0.0,0.998,0.039,0.023,194,53,0.938,0.09,0.058,0.02,0.0,0.0,0.0,0.0,normal
19.544,tcp,smtp,SF,615,900,0,0,0,0,0,1,0,0,0,0,0,0,0,0,0,0,1,2,0.0,0.0,0.0,0.0,0.943,0.014,0.099,102,249,0.894,0.022,0.108,0.096,0.0,0.0,0.0,0.0,normal
2.319,tcp,http,SF,190,3960,0,0,0,0,0,1,0,0,0,0,0,0,0,0,0,0,1,2,0.0,0.0,0.0,0.0,0.939,0.144,0.035,16,10,0.956,0.165,0.009,0.063,0.0,0.0,0.0,0.0,normal
6.476,tcp,smtp,SF,879,1389,0,0,0,0,0,1,0,0,0,0,0,0,0,0,0,0,1,6,0.0,0.0,0.0,0.0,0.903,0.104,0.049,94,196,0.878,0.107,0.009,0.017,0.0,0.0,0.0,0.0,normal
0.018,udp,dns,SF,63,157,0,0,0,0,0,0,0,0,0,0,0,0,0,0,0,0,7,1,0.0,0.0,0.0,0.0,0.931,0.058,0.093,211,238,0.84,0.124,0.096,0.056,0.0,0.0,0.0,0.0,normal
1.061,tcp,http,SF,363,5531,0,0,0,0,0,1,0,0,0,0,0,0,0,0,0,0,3,3,0.0,0.0,0.0,0.0,0.887,0.111,0.078,118,107,0.932,0.182,0.122,0.041,0.0,0.0,0.0,0.0,normal
1.734,tcp,http,SF,344,141,0,0,0,0,0,1,0,0,0,0,0,0,0,0,0,0,3,2,0.0,0.02,0.0,0.0,0.925,0.053,0.023,250,244,0.893,0.186,0.025,0.018,0.0,0.0,0.0,0.0,normal
3.996,tcp,http,SF,353,1387,0,0,0,0,0,1,0,0,0,0,0,0,0,0,0,0,2,3,0.0,0.0,0.0,0.0,0.889,0.062,0.042,241,105,0.978,0.107,0.136,0.073,0.0,0.0,0.0,0.0,normal
0.028,udp,dns,SF,91,144,0,0,0,0,0,0,0,0,0,0,0,0,0,0,0,0,5,4,0.001,0.0,0.0,0.0,0.962,0.031,0.011,102,173,0.847,0.023,0.02,0.031,0.0,0.0,0.0,0.0,normal
0.126,udp,dns,SF,62,163,0,0,0,0,0,0,0,0,0,0,0,0,0,0,0,0,5,3,0.0,0.0,0.0,0.0,0.88,0.077,0.063,195,116,0.885,0.156,0.045,0.062,0.0,0.0,0.0,0.0,normal
2.002,tcp,http,SF,253,358,0,0,0,0,0,1,0,0,0,0,0,0,0,0,0,0,5,9,0.002,0.0,0.0,0.0,0.948,0.134,0.097,32,228,0.924,0.041,0.142,0.017,0.0,0.0,0.0,0.0,normal
0.01,udp,dns,SF,61,161,0,0,0,0,0,0,0,0,0,0,0,0,0,0,0,0,1,2,0.0,0.0,0.0,0.0,0.949,0.089,0.091,111,72,0.813,0.102,0.039,0.045,0.0,0.0,0.0,0.0,normal
0.151,tcp,http,SF,252,5945,0,0,0,0,0,1,0,0,0,0,0,0,0,0,0,0,3,1,0.0,0.008,0.0,0.0,0.961,0.133,0.073,202,190,0.961,0.111,0.032,0.008,0.0,0.0,0.0,0.0,normal
1.338,tcp,http,SF,556,1269,0,0,0,0,0,1,0,0,0,0,0,0,0,0,0,0,4,3,0.0,0.003,0.0,0.0,0.918,0.033,0.002,91,171,0.886,0.05,0.127,0.05,0.0,0.0,0.0,0.0,normal
1.912,tcp,http,SF,350,207,0,0,0,0,0,1,0,0,0,0,0,0,0,0,0,0,4,2,0.004,0.001,0.0,0.0,0.885,0.111,0.027,166,67,0.86,0.176,0.06,0.024,0.0,0.0,0.0,0.0,normal
2.317,tcp,http,SF,333,1187,0,0,0,1,0,1,0,0,0,0,0,0,0,0,0,0,5,6,0.0,0.0,0.0,0.0,0.992,0.019,0.088,111,25,0.883,0.126,0.056,0.053,0.0,0.0,0.0,0.0,normal
0.656,tcp,http,SF,390,538,0,0,0,0,0,1,0,0,0,0,0,0,0,0,0,0,2,4,0.0,0.002,0.0,0.0,0.917,0.089,0.045,95,168,0.951,0.19,0.052,0.016,0.0,0.0,0.0,0.0,normal
2.67,tcp,http,SF,354,2322,0,0,0,0,0,1,0,0,0,0,0,0,0,0,0,0,4,5,0.0,0.0,0.0,0.0,0.95,0.02,0.078,113,76,0.964,0.074,0.055,0.075,0.0,0.0,0.0,0.0,normal
0.62,tcp,http,SF,259,13112,0,0,0,0,0,1,0,0,0,0,0,0,0,0,0,0,3,3,0.0,0.001,0.0,0.0,0.986,0.086,0.046,48,193,0.981,0.053,0.135,0.011,0.0,0.0,0.0,0.0,normal
6.245,tcp,http,SF,428,6036,0,0,0,0,0,1,0,0,0,0,0,0,0,0,0,0,5,1,0.133,0.006,0.0,0.0,0.906,0.1,0.074,97,113,0.829,0.077,0.131,0.033,0.0,0.0,0.0,0.0,normal
0.005,udp,dns,SF,55,158,0,0,0,0,0,0,0,0,0,0,0,0,0,0,0,0,6,7,0.0,0.007,0.0,0.0,0.902,0.093,0.062,55,22,0.885,0.045,0.03,0.065,0.0,0.0,0.0,0.0,normal
0.001,udp,dns,SF,75,143,0,0,0,0,0,0,0,0,0,0,0,0,0,0,0,0,6,1,0.003,0.001,0.0,0.0,0.919,0.025,0.085,79,241,0.82,0.15,0.032,0.001,0.0,0.0,0.0,0.0,normal
0.259,tcp,http,SF,171,152,0,0,0,0,0,1,0,0,0,0,0,0,0,0,0,0,3,3,0.0,0.0,0.0,0.0,0.922,0.091,0.012,239,159,0.911,0.186,0.062,0.078,0.0,0.0,0.0,0.0,normal
0.604,tcp,http,SF,196,3047,0,0,0,0,0,1,0,0,0,0,0,0,0,0,0,0,5,4,0.0,0.0,0.0,0.0,0.909,0.047,0.0,150,178,0.822,0.044,0.029,0.033,0.0,0.0,0.0,0.0,normal
0.151,tcp,http,SF,508,1338,0,0,0,0,0,1,0,0,0,0,0,0,0,0,0,0,3,2,0.0,0.001,0.0,0.0,0.873,0.096,0.025,63,160,0.818,0.105,0.036,0.068,0.0,0.0,0.0,0.0,normal
3.989,tcp,http,SF,187,6796,0,0,0,0,0,1,0,0,0,0,0,0,0,0,0,0,8,6,0.018,0.0,0.0,0.0,0.864,0.043,0.087,220,240,0.885,0.039,0.063,0.046,0.0,0.0,0.0,0.0,normal
3.288,tcp,http,SF,355,2990,0,0,0,0,0,1,0,0,0,0,0,0,0,0,0,0,5,4,0.0,0.0,0.0,0.0,0.976,0.105,0.056,151,67,0.83,0.126,0.066,0.086,0.0,0.0,0.0,0.0,normal
1.546,tcp,http,SF,310,3775,0,0,0,0,0,1,0,0,0,0,0,0,0,0,0,0,2,3,0.0,0.0,0.0,0.0,0.955,0.104,0.067,205,136,0.993,0.1,0.126,0.026,0.0,0.0,0.0,0.0,normal
104.43,tcp,ssh,SF,1328,4641,0,0,0,0,0,1,0,0,0,0,0,0,0,0,0,0,4,1,0.0,0.006,0.0,0.0,0.926,0.076,0.011,230,156,0.944,0.122,0.112,0.012,0.0,0.0,0.0,0.0,normal
2.321,tcp,http,SF,520,4605,0,0,0,0,0,1,0,0,0,0,0,0,0,0,0,0,4,5,0.02,0.0,0.0,0.0,0.987,0.054,0.043,123,229,0.979,0.105,0.042,0.017,0.0,0.0,0.0,0.0,normal
0.058,udp,dns,SF,58,251,0,0,0,0,0,0,0,0,0,0,0,0,0,0,0,0,3,6,0.0,0.0,0.0,0.0,0.947,0.076,0.005,32,239,0.882,0.09,0.068,0.037,0.0,0.0,0.0,0.0,normal
7.141,tcp,smtp,SF,856,652,0,0,0,0,0,1,0,0,0,0,0,0,0,0,0,0,4,7,0.0,0.0,0.0,0.0,0.912,0.128,0.033,156,179,0.979,0.154,0.051,0.071,0.0,0.0,0.0,0.0,normal
0.038,udp,dns,SF,50,174,0,0,0,0,0,0,0,0,0,0,0,0,0,0,0,0,2,7,0.008,0.031,0.0,0.0,0.913,0.104,0.023,68,206,0.964,0.059,0.004,0.043,0.0,0.0,0.0,0.0,normal
0.463,tcp,http,SF,250,789,0,0,0,0,0,1,0,0,0,0,0,0,0,0,0,0,8,4,0.0,0.0,0.0,0.0,0.937,0.107,0.068,246,69,0.808,0.167,0.131,0.098,0.0,0.0,0.0,0.0,normal
7.53,tcp,http,SF,342,12278,0,0,0,0,0,1,0,0,0,0,0,0,0,0,0,0,6,4,0.0,0.005,0.0,0.0,0.886,0.072,0.058,161,178,0.982,0.061,0.127,0.031,0.0,0.0,0.0,0.0,normal
3.066,tcp,http,SF,479,4586,0,0,0,0,0,1,0,0,0,0,0,0,0,0,0,0,5,5,0.0,0.0,0.0,0.0,0.916,0.09,0.096,123,195,0.929,0.149,0.108,0.069,0.0,0.0,0.0,0.0,normal
0.011,udp,dns,SF,56,167,0,0,0,0,0,0,0,0,0,0,0,0,0,0,0,0,4,1,0.0,0.0,0.0,0.0,0.936,0.14,0.066,145,17,0.876,0.159,0.039,0.092,0.0,0.0,0.0,0.0,normal
4.773,tcp,smtp,SF,1248,1539,0,0,0,0,0,1,0,0,0,0,0,0,0,0,0,0,5,4,0.0,0.003,0.0,0.0,0.91,0.082,0.064,130,240,0.866,0.117,0.135,0.029,0.0,0.0,0.0,0.0,normal
50.967,tcp,ssh,SF,2953,6286,0,0,0,0,0,1,0,0,0,0,0,0,0,0,0,0,7,7,0.0,0.0,0.0,0.0,0.961,0.142,0.05,134,162,0.97,0.14,0.015,0.037,0.0,0.0,0.0,0.0,normal
0.991,tcp,http,SF,322,11190,0,0,0,0,0,1,0,0,0,0,0,0,0,0,0,0,4,4,0.0,0.0,0.0,0.0,0.958,0.134,0.09,71,200,0.838,0.063,0.14,0.06,0.0,0.0,0.0,0.0,normal
0.077,udp,dns,SF,73,135,0,0,0,0,0,0,0,0,0,0,0,0,0,0,0,0,3,2,0.0,0.002,0.0,0.0,0.898,0.128,0.095,19,113,0.995,0.003,0.049,0.077,0.0,0.0,0.0,0.0,normal
1.521,tcp,http,SF,447,2233,0,0,0,0,0,1,0,0,0,0,0,0,0,0,0,0,2,3,0.0,0.0,0.0,0.0,0.851,0.067,0.074,23,67,0.942,0.003,0.136,0.095,0.0,0.0,0.0,0.0,normal
0.0,udp,dns,SF,114,108,0,0,0,0,0,0,0,0,0,0,0,0,0,0,0,0,3,10,0.003,0.0,0.0,0.0,0.955,0.08,0.016,108,146,0.82,0.068,0.056,0.088,0.0,0.0,0.0,0.0,normal
1.133,tcp,http,SF,199,1519,0,0,0,0,0,1,0,0,0,0,0,0,0,0,0,0,3,6,0.0,0.0,0.0,0.0,0.993,0.013,0.062,92,186,0.924,0.106,0.087,0.069,0.0,0.0,0.0,0.0,normal
9.466,tcp,http,SF,364,1907,0,0,0,0,0,1,0,0,0,0,0,0,0,0,0,0,3,2,0.0,0.0,0.0,0.0,0.908,0.051,0.039,163,12,0.977,0.195,0.129,0.001,0.0,0.0,0.0,0.0,normal
2.029,tcp,http,SF,361,211,0,0,0,0,0,1,0,0,0,0,0,0,0,0,0,0,3,2,0.109,0.023,0.0,0.0,0.946,0.051,0.093,165,40,0.834,0.087,0.043,0.062,0.0,0.0,0.0,0.0,normal
4.239,tcp,http,SF,195,5050,0,0,0,0,0,1,0,0,0,0,0,0,0,0,0,0,2,3,0.0,0.064,0.0,0.0,0.87,0.029,0.071,74,40,0.856,0.18,0.111,0.093,0.0,0.0,0.0,0.0,normal
4.42,tcp,http,SF,427,3808,0,0,0,0,0,1,0,0,0,0,0,0,0,0,0,0,2,2,0.0,0.0,0.0,0.0,0.991,0.032,0.044,183,36,0.825,0.08,0.105,0.034,0.0,0.0,0.0,0.0,normal
0.098,udp,dns,SF,79,140,0,0,0,0,0,0,0,0,0,0,0,0,0,0,0,0,5,2,0.001,0.001,0.0,0.0,0.862,0.086,0.075,143,63,0.853,0.053,0.086,0.037,0.0,0.0,0.0,0.0,normal
4.255,tcp,http,SF,493,3671,0,0,0,0,0,1,0,0,0,0,0,0,0,0,0,0,3,3,0.0,0.0,0.0,0.0,0.968,0.101,0.085,181,77,0.9,0.135,0.025,0.082,0.0,0.0,0.0,0.0,normal
2.618,tcp,http,SF,432,1563,0,0,0,0,0,1,0,0,0,0,0,0,0,0,0,0,6,3,0.035,0.0,0.0,0.0,0.995,0.097,0.063,252,145,0.922,0.122,0.006,0.009,0.0,0.0,0.0,0.0,normal
4.924,tcp,http,SF,545,267,0,0,0,0,0,1,0,0,0,0,0,0,0,0,0,0,6,1,0.001,0.0,0.0,0.0,0.94,0.132,0.006,253,145,0.901,0.008,0.013,0.002,0.0,0.0,0.0,0.0,normal
0.939,tcp,http,SF,260,3197,0,0,0,0,0,1,0,0,0,0,0,0,0,0,0,0,2,2,0.0,0.005,0.0,0.0,0.89,0.148,0.098,153,89,0.848,0.046,0.073,0.022,0.0,0.0,0.0,0.0,normal
0.051,udp,dns,SF,85,187,0,0,0,0,0,0,0,0,0,0,0,0,0,0,0,0,6,7,0.001,0.003,0.0,0.0,0.989,0.133,0.085,204,66,0.906,0.147,0.146,0.001,0.0,0.0,0.0,0.0,normal
0.79,tcp,http,SF,294,1737,0,0,0,0,0,1,0,0,0,0,0,0,0,0,0,0,1,2,0.001,0.011,0.0,0.0,0.882,0.007,0.084,178,209,0.833,0.129,0.111,0.056,0.0,0.0,0.0,0.0,normal
3.595,tcp,http,SF,323,4415,0,0,0,0,0,1,0,0,0,0,0,0,0,0,0,0,4,4,0.0,0.0,0.0,0.0,0.969,0.077,0.002,168,128,0.811,0.165,0.017,0.022,0.0,0.0,0.0,0.0,normal
3.357,tcp,http,SF,423,2403,0,0,0,0,0,1,0,0,0,0,0,0,0,0,0,0,4,7,0.0,0.0,0.0,0.0,0.955,0.027,0.083,235,123,0.909,0.194,0.098,0.059,0.0,0.0,0.0,0.0,normal
0.02,tcp,http,SF,438,149,0,0,0,0,0,1,0,0,0,0,0,0,0,0,0,0,4,3,0.0,0.004,0.0,0.0,0.93,0.017,0.095,21,130,0.949,0.044,0.021,0.074,0.0,0.0,0.0,0.0,normal
0.084,udp,dns,SF,68,79,0,0,0,0,0,0,0,0,0,0,0,0,0,0,0,0,8,4,0.0,0.0,0.0,0.0,0.907,0.08,0.056,99,65,0.841,0.161,0.011,0.049,0.0,0.0,0.0,0.0,normal
0.593,tcp,http,SF,490,942,0,0,0,0,0,1,0,0,0,0,0,0,0,0,0,0,3,3,0.0,0.0,0.0,0.0,0.925,0.084,0.076,42,201,0.978,0.169,0.062,0.065,0.0,0.0,0.0,0.0,normal
2.403,tcp,http,SF,241,9361,0,0,0,0,0,1,0,0,0,0,0,0,0,0,0,0,2,1,0.004,0.0,0.0,0.0,0.852,0.015,0.045,141,195,0.989,0.104,0.053,0.004,0.0,0.0,0.0,0.0,normal
0.907,tcp,http,SF,335,7231,0,0,0,0,0,1,0,0,0,0,0,0,0,0,0,0,5,4,0.001,0.0,0.0,0.0,0.856,0.025,0.021,253,117,0.849,0.028,0.09,0.074,0.0,0.0,0.0,0.0,normal
4.505,tcp,http,SF,284,2091,0,0,0,0,0,1,0,0,0,0,0,0,0,0,0,0,3,3,0.0,0.0,0.0,0.0,0.98,0.086,0.042,21,181,0.985,0.098,0.015,0.077,0.0,0.0,0.0,0.0,normal
0.06,tcp,http,SF,317,636,0,0,0,0,0,1,0,0,0,0,0,0,0,0,0,0,8,3,0.0,0.0,0.0,0.0,0.947,0.098,0.01,12,112,0.929,0.052,0.061,0.061,0.0,0.0,0.0,0.0,normal
1.346,tcp,http,SF,270,426,0,0,0,0,0,1,0,0,0,0,0,0,0,0,0,0,5,1,0.001,0.0,0.0,0.0,0.864,0.135,0.003,30,137,0.812,0.156,0.032,0.057,0.0,0.0,0.0,0.0,normal
0.027,udp,dns,SF,70,110,0,0,0,0,0,0,0,0,0,0,0,0,0,0,0,0,1,5,0.0,0.0,0.0,0.0,0.87,0.008,0.098,92,141,0.946,0.155,0.053,0.08,0.0,0.0,0.0,0.0,normal
0.685,tcp,http,SF,237,2741,0,0,0,0,0,1,0,0,0,0,0,0,0,0,0,0,3,2,0.004,0.029,0.0,0.0,0.977,0.137,0.015,135,54,0.869,0.154,0.131,0.058,0.0,0.0,0.0,0.0,normal
0.013,udp,dns,SF,77,167,0,0,0,0,0,0,0,0,0,0,0,0,0,0,0,0,3,3,0.0,0.01,0.0,0.0,0.98,0.005,0.035,239,219,0.98,0.151,0.1,0.082,0.0,0.0,0.0,0.0,normal
3.604,tcp,smtp,SF,808,688,0,0,0,0,0,1,0,0,0,0,0,0,0,0,0,0,4,1,0.0,0.0,0.0,0.0,0.864,0.051,0.066,244,250,0.97,0.169,0.078,0.056,0.0,0.0,0.0,0.0,normal
5.756,tcp,http,SF,616,4347,0,0,0,0,0,1,0,0,0,0,0,0,0,0,0,0,4,3,0.0,0.001,0.0,0.0,0.957,0.094,0.009,205,99,0.909,0.065,0.114,0.032,0.0,0.0,0.0,0.0,normal
0.538,tcp,http,SF,353,12278,0,0,0,0,0,1,0,0,0,0,0,0,0,0,0,0,4,5,0.002,0.0,0.0,0.0,0.92,0.127,0.021,203,99,0.998,0.183,0.005,0.053,0.0,0.0,0.0,0.0,normal
0.289,tcp,http,SF,239,3994,0,0,0,0,0,1,0,0,0,0,0,0,0,0,0,0,3,3,0.0,0.012,0.0,0.0,0.858,0.037,0.076,105,111,0.912,0.189,0.007,0.045,0.0,0.0,0.0,0.0,normal
0.447,tcp,http,SF,185,2549,0,0,0,0,0,1,0,0,0,0,0,0,0,0,0,0,2,5,0.0,0.0,0.0,0.0,0.879,0.029,0.065,125,36,0.934,0.08,0.101,0.038,0.0,0.0,0.0,0.0,normal
3.79,tcp,other,SF,266,215,0,0,0,0,0,0,0,0,0,0,0,0,0,0,0,0,2,6,0.015,0.0,0.0,0.0,0.963,0.141,0.009,120,46,0.918,0.02,0.056,0.062,0.0,0.0,0.0,0.0,normal
9.592,tcp,http,SF,537,9417,0,0,0,0,0,1,0,0,0,0,0,0,0,0,0,0,6,3,0.0,0.002,0.0,0.0,0.897,0.112,0.013,99,199,0.931,0.177,0.039,0.051,0.0,0.0,0.0,0.0,normal
0.064,tcp,http,SF,431,7845,0,0,0,0,0,1,0,0,0,0,0,0,0,0,0,0,4,6,0.005,0.004,0.0,0.0,0.896,0.141,0.049,148,73,0.834,0.004,0.055,0.011,0.0,0.0,0.0,0.0,normal
0.578,tcp,ssh,SF,1798,2966,0,0,0,0,0,1,0,0,0,0,0,0,0,0,0,0,4,7,0.0,0.0,0.0,0.0,0.927,0.135,0.019,137,36,0.839,0.016,0.147,0.012,0.0,0.0,0.0,0.0,normal
1.144,tcp,http,SF,277,394,0,0,0,0,0,1,0,0,0,0,0,0,0,0,0,0,7,4,0.0,0.0,0.0,0.0,0.891,0.015,0.058,247,75,0.969,0.137,0.001,0.057,0.0,0.0,0.0,0.0,normal
2.01,tcp,http,SF,322,961,0,0,0,0,0,1,0,0,0,0,0,0,0,0,0,0,5,4,0.0,0.004,0.0,0.0,0.896,0.1,0.029,229,215,0.895,0.134,0.133,0.068,0.0,0.0,0.0,0.0,normal
2.325,tcp,http,SF,406,3676,0,0,0,0,0,1,0,0,0,0,0,0,0,0,0,0,2,5,0.0,0.055,0.0,0.0,0.884,0.032,0.062,51,40,0.894,0.051,0.128,0.055,0.0,0.0,0.0,0.0,normal
1.702,tcp,smtp,SF,848,775,0,0,0,0,0,1,0,0,0,0,0,0,0,0,0,0,4,4,0.0,0.007,0.0,0.0,0.914,0.124,0.033,40,12,0.932,0.04,0.081,0.001,0.0,0.0,0.0,0.0,normal
0.013,udp,dns,SF,62,137,0,0,0,0,0,0,0,0,0,0,0,0,0,0,0,0,3,4,0.0,0.066,0.0,0.0,0.902,0.077,0.048,107,236,0.853,0.067,0.099,0.089,0.0,0.0,0.0,0.0,normal
0.153,tcp,http,SF,563,5418,0,0,0,0,0,1,0,0,0,0,0,0,0,0,0,0,5,1,0.0,0.0,0.0,0.0,0.984,0.079,0.053,44,88,0.96,0.022,0.045,0.01,0.0,0.0,0.0,0.0,normal
1.703,tcp,http,SF,188,677,0,0,0,0,0,1,0,0,0,0,0,0,0,0,0,0,5,2,0.0,0.0,0.0,0.0,0.912,0.149,0.018,242,205,0.986,0.138,0.016,0.033,0.0,0.0,0.0,0.0,normal
0.135,tcp,http,SF,536,1440,0,0,0,0,0,1,0,0,0,0,0,0,0,0,0,0,4,2,0.001,0.0,0.0,0.0,0.864,0.142,0.078,130,36,0.904,0.007,0.088,0.093,0.0,0.0,0.0,0.0,normal
40.627,tcp,ssh,SF,2507,3439,0,0,0,0,0,1,0,0,0,0,0,0,0,0,0,0,5,5,0.018,0.0,0.0,0.0,0.935,0.123,0.072,207,138,0.873,0.001,0.038,0.095,0.0,0.0,0.0,0.0,normal
0.14,tcp,http,SF,332,3131,0,0,0,0,0,1,0,0,0,0,0,0,0,0,0,0,3,1,0.002,0.0,0.0,0.0,0.93,0.0,0.054,85,128,0.929,0.007,0.005,0.035,0.0,0.0,0.0,0.0,normal
1.293,tcp,http,SF,374,3820,0,0,0,0,0,1,0,0,0,0,0,0,0,0,0,0,2,3,0.0,0.0,0.0,0.0,0.88,0.031,0.03,90,228,0.881,0.06,0.111,0.004,0.0,0.0,0.0,0.0,normal
0.587,tcp,http,SF,546,5397,0,0,0,0,0,1,0,0,0,0,0,0,0,0,0,0,3,5,0.0,0.0,0.0,0.0,0.968,0.091,0.017,194,161,0.952,0.171,0.048,0.003,0.0,0.0,0.0,0.0,normal
0.09,udp,dns,SF,38,156,0,0,0,0,0,0,0,0,0,0,0,0,0,0,0,0,9,2,0.001,0.006,0.0,0.0,0.854,0.12,0.013,155,78,0.989,0.06,0.038,0.097,0.0,0.0,0.0,0.0,normal
17.113,tcp,ssh,SF,2796,3236,0,0,0,0,0,1,0,0,0,0,0,0,0,0,0,0,3,4,0.01,0.135,0.0,0.0,0.912,0.065,0.071,246,158,0.86,0.02,0.124,0.048,0.0,0.0,0.0,0.0,normal
0.055,udp,dns,SF,113,126,0,0,0,0,0,0,0,0,0,0,0,0,0,0,0,0,7,4,0.0,0.0,0.0,0.0,0.862,0.027,0.053,30,180,0.903,0.071,0.008,0.079,0.0,0.0,0.0,0.0,normal
0.032,udp,dns,SF,66,171,0,0,0,0,0,0,0,0,0,0,0,0,0,0,0,0,1,4,0.0,0.004,0.0,0.0,0.868,0.069,0.085,56,27,0.998,0.116,0.059,0.002,0.0,0.0,0.0,0.0,normal
2.497,tcp,http,SF,164,893,0,0,0,0,0,1,0,0,0,0,0,0,0,0,0,0,1,7,0.0,0.0,0.0,0.0,0.914,0.148,0.074,209,207,0.965,0.004,0.008,0.02,0.0,0.0,0.0,0.0,normal
0.279,tcp,http,SF,568,995,0,0,0,0,0,1,0,0,0,0,0,0,0,0,0,0,3,1,0.004,0.001,0.0,0.0,0.982,0.108,0.011,154,205,0.868,0.187,0.091,0.003,0.0,0.0,0.0,0.0,normal
0.691,tcp,http,SF,317,2686,0,0,0,0,0,1,0,0,0,0,0,0,0,0,0,0,4,3,0.0,0.099,0.0,0.0,0.955,0.148,0.037,74,225,0.882,0.194,0.098,0.01,0.0,0.0,0.0,0.0,normal
15.361,tcp,ssh,SF,3161,3786,0,0,0,0,0,1,0,0,0,0,0,0,0,0,0,0,3,6,0.0,0.001,0.0,0.0,0.865,0.052,0.063,248,93,0.937,0.155,0.124,0.018,0.0,0.0,0.0,0.0,normal
0.204,tcp,http,SF,203,2618,0,0,0,0,0,1,0,0,0,0,0,0,0,0,0,0,4,2,0.0,0.001,0.0,0.0,0.883,0.023,0.09,88,10,0.948,0.017,0.093,0.062,0.0,0.0,0.0,0.0,normal
80.14,tcp,ssh,SF,3247,4551,0,0,0,0,0,1,0,0,0,0,0,0,0,0,0,0,3,2,0.026,0.0,0.0,0.0,0.885,0.031,0.001,209,79,0.849,0.153,0.085,0.018,0.0,0.0,0.0,0.0,normal
1.574,tcp,http,SF,223,2778,0,0,0,0,0,1,0,0,0,0,0,0,0,0,0,0,3,6,0.0,0.002,0.0,0.0,0.944,0.07,0.088,91,28,0.996,0.007,0.031,0.071,0.0,0.0,0.0,0.0,normal
0.7,tcp,ssh,SF,2391,3614,0,0,0,0,0,1,0,0,0,0,0,0,0,0,0,0,2,2,0.0,0.0,0.0,0.0,0.905,0.034,0.008,193,34,0.992,0.158,0.037,0.053,0.0,0.0,0.0,0.0,normal
2.646,tcp,http,SF,208,4497,0,0,0,0,0,1,0,0,0,0,0,0,0,0,0,0,3,6,0.109,0.0,0.0,0.0,0.885,0.046,0.052,15,28,0.992,0.098,0.029,0.027,0.0,0.0,0.0,0.0,normal
5.517,tcp,http,SF,346,3434,0,0,0,0,0,1,0,0,0,0,0,0,0,0,0,0,11,3,0.0,0.0,0.0,0.0,0.918,0.048,0.067,249,128,0.815,0.07,0.015,0.006,0.0,0.0,0.0,0.0,normal
1.922,tcp,smtp,SF,862,966,0,0,0,0,0,1,0,0,0,0,0,0,0,0,0,0,3,2,0.111,0.0,0.0,0.0,0.996,0.104,0.047,27,85,0.873,0.122,0.038,0.015,0.0,0.0,0.0,0.0,normal
4.211,tcp,http,SF,516,9541,0,0,0,0,0,1,0,0,0,0,0,0,0,0,0,0,3,5,0.079,0.012,0.0,0.0,0.918,0.004,0.086,210,92,0.84,0.082,0.107,0.087,0.0,0.0,0.0,0.0,normal
0.006,udp,dns,SF,73,161,0,0,0,0,0,0,0,0,0,0,0,0,0,0,0,0,4,1,0.0,0.0,0.0,0.0,0.888,0.133,0.091,197,245,0.836,0.049,0.094,0.014,0.0,0.0,0.0,0.0,normal
0.237,tcp,http,SF,244,1992,0,0,0,0,0,1,0,0,0,0,0,0,0,0,0,0,3,1,0.036,0.0,0.0,0.0,0.92,0.007,0.003,98,43,0.919,0.16,0.142,0.018,0.0,0.0,0.0,0.0,normal
0.029,udp,dns,SF,56,84,0,0,0,0,0,0,0,0,0,0,0,0,0,0,0,0,4,2,0.0,0.07,0.0,0.0,0.961,0.075,0.021,122,10,0.941,0.133,0.1,0.044,0.0,0.0,0.0,0.0,normal
2.456,tcp,smtp,SF,942,1392,0,0,0,0,0,1,0,0,0,0,0,0,0,0,0,0,6,3,0.0,0.0,0.0,0.0,0.98,0.002,0.026,195,92,0.907,0.014,0.058,0.081,0.0,0.0,0.0,0.0,normal
0.027,udp,dns,SF,49,203,0,0,0,0,0,0,0,0,0,0,0,0,0,0,0,0,2,3,0.036,0.0,0.0,0.0,0.976,0.147,0.099,21,28,0.932,0.055,0.019,0.015,0.0,0.0,0.0,0.0,normal
4.766,tcp,http,SF,249,367,0,0,0,1,0,1,0,0,0,0,0,0,0,0,0,0,6,1,0.0,0.001,0.0,0.0,0.994,0.034,0.041,180,56,0.941,0.087,0.062,0.088,0.0,0.0,0.0,0.0,normal
0.976,tcp,http,SF,303,4340,0,0,0,0,0,1,0,0,0,0,0,0,0,0,0,0,8,4,0.001,0.001,0.0,0.0,0.941,0.14,0.078,230,192,0.866,0.022,0.134,0.05,0.0,0.0,0.0,0.0,normal
0.189,tcp,http,SF,308,1350,0,0,0,0,0,1,0,0,0,0,0,0,0,0,0,0,1,1,0.0,0.0,0.0,0.0,0.957,0.061,0.076,65,93,0.904,0.185,0.03,0.031,0.0,0.0,0.0,0.0,normal
0.074,udp,dns,SF,50,120,0,0,0,0,0,0,0,0,0,0,0,0,0,0,0,0,4,5,0.0,0.0,0.0,0.0,0.906,0.098,0.049,240,216,0.981,0.096,0.147,0.007,0.0,0.0,0.0,0.0,normal
0.829,tcp,http,SF,322,262,0,0,0,0,0,1,0,0,0,0,0,0,0,0,0,0,5,3,0.0,0.0,0.0,0.0,0.915,0.021,0.099,189,186,0.922,0.096,0.107,0.013,0.0,0.0,0.0,0.0,normal
0.027,udp,dns,SF,100,129,0,0,0,0,0,0,0,0,0,0,0,0,0,0,0,0,5,3,0.028,0.001,0.0,0.0,0.892,0.115,0.073,142,60,0.895,0.019,0.107,0.079,0.0,0.0,0.0,0.0,normal
2.061,tcp,http,SF,346,4580,0,0,0,0,0,1,0,0,0,0,0,0,0,0,0,0,2,5,0.0,0.0,0.0,0.0,0.961,0.055,0.081,31,211,0.913,0.044,0.146,0.095,0.0,0.0,0.0,0.0,normal
3.106,tcp,http,SF,519,2437,0,0,0,0,0,1,0,0,0,0,0,0,0,0,0,0,2,2,0.002,0.0,0.0,0.0,0.892,0.032,0.055,156,38,0.856,0.033,0.048,0.077,0.0,0.0,0.0,0.0,normal
1.101,tcp,http,SF,175,2405,0,0,0,0,0,1,0,0,0,0,0,0,0,0,0,0,5,2,0.0,0.0,0.0,0.0,0.875,0.061,0.088,197,107,0.822,0.197,0.075,0.034,0.0,0.0,0.0,0.0,normal
3.693,tcp,http,SF,301,2528,0,0,0,0,0,1,0,0,0,0,0,0,0,0,0,0,3,4,0.0,0.005,0.0,0.0,0.997,0.102,0.016,21,136,0.98,0.011,0.096,0.072,0.0,0.0,0.0,0.0,normal
1.353,tcp,http,SF,373,1535,0,0,0,0,0,1,0,0,0,0,0,0,0,0,0,0,1,1,0.009,0.004,0.0,0.0,0.894,0.034,0.051,105,101,0.866,0.036,0.127,0.071,0.0,0.0,0.0,0.0,normal
3.126,tcp,smtp,SF,1169,1182,0,0,0,0,0,1,0,0,0,0,0,0,0,0,0,0,3,1,0.0,0.015,0.0,0.0,0.967,0.104,0.046,28,178,0.933,0.001,0.105,0.026,0.0,0.0,0.0,0.0,normal
1.704,tcp,http,SF,863,72,0,0,0,0,0,1,0,0,0,0,0,0,0,0,0,0,1,2,0.153,0.0,0.0,0.0,0.946,0.054,0.071,237,80,0.967,0.193,0.044,0.078,0.0,0.0,0.0,0.0,normal
1.947,tcp,http,SF,718,374,0,0,0,0,0,1,0,0,0,0,0,0,0,0,0,0,4,4,0.003,0.058,0.0,0.0,0.928,0.138,0.082,213,104,0.977,0.076,0.041,0.061,0.0,0.0,0.0,0.0,normal
0.577,tcp,http,SF,259,3601,0,0,0,0,0,1,0,0,0,0,0,0,0,0,0,0,5,3,0.009,0.0,0.0,0.0,0.901,0.07,0.064,146,142,0.833,0.098,0.069,0.055,0.0,0.0,0.0,0.0,normal
0.735,tcp,http,SF,381,8314,0,0,0,0,0,1,0,0,0,0,0,0,0,0,0,0,4,4,0.017,0.001,0.0,0.0,0.955,0.145,0.085,223,210,0.945,0.129,0.133,0.061,0.0,0.0,0.0,0.0,normal
0.005,udp,dns,SF,46,96,0,0,0,0,0,0,0,0,0,0,0,0,0,0,0,0,4,4,0.0,0.0,0.0,0.0,0.869,0.103,0.043,150,46,1.0,0.187,0.147,0.014,0.0,0.0,0.0,0.0,normal
0.025,udp,dns,SF,61,127,0,0,0,0,0,0,0,0,0,0,0,0,0,0,0,0,2,1,0.0,0.0,0.0,0.0,0.934,0.065,0.059,207,180,0.914,0.112,0.065,0.043,0.0,0.0,0.0,0.0,normal
31.13,tcp,ssh,SF,1988,5029,0,0,0,0,0,1,0,0,0,0,0,0,0,0,0,0,4,9,0.045,0.002,0.0,0.0,0.957,0.002,0.076,179,169,0.855,0.138,0.02,0.082,0.0,0.0,0.0,0.0,normal
0.032,udp,dns,SF,104,137,0,0,0,0,0,0,0,0,0,0,0,0,0,0,0,0,4,3,0.0,0.0,0.0,0.0,0.909,0.037,0.076,134,15,0.963,0.161,0.133,0.009,0.0,0.0,0.0,0.0,normal
0.814,tcp,http,SF,567,4168,0,0,0,0,0,1,0,0,0,0,0,0,0,0,0,0,4,3,0.0,0.001,0.0,0.0,0.953,0.134,0.009,74,202,0.831,0.066,0.054,0.021,0.0,0.0,0.0,0.0,normal
1.074,tcp,smtp,SF,832,1295,0,0,0,1,0,1,0,0,0,0,0,0,0,0,0,0,3,3,0.0,0.0,0.0,0.0,0.963,0.065,0.027,219,44,0.8,0.023,0.025,0.069,0.0,0.0,0.0,0.0,normal
1.343,tcp,http,SF,514,3223,0,0,0,1,0,1,0,0,0,0,0,0,0,0,0,0,3,2,0.0,0.001,0.0,0.0,0.939,0.033,0.098,155,240,0.969,0.182,0.057,0.023,0.0,0.0,0.0,0.0,normal
0.668,tcp,http,SF,636,6773,0,0,0,1,0,1,0,0,0,0,0,0,0,0,0,0,3,4,0.0,0.0,0.0,0.0,0.964,0.145,0.089,108,31,0.996,0.03,0.006,0.075,0.0,0.0,0.0,0.0,normal
1.368,tcp,http,SF,261,8888,0,0,0,0,0,1,0,0,0,0,0,0,0,0,0,0,1,2,0.0,0.0,0.0,0.0,0.853,0.142,0.076,157,59,0.913,0.119,0.019,0.019,0.0,0.0,0.0,0.0,normal
32.094,tcp,ssh,SF,2371,3029,0,0,0,0,0,1,0,0,0,0,0,0,0,0,0,0,3,4,0.006,0.001,0.0,0.0,0.869,0.002,0.091,18,75,0.916,0.168,0.112,0.005,0.0,0.0,0.0,0.0,normal
5.116,tcp,http,SF,272,1005,0,0,0,0,0,1,0,0,0,0,0,0,0,0,0,0,3,3,0.003,0.0,0.0,0.0,0.893,0.072,0.02,146,212,0.985,0.081,0.067,0.098,0.0,0.0,0.0,0.0,normal
0.554,tcp,http,SF,478,11250,0,0,0,0,0,1,0,0,0,0,0,0,0,0,0,0,3,2,0.0,0.0,0.0,0.0,0.97,0.054,0.042,166,239,0.978,0.075,0.073,0.029,0.0,0.0,0.0,0.0,normal
0.033,udp,dns,SF,72,176,0,0,0,0,0,0,0,0,0,0,0,0,0,0,0,0,4,7,0.0,0.0,0.0,0.0,0.968,0.042,0.082,153,112,0.809,0.193,0.117,0.035,0.0,0.0,0.0,0.0,normal
0.676,tcp,http,SF,579,17066,0,0,0,0,0,1,0,0,0,0,0,0,0,0,0,0,3,3,0.0,0.002,0.0,0.0,0.86,0.104,0.094,44,213,0.874,0.047,0.018,0.087,0.0,0.0,0.0,0.0,normal
0.005,udp,dns,SF,64,98,0,0,0,1,0,0,0,0,0,0,0,0,0,0,0,0,8,3,0.007,0.0,0.0,0.0,0.941,0.112,0.086,235,17,0.945,0.063,0.126,0.008,0.0,0.0,0.0,0.0,normal
1.059,tcp,http,SF,280,3549,0,0,0,0,0,1,0,0,0,0,0,0,0,0,0,0,1,3,0.0,0.002,0.0,0.0,0.984,0.012,0.087,208,188,0.955,0.158,0.076,0.095,0.0,0.0,0.0,0.0,normal
0.62,tcp,http,SF,337,3853,0,0,0,0,0,1,0,0,0,0,0,0,0,0,0,0,3,2,0.0,0.01,0.0,0.0,0.962,0.078,0.007,181,184,0.904,0.062,0.001,0.023,0.0,0.0,0.0,0.0,normal
1.125,tcp,http,SF,562,2326,0,0,0,0,0,1,0,0,0,0,0,0,0,0,0,0,2,5,0.001,0.0,0.0,0.0,0.868,0.087,0.074,207,146,0.801,0.056,0.117,0.074,0.0,0.0,0.0,0.0,normal
0.093,tcp,http,SF,544,874,0,0,0,0,0,1,0,0,0,0,0,0,0,0,0,0,4,1,0.0,0.05,0.0,0.0,0.904,0.079,0.063,179,57,0.999,0.041,0.002,0.094,0.0,0.0,0.0,0.0,normal
0.264,tcp,http,SF,387,1050,0,0,0,0,0,1,0,0,0,0,0,0,0,0,0,0,6,5,0.042,0.0,0.0,0.0,0.957,0.147,0.01,191,76,0.909,0.169,0.076,0.006,0.0,0.0,0.0,0.0,normal
0.142,tcp,http,SF,331,2490,0,0,0,0,0,1,0,0,0,0,0,0,0,0,0,0,3,3,0.0,0.0,0.0,0.0,0.85,0.041,0.055,104,140,0.826,0.123,0.15,0.058,0.0,0.0,0.0,0.0,normal
0.496,tcp,http,SF,822,5620,0,0,0,0,0,1,0,0,0,0,0,0,0,0,0,0,1,2,0.0,0.008,0.0,0.0,0.989,0.119,0.074,13,129,0.98,0.097,0.14,0.08,0.0,0.0,0.0,0.0,normal
0.698,tcp,http,SF,370,3800,0,0,0,0,0,1,0,0,0,0,0,0,0,0,0,0,5,2,0.011,0.009,0.0,0.0,0.942,0.037,0.033,169,238,0.946,0.147,0.143,0.001,0.0,0.0,0.0,0.0,normal
0.229,tcp,smtp,SF,769,1373,0,0,0,0,0,1,0,0,0,0,0,0,0,0,0,0,3,2,0.028,0.0,0.0,0.0,0.9,0.042,0.084,124,131,0.886,0.029,0.131,0.005,0.0,0.0,0.0,0.0,normal
0.961,tcp,http,SF,541,950,0,0,0,0,0,1,0,0,0,0,0,0,0,0,0,0,4,1,0.072,0.005,0.0,0.0,0.971,0.038,0.096,112,66,0.925,0.109,0.021,0.036,0.0,0.0,0.0,0.0,normal
1.518,tcp,http,SF,398,12439,0,0,0,0,0,1,0,0,0,0,0,0,0,0,0,0,8,1,0.001,0.0,0.0,0.0,0.861,0.076,0.026,76,235,0.957,0.022,0.036,0.046,0.0,0.0,0.0,0.0,normal
1.325,tcp,http,SF,199,6533,0,0,0,0,0,1,0,0,0,0,0,0,0,0,0,0,4,3,0.001,0.0,0.0,0.0,0.943,0.065,0.087,173,108,0.989,0.175,0.063,0.037,0.0,0.0,0.0,0.0,normal
1.693,tcp,http,SF,319,3287,0,0,0,0,0,1,0,0,0,0,0,0,0,0,0,0,3,4,0.0,0.008,0.0,0.0,0.87,0.054,0.04,125,37,0.812,0.176,0.133,0.0,0.0,0.0,0.0,0.0,normal
3.948,tcp,http,SF,269,6256,0,0,0,0,0,1,0,0,0,0,0,0,0,0,0,0,4,2,0.0,0.0,0.0,0.0,0.911,0.029,0.098,220,108,0.867,0.034,0.15,0.086,0.0,0.0,0.0,0.0,normal
0.188,tcp,http,SF,497,1020,0,0,0,0,0,1,0,0,0,0,0,0,0,0,0,0,4,1,0.0,0.0,0.0,0.0,0.976,0.019,0.07,161,111,0.807,0.107,0.038,0.061,0.0,0.0,0.0,0.0,normal
0.115,tcp,http,SF,270,751,0,0,0,0,0,1,0,0,0,0,0,0,0,0,0,0,1,5,0.037,0.013,0.0,0.0,0.95,0.029,0.014,99,245,0.974,0.15,0.142,0.05,0.0,0.0,0.0,0.0,normal
2.419,tcp,http,SF,307,217,0,0,0,0,0,1,0,0,0,0,0,0,0,0,0,0,3,3,0.005,0.0,0.0,0.0,0.961,0.032,0.022,53,93,0.893,0.103,0.1,0.059,0.0,0.0,0.0,0.0,normal
0.07,udp,dns,SF,67,131,0,0,0,0,0,0,0,0,0,0,0,0,0,0,0,0,7,4,0.011,0.102,0.0,0.0,0.958,0.072,0.077,229,246,0.84,0.004,0.123,0.04,0.0,0.0,0.0,0.0,normal
5.503,tcp,http,SF,604,5184,0,0,0,0,0,1,0,0,0,0,0,0,0,0,0,0,8,2,0.003,0.0,0.0,0.0,0.91,0.012,0.078,117,49,0.987,0.198,0.018,0.068,0.0,0.0,0.0,0.0,normal
2.869,tcp,http,SF,308,502,0,0,0,0,0,1,0,0,0,0,0,0,0,0,0,0,6,4,0.0,0.0,0.0,0.0,0.99,0.063,0.014,126,90,0.879,0.117,0.041,0.055,0.0,0.0,0.0,0.0,normal
3.389,tcp,http,SF,440,1871,0,0,0,0,0,1,0,0,0,0,0,0,0,0,0,0,4,3,0.088,0.0,0.0,0.0,0.857,0.045,0.014,207,177,0.902,0.188,0.055,0.004,0.0,0.0,0.0,0.0,normal
2.45,tcp,http,SF,409,25187,0,0,0,0,0,1,0,0,0,0,0,0,0,0,0,0,4,5,0.01,0.0,0.0,0.0,0.911,0.127,0.055,105,229,0.847,0.088,0.075,0.04,0.0,0.0,0.0,0.0,normal
2.253,tcp,http,SF,277,925,0,0,0,0,0,1,0,0,0,0,0,0,0,0,0,0,2,3,0.0,0.0,0.0,0.0,0.929,0.071,0.064,170,66,0.845,0.15,0.044,0.073,0.0,0.0,0.0,0.0,normal
0.04,udp,dns,SF,42,88,0,0,0,0,0,0,0,0,0,0,0,0,0,0,0,0,1,4,0.002,0.0,0.0,0.0,0.861,0.139,0.015,135,128,0.887,0.065,0.081,0.0,0.0,0.0,0.0,0.0,normal
4.671,tcp,http,SF,223,6203,0,0,0,0,0,1,0,0,0,0,0,0,0,0,0,0,3,2,0.072,0.0,0.0,0.0,0.851,0.094,0.065,103,194,0.985,0.151,0.11,0.025,0.0,0.0,0.0,0.0,normal
3.027,tcp,http,SF,378,2140,0,0,0,0,0,1,0,0,0,0,0,0,0,0,0,0,7,5,0.0,0.0,0.0,0.0,0.929,0.019,0.001,146,62,0.945,0.166,0.051,0.054,0.0,0.0,0.0,0.0,normal
0.415,tcp,http,SF,333,4451,0,0,0,0,0,1,0,0,0,0,0,0,0,0,0,0,3,7,0.0,0.0,0.0,0.0,0.889,0.132,0.092,163,227,0.92,0.195,0.131,0.01,0.0,0.0,0.0,0.0,normal
4.396,tcp,other,SF,128,179,0,0,0,0,0,0,0,0,0,0,0,0,0,0,0,0,2,3,0.0,0.0,0.0,0.0,0.897,0.021,0.08,159,252,0.872,0.173,0.114,0.091,0.0,0.0,0.0,0.0,normal
1.505,tcp,http,SF,561,451,0,0,0,0,0,1,0,0,0,0,0,0,0,0,0,0,3,7,0.002,0.0,0.0,0.0,0.996,0.034,0.091,121,114,0.8,0.109,0.094,0.087,0.0,0.0,0.0,0.0,normal
0.656,tcp,http,SF,468,4983,0,0,0,0,0,1,0,0,0,0,0,0,0,0,0,0,3,4,0.0,0.041,0.0,0.0,0.98,0.059,0.073,162,188,0.836,0.103,0.139,0.026,0.0,0.0,0.0,0.0,normal
4.402,tcp,http,SF,381,3091,0,0,0,0,0,1,0,0,0,0,0,0,0,0,0,0,4,7,0.048,0.001,0.0,0.0,0.869,0.034,0.054,49,201,0.884,0.077,0.098,0.016,0.0,0.0,0.0,0.0,normal
1.411,tcp,http,SF,462,702,0,0,0,0,0,1,0,0,0,0,0,0,0,0,0,0,7,1,0.0,0.0,0.0,0.0,0.927,0.045,0.026,205,249,0.907,0.112,0.001,0.018,0.0,0.0,0.0,0.0,normal
0.004,udp,dns,SF,86,153,0,0,0,0,0,0,0,0,0,0,0,0,0,0,0,0,6,7,0.0,0.004,0.0,0.0,0.968,0.111,0.099,164,199,0.857,0.003,0.145,0.072,0.0,0.0,0.0,0.0,normal
2.42,tcp,http,SF,265,1532,0,0,0,0,0,1,0,0,0,0,0,0,0,0,0,0,3,1,0.0,0.0,0.0,0.0,0.871,0.054,0.056,20,141,0.966,0.186,0.015,0.022,0.0,0.0,0.0,0.0,normal
0.003,udp,dns,SF,60,128,0,0,0,0,0,0,0,0,0,0,0,0,0,0,0,0,2,3,0.0,0.0,0.0,0.0,0.881,0.035,0.089,42,224,0.934,0.033,0.057,0.024,0.0,0.0,0.0,0.0,normal
261.148,tcp,ssh,SF,2028,4140,0,0,0,0,0,1,0,0,0,0,0,0,0,0,0,0,3,1,0.006,0.013,0.0,0.0,0.946,0.052,0.003,129,118,0.809,0.094,0.07,0.018,0.0,0.0,0.0,0.0,normal
0.051,udp,dns,SF,57,116,0,0,0,0,0,0,0,0,0,0,0,0,0,0,0,0,2,3,0.0,0.002,0.0,0.0,0.917,0.107,0.038,189,117,0.833,0.136,0.012,0.099,0.0,0.0,0.0,0.0,normal
0.577,tcp,http,SF,354,345,0,0,0,0,0,1,0,0,0,0,0,0,0,0,0,0,3,1,0.07,0.0,0.0,0.0,0.923,0.053,0.091,36,93,0.996,0.187,0.04,0.034,0.0,0.0,0.0,0.0,normal
0.074,udp,dns,SF,90,196,0,0,0,0,0,0,0,0,0,0,0,0,0,0,0,0,5,2,0.0,0.112,0.0,0.0,0.94,0.123,0.044,103,96,0.931,0.081,0.083,0.028,0.0,0.0,0.0,0.0,normal
0.818,tcp,http,SF,223,6597,0,0,0,0,0,1,0,0,0,0,0,0,0,0,0,0,6,3,0.004,0.0,0.0,0.0,0.935,0.067,0.032,109,10,0.804,0.048,0.018,0.012,0.0,0.0,0.0,0.0,normal
0.614,tcp,http,SF,220,520,0,0,0,0,0,1,0,0,0,0,0,0,0,0,0,0,4,4,0.0,0.053,0.0,0.0,0.897,0.091,0.06,133,76,0.99,0.061,0.121,0.083,0.0,0.0,0.0,0.0,normal
0.006,udp,dns,SF,68,182,0,0,0,0,0,0,0,0,0,0,0,0,0,0,0,0,7,1,0.005,0.001,0.0,0.0,0.925,0.04,0.069,99,204,0.82,0.183,0.004,0.069,0.0,0.0,0.0,0.0,normal
1.181,tcp,http,SF,289,116,0,0,0,0,0,1,0,0,0,0,0,0,0,0,0,0,8,2,0.0,0.0,0.0,0.0,0.871,0.14,0.063,174,216,0.981,0.186,0.112,0.031,0.0,0.0,0.0,0.0,normal
3.133,tcp,other,SF,185,223,0,0,0,0,0,0,0,0,0,0,0,0,0,0,0,0,4,2,0.0,0.001,0.0,0.0,0.958,0.017,0.064,80,100,0.89,0.136,0.119,0.035,0.0,0.0,0.0,0.0,normal
4.089,tcp,http,SF,226,6010,0,0,0,0,0,1,0,0,0,0,0,0,0,0,0,0,2,3,0.001,0.02,0.0,0.0,0.95,0.113,0.032,194,108,0.992,0.115,0.076,0.099,0.0,0.0,0.0,0.0,normal
1.151,tcp,http,SF,320,1142,0,0,0,0,0,1,0,0,0,0,0,0,0,0,0,0,4,3,0.0,0.072,0.0,0.0,0.899,0.01,0.031,207,208,0.933,0.048,0.108,0.071,0.0,0.0,0.0,0.0,normal
2.939,tcp,http,SF,402,2937,0,0,0,0,0,1,0,0,0,0,0,0,0,0,0,0,4,2,0.02,0.0,0.0,0.0,0.896,0.001,0.06,208,157,0.926,0.054,0.122,0.049,0.0,0.0,0.0,0.0,normal
0.068,udp,dns,SF,103,122,0,0,0,0,0,0,0,0,0,0,0,0,0,0,0,0,3,4,0.0,0.0,0.0,0.0,0.885,0.009,0.007,15,54,0.863,0.03,0.055,0.092,0.0,0.0,0.0,0.0,normal
1.189,tcp,http,SF,294,1385,0,0,0,0,0,1,0,0,0,0,0,0,0,0,0,0,5,4,0.0,0.0,0.0,0.0,0.91,0.05,0.043,227,64,0.837,0.161,0.034,0.074,0.0,0.0,0.0,0.0,normal
3.593,tcp,http,SF,368,7552,0,0,0,0,0,1,0,0,0,0,0,0,0,0,0,0,3,3,0.0,0.002,0.0,0.0,0.982,0.091,0.082,66,26,0.871,0.105,0.087,0.01,0.0,0.0,0.0,0.0,normal
2.619,tcp,http,SF,279,2854,0,0,0,0,0,1,0,0,0,0,0,0,0,0,0,0,6,2,0.001,0.054,0.0,0.0,0.986,0.035,0.008,33,186,0.901,0.01,0.042,0.033,0.0,0.0,0.0,0.0,normal
3.013,tcp,http,SF,222,4736,0,0,0,0,0,1,0,0,0,0,0,0,0,0,0,0,4,3,0.0,0.009,0.0,0.0,0.931,0.089,0.089,125,132,0.831,0.036,0.024,0.094,0.0,0.0,0.0,0.0,normal
86.266,tcp,ssh,SF,2957,3222,0,0,0,0,0,1,0,0,0,0,0,0,0,0,0,0,6,3,0.0,0.0,0.0,0.0,0.911,0.052,0.011,75,97,0.867,0.169,0.138,0.002,0.0,0.0,0.0,0.0,normal
0.008,udp,dns,SF,61,176,0,0,0,0,0,0,0,0,0,0,0,0,0,0,0,0,3,4,0.016,0.0,0.0,0.0,0.913,0.022,0.027,82,13,0.864,0.116,0.143,0.018,0.0,0.0,0.0,0.0,normal
0.003,udp,dns,SF,51,162,0,0,0,0,0,0,0,0,0,0,0,0,0,0,0,0,1,8,0.0,0.0,0.0,0.0,0.931,0.122,0.001,199,216,0.915,0.151,0.114,0.09,0.0,0.0,0.0,0.0,normal
0.565,tcp,http,SF,372,2988,0,0,0,0,0,1,0,0,0,0,0,0,0,0,0,0,3,4,0.001,0.038,0.0,0.0,0.879,0.109,0.007,11,136,0.811,0.106,0.103,0.042,0.0,0.0,0.0,0.0,normal
0.712,tcp,http,SF,209,2454,0,0,0,0,0,1,0,0,0,0,0,0,0,0,0,0,5,6,0.013,0.021,0.0,0.0,0.952,0.016,0.011,212,108,0.801,0.144,0.081,0.008,0.0,0.0,0.0,0.0,normal
3.472,tcp,http,SF,430,1282,0,0,0,0,0,1,0,0,0,0,0,0,0,0,0,0,5,3,0.007,0.0,0.0,0.0,0.985,0.148,0.058,94,182,0.85,0.058,0.128,0.04,0.0,0.0,0.0,0.0,normal
1.439,tcp,http,SF,247,235,0,0,0,0,0,1,0,0,0,0,0,0,0,0,0,0,2,4,0.002,0.0,0.0,0.0,0.879,0.14,0.06,70,193,0.873,0.175,0.087,0.06,0.0,0.0,0.0,0.0,normal
9.245,tcp,http,SF,360,1153,0,0,0,0,0,1,0,0,0,0,0,0,0,0,0,0,4,4,0.0,0.0,0.0,0.0,0.967,0.064,0.001,147,178,0.869,0.03,0.024,0.077,0.0,0.0,0.0,0.0,normal
16.609,tcp,ssh,SF,1514,3350,0,0,0,0,0,1,0,0,0,0,0,0,0,0,0,0,4,1,0.001,0.0,0.0,0.0,0.854,0.0,0.082,248,126,0.814,0.069,0.076,0.014,0.0,0.0,0.0,0.0,normal
0.813,tcp,http,SF,389,14645,0,0,0,0,0,1,0,0,0,0,0,0,0,0,0,0,6,7,0.002,0.002,0.0,0.0,0.895,0.027,0.022,71,220,0.893,0.132,0.077,0.083,0.0,0.0,0.0,0.0,normal
4.726,tcp,smtp,SF,985,773,0,0,0,0,0,1,0,0,0,0,0,0,0,0,0,0,8,5,0.0,0.0,0.0,0.0,0.942,0.103,0.0,217,141,0.915,0.066,0.051,0.032,0.0,0.0,0.0,0.0,normal
1.347,tcp,http,SF,431,3200,0,0,0,1,0,1,0,0,0,0,0,0,0,0,0,0,10,1,0.0,0.0,0.0,0.0,0.976,0.052,0.06,128,143,0.859,0.088,0.127,0.055,0.0,0.0,0.0,0.0,normal
0.467,tcp,http,SF,230,1140,0,0,0,0,0,1,0,0,0,0,0,0,0,0,0,0,2,1,0.0,0.0,0.0,0.0,0.881,0.018,0.036,47,166,0.897,0.02,0.011,0.068,0.0,0.0,0.0,0.0,normal
2.301,tcp,http,SF,261,1647,0,0,0,0,0,1,0,0,0,0,0,0,0,0,0,0,2,2,0.0,0.019,0.0,0.0,0.969,0.13,0.084,167,22,0.94,0.141,0.141,0.026,0.0,0.0,0.0,0.0,normal
2.472,tcp,http,SF,442,946,0,0,0,0,0,1,0,0,0,0,0,0,0,0,0,0,3,5,0.015,0.006,0.0,0.0,0.922,0.127,0.051,87,201,0.944,0.053,0.046,0.09,0.0,0.0,0.0,0.0,normal
0.036,udp,dns,SF,87,147,0,0,0,0,0,0,0,0,0,0,0,0,0,0,0,0,3,8,0.0,0.0,0.0,0.0,0.962,0.08,0.03,83,164,0.878,0.157,0.0,0.082,0.0,0.0,0.0,0.0,normal
0.615,tcp,http,SF,662,862,0,0,0,0,0,1,0,0,0,0,0,0,0,0,0,0,8,1,0.0,0.0,0.0,0.0,0.957,0.114,0.057,213,227,0.991,0.007,0.102,0.024,0.0,0.0,0.0,0.0,normal
4.894,tcp,smtp,SF,1346,2424,0,0,0,0,0,1,0,0,0,0,0,0,0,0,0,0,4,2,0.0,0.0,0.0,0.0,0.989,0.034,0.051,221,148,0.93,0.066,0.015,0.092,0.0,0.0,0.0,0.0,normal
38.684,tcp,ssh,SF,3147,3539,0,0,0,0,0,1,0,0,0,0,0,0,0,0,0,0,1,2,0.0,0.0,0.0,0.0,0.893,0.036,0.085,121,178,0.895,0.055,0.02,0.004,0.0,0.0,0.0,0.0,normal
2.171,tcp,http,SF,153,434,0,0,0,0,0,1,0,0,0,0,0,0,0,0,0,0,3,7,0.0,0.014,0.0,0.0,0.873,0.076,0.016,189,158,0.862,0.049,0.066,0.058,0.0,0.0,0.0,0.0,normal
2.184,tcp,http,SF,517,92,0,0,0,0,0,1,0,0,0,0,0,0,0,0,0,0,1,5,0.008,0.02,0.0,0.0,0.909,0.13,0.065,79,116,0.957,0.011,0.122,0.081,0.0,0.0,0.0,0.0,normal
1.532,tcp,http,SF,378,7689,0,0,0,0,0,1,0,0,0,0,0,0,0,0,0,0,1,1,0.007,0.001,0.0,0.0,0.887,0.134,0.088,212,163,0.921,0.19,0.113,0.068,0.0,0.0,0.0,0.0,normal
3.511,tcp,http,SF,808,7713,0,0,0,0,0,1,0,0,0,0,0,0,0,0,0,0,3,2,0.028,0.0,0.0,0.0,0.918,0.062,0.07,151,112,0.818,0.17,0.064,0.066,0.0,0.0,0.0,0.0,normal
0.947,tcp,http,SF,296,3442,0,0,0,0,0,1,0,0,0,0,0,0,0,0,0,0,6,3,0.0,0.021,0.0,0.0,0.924,0.015,0.08,193,165,0.876,0.195,0.051,0.091,0.0,0.0,0.0,0.0,normal
0.053,udp,dns,SF,69,152,0,0,0,0,0,0,0,0,0,0,0,0,0,0,0,0,4,2,0.0,0.087,0.0,0.0,0.959,0.027,0.057,118,228,0.876,0.186,0.106,0.03,0.0,0.0,0.0,0.0,normal
0.002,udp,dns,SF,42,91,0,0,0,0,0,0,0,0,0,0,0,0,0,0,0,0,4,3,0.0,0.0,0.0,0.0,0.862,0.149,0.086,152,87,0.974,0.136,0.1,0.014,0.0,0.0,0.0,0.0,normal
2.489,tcp,http,SF,437,14964,0,0,0,0,0,1,0,0,0,0,0,0,0,0,0,0,3,4,0.001,0.002,0.0,0.0,0.9,0.051,0.042,93,218,0.848,0.05,0.001,0.016,0.0,0.0,0.0,0.0,normal
35.653,tcp,ssh,SF,3311,3102,0,0,0,0,0,1,0,0,0,0,0,0,0,0,0,0,1,5,0.0,0.067,0.0,0.0,0.858,0.086,0.003,109,184,0.947,0.113,0.025,0.088,0.0,0.0,0.0,0.0,normal
1.692,tcp,http,SF,297,5134,0,0,0,0,0,1,0,0,0,0,0,0,0,0,0,0,3,1,0.0,0.0,0.0,0.0,0.866,0.089,0.1,122,52,0.991,0.173,0.148,0.077,0.0,0.0,0.0,0.0,normal
3.567,tcp,http,SF,458,6504,0,0,0,0,0,1,0,0,0,0,0,0,0,0,0,0,3,2,0.0,0.0,0.0,0.0,1.0,0.045,0.029,235,145,0.971,0.091,0.037,0.057,0.0,0.0,0.0,0.0,normal
2.04,tcp,http,SF,301,8061,0,0,0,1,0,1,0,0,0,0,0,0,0,0,0,0,5,1,0.012,0.0,0.0,0.0,0.957,0.095,0.072,169,211,0.82,0.0,0.008,0.071,0.0,0.0,0.0,0.0,normal
2.2,tcp,http,SF,431,12085,0,0,0,0,0,1,0,0,0,0,0,0,0,0,0,0,6,2,0.0,0.0,0.0,0.0,0.892,0.086,0.091,50,134,0.935,0.141,0.023,0.035,0.0,0.0,0.0,0.0,normal
0.496,tcp,http,SF,406,3115,0,0,0,0,0,1,0,0,0,0,0,0,0,0,0,0,4,1,0.0,0.003,0.0,0.0,0.943,0.043,0.016,233,227,0.914,0.042,0.062,0.007,0.0,0.0,0.0,0.0,normal
52.068,tcp,ssh,SF,1781,4045,0,0,0,0,0,1,0,0,0,0,0,0,0,0,0,0,7,1,0.0,0.0,0.0,0.0,0.9,0.126,0.035,121,11,0.922,0.048,0.019,0.026,0.0,0.0,0.0,0.0,normal
1.502,tcp,http,SF,376,11756,0,0,0,0,0,1,0,0,0,0,0,0,0,0,0,0,4,3,0.007,0.103,0.0,0.0,0.993,0.051,0.028,198,102,0.96,0.024,0.031,0.023,0.0,0.0,0.0,0.0,normal
0.07,udp,dns,SF,61,187,0,0,0,0,0,0,0,0,0,0,0,0,0,0,0,0,2,4,0.0,0.0,0.0,0.0,0.984,0.056,0.033,108,200,0.802,0.034,0.011,0.051,0.0,0.0,0.0,0.0,normal
0.045,udp,dns,SF,63,157,0,0,0,0,0,0,0,0,0,0,0,0,0,0,0,0,2,3,0.0,0.005,0.0,0.0,0.99,0.012,0.085,58,54,0.94,0.037,0.09,0.024,0.0,0.0,0.0,0.0,normal
1.464,tcp,http,SF,158,2218,0,0,0,0,0,1,0,0,0,0,0,0,0,0,0,0,2,2,0.0,0.0,0.0,0.0,0.992,0.139,0.017,168,24,0.966,0.058,0.087,0.098,0.0,0.0,0.0,0.0,normal
0.434,tcp,http,SF,348,11584,0,0,0,0,0,1,0,0,0,0,0,0,0,0,0,0,6,5,0.012,0.001,0.0,0.0,0.878,0.03,0.072,183,193,0.98,0.055,0.008,0.051,0.0,0.0,0.0,0.0,normal
2.607,tcp,http,SF,596,7810,0,0,0,0,0,1,0,0,0,0,0,0,0,0,0,0,6,4,0.0,0.0,0.0,0.0,0.893,0.021,0.054,162,194,0.966,0.094,0.107,0.083,0.0,0.0,0.0,0.0,normal
2.511,tcp,http,SF,375,226,0,0,0,0,0,1,0,0,0,0,0,0,0,0,0,0,4,4,0.0,0.0,0.0,0.0,0.856,0.141,0.007,13,223,0.966,0.119,0.005,0.062,0.0,0.0,0.0,0.0,normal
5.356,tcp,http,SF,457,3137,0,0,0,0,0,1,0,0,0,0,0,0,0,0,0,0,3,3,0.0,0.0,0.0,0.0,0.951,0.009,0.034,149,231,0.965,0.115,0.073,0.099,0.0,0.0,0.0,0.0,normal
11.118,tcp,http,SF,453,367,0,0,0,0,0,1,0,0,0,0,0,0,0,0,0,0,3,5,0.003,0.045,0.0,0.0,0.956,0.048,0.071,15,92,0.836,0.104,0.103,0.052,0.0,0.0,0.0,0.0,normal
0.091,udp,dns,SF,73,152,0,0,0,0,0,0,0,0,0,0,0,0,0,0,0,0,3,5,0.002,0.001,0.0,0.0,0.968,0.011,0.044,137,220,0.873,0.101,0.003,0.022,0.0,0.0,0.0,0.0,normal
4.391,tcp,http,SF,396,2858,0,0,0,0,0,1,0,0,0,0,0,0,0,0,0,0,3,3,0.002,0.014,0.0,0.0,0.911,0.054,0.015,49,91,0.976,0.02,0.144,0.011,0.0,0.0,0.0,0.0,normal
1.391,tcp,http,SF,406,2597,0,0,0,0,0,1,0,0,0,0,0,0,0,0,0,0,3,3,0.031,0.0,0.0,0.0,0.922,0.102,0.045,96,20,0.845,0.199,0.052,0.032,0.0,0.0,0.0,0.0,normal
0.346,tcp,http,SF,168,4293,0,0,0,0,0,1,0,0,0,0,0,0,0,0,0,0,1,5,0.095,0.008,0.0,0.0,0.876,0.008,0.085,219,80,0.824,0.071,0.012,0.098,0.0,0.0,0.0,0.0,normal
1.939,tcp,http,SF,443,2653,0,0,0,0,0,1,0,0,0,0,0,0,0,0,0,0,3,3,0.001,0.0,0.0,0.0,0.953,0.113,0.095,24,68,0.913,0.008,0.015,0.037,0.0,0.0,0.0,0.0,normal
7.4,tcp,smtp,SF,1193,1158,0,0,0,0,0,1,0,0,0,0,0,0,0,0,0,0,1,1,0.0,0.008,0.0,0.0,0.922,0.007,0.092,61,126,0.88,0.172,0.127,0.073,0.0,0.0,0.0,0.0,normal
3.305,tcp,http,SF,521,6234,0,0,0,0,0,1,0,0,0,0,0,0,0,0,0,0,2,4,0.0,0.114,0.0,0.0,0.987,0.101,0.08,67,83,0.949,0.028,0.112,0.088,0.0,0.0,0.0,0.0,normal
2.453,tcp,http,SF,421,679,0,0,0,0,0,1,0,0,0,0,0,0,0,0,0,0,6,3,0.0,0.058,0.0,0.0,0.995,0.085,0.024,164,166,0.983,0.138,0.004,0.092,0.0,0.0,0.0,0.0,normal
1.138,tcp,http,SF,423,2378,0,0,0,0,0,1,0,0,0,0,0,0,0,0,0,0,3,6,0.0,0.0,0.0,0.0,0.979,0.079,0.081,185,50,0.82,0.126,0.109,0.005,0.0,0.0,0.0,0.0,normal
0.045,udp,dns,SF,68,169,0,0,0,0,0,0,0,0,0,0,0,0,0,0,0,0,4,2,0.0,0.0,0.0,0.0,0.861,0.116,0.008,158,92,0.95,0.142,0.0,0.02,0.0,0.0,0.0,0.0,normal
1.295,tcp,http,SF,331,875,0,0,0,0,0,1,0,0,0,0,0,0,0,0,0,0,2,2,0.001,0.009,0.0,0.0,0.907,0.012,0.007,28,71,0.86,0.186,0.15,0.014,0.0,0.0,0.0,0.0,normal
2.637,tcp,smtp,SF,1157,528,0,0,0,0,0,1,0,0,0,0,0,0,0,0,0,0,5,1,0.0,0.0,0.0,0.0,0.874,0.041,0.087,156,201,0.889,0.182,0.123,0.011,0.0,0.0,0.0,0.0,normal
1.19,tcp,http,SF,382,3293,0,0,0,0,0,1,0,0,0,0,0,0,0,0,0,0,3,2,0.001,0.014,0.0,0.0,0.887,0.01,0.084,222,130,0.869,0.011,0.01,0.009,0.0,0.0,0.0,0.0,normal
1.055,tcp,http,SF,232,1178,0,0,0,0,0,1,0,0,0,0,0,0,0,0,0,0,1,2,0.017,0.0,0.0,0.0,0.919,0.101,0.029,170,226,0.956,0.11,0.069,0.062,0.0,0.0,0.0,0.0,normal
1.531,tcp,http,SF,349,3899,0,0,0,0,0,1,0,0,0,0,0,0,0,0,0,0,3,3,0.001,0.0,0.0,0.0,0.856,0.036,0.03,13,234,0.917,0.142,0.101,0.039,0.0,0.0,0.0,0.0,normal
0.007,tcp,http,SF,577,3676,0,0,0,0,0,1,0,0,0,0,0,0,0,0,0,0,7,6,0.0,0.0,0.0,0.0,0.907,0.003,0.088,164,202,0.89,0.109,0.031,0.041,0.0,0.0,0.0,0.0,normal
1.205,tcp,http,SF,409,2718,0,0,0,0,0,1,0,0,0,0,0,0,0,0,0,0,3,6,0.0,0.002,0.0,0.0,0.858,0.11,0.097,202,85,0.982,0.165,0.112,0.095,0.0,0.0,0.0,0.0,normal
2.683,tcp,http,SF,439,369,0,0,0,0,0,1,0,0,0,0,0,0,0,0,0,0,7,4,0.0,0.0,0.0,0.0,0.874,0.073,0.084,85,90,0.839,0.002,0.093,0.029,0.0,0.0,0.0,0.0,normal
1.641,tcp,http,SF,279,242,0,0,0,0,0,1,0,0,0,0,0,0,0,0,0,0,5,3,0.0,0.0,0.0,0.0,0.92,0.077,0.003,106,23,0.874,0.177,0.119,0.011,0.0,0.0,0.0,0.0,normal
0.076,udp,dns,SF,58,106,0,0,0,0,0,0,0,0,0,0,0,0,0,0,0,0,4,2,0.004,0.009,0.0,0.0,0.871,0.089,0.058,161,169,0.988,0.098,0.012,0.048,0.0,0.0,0.0,0.0,normal
0.609,tcp,http,SF,407,197,0,0,0,0,0,1,0,0,0,0,0,0,0,0,0,0,3,2,0.002,0.0,0.0,0.0,0.932,0.149,0.043,197,151,0.984,0.097,0.117,0.055,0.0,0.0,0.0,0.0,normal
4.007,tcp,smtp,SF,906,1196,0,0,0,0,0,1,0,0,0,0,0,0,0,0,0,0,4,4,0.0,0.02,0.0,0.0,0.942,0.103,0.054,153,16,0.815,0.195,0.112,0.095,0.0,0.0,0.0,0.0,normal
6.271,tcp,ssh,SF,2194,4630,0,0,0,0,0,1,0,0,0,0,0,0,0,0,0,0,3,4,0.0,0.007,0.0,0.0,0.905,0.141,0.064,214,134,0.898,0.156,0.049,0.009,0.0,0.0,0.0,0.0,normal
1.533,tcp,http,SF,260,2900,0,0,0,0,0,1,0,0,0,0,0,0,0,0,0,0,7,1,0.0,0.001,0.0,0.0,0.927,0.117,0.007,220,92,0.992,0.065,0.093,0.052,0.0,0.0,0.0,0.0,normal
1.739,tcp,http,SF,313,1186,0,0,0,0,0,1,0,0,0,0,0,0,0,0,0,0,8,4,0.044,0.0,0.0,0.0,0.911,0.115,0.099,42,12,0.853,0.093,0.033,0.003,0.0,0.0,0.0,0.0,normal
2.399,tcp,http,SF,409,1554,0,0,0,0,0,1,0,0,0,0,0,0,0,0,0,0,7,4,0.0,0.0,0.0,0.0,0.997,0.006,0.062,220,158,0.864,0.18,0.083,0.025,0.0,0.0,0.0,0.0,normal
0.019,tcp,http,SF,140,7750,0,0,0,0,0,1,0,0,0,0,0,0,0,0,0,0,4,2,0.0,0.034,0.0,0.0,0.968,0.102,0.057,36,253,0.894,0.124,0.076,0.026,0.0,0.0,0.0,0.0,normal
1.791,tcp,http,SF,177,975,0,0,0,0,0,1,0,0,0,0,0,0,0,0,0,0,4,3,0.0,0.001,0.0,0.0,0.952,0.136,0.018,208,87,0.918,0.2,0.12,0.092,0.0,0.0,0.0,0.0,normal
4.715,tcp,http,SF,326,6009,0,0,0,0,0,1,0,0,0,0,0,0,0,0,0,0,6,2,0.0,0.01,0.0,0.0,0.917,0.013,0.023,28,171,0.881,0.137,0.1,0.061,0.0,0.0,0.0,0.0,normal
1.037,tcp,http,SF,272,8567,0,0,0,0,0,1,0,0,0,0,0,0,0,0,0,0,4,1,0.0,0.0,0.0,0.0,0.852,0.041,0.1,160,92,0.842,0.099,0.034,0.056,0.0,0.0,0.0,0.0,normal
1.359,tcp,http,SF,384,5589,0,0,0,0,0,1,0,0,0,0,0,0,0,0,0,0,4,3,0.0,0.0,0.0,0.0,0.923,0.093,0.063,126,13,0.907,0.1,0.014,0.075,0.0,0.0,0.0,0.0,normal
2.642,tcp,smtp,SF,875,911,0,0,0,0,0,1,0,0,0,0,0,0,0,0,0,0,2,4,0.0,0.0,0.0,0.0,0.916,0.083,0.046,169,39,0.959,0.177,0.122,0.095,0.0,0.0,0.0,0.0,normal
0.016,udp,dns,SF,60,122,0,0,0,0,0,0,0,0,0,0,0,0,0,0,0,0,8,2,0.305,0.0,0.0,0.0,0.901,0.132,0.052,54,81,0.905,0.022,0.11,0.062,0.0,0.0,0.0,0.0,normal
0.023,udp,dns,SF,54,156,0,0,0,0,0,0,0,0,0,0,0,0,0,0,0,0,6,7,0.001,0.0,0.0,0.0,0.972,0.056,0.066,228,233,0.956,0.165,0.039,0.036,0.0,0.0,0.0,0.0,normal
0.689,tcp,http,SF,290,4280,0,0,0,0,0,1,0,0,0,0,0,0,0,0,0,0,5,5,0.029,0.003,0.0,0.0,0.933,0.12,0.074,173,251,0.962,0.013,0.117,0.065,0.0,0.0,0.0,0.0,normal
0.196,tcp,http,SF,196,3790,0,0,0,0,0,1,0,0,0,0,0,0,0,0,0,0,4,4,0.0,0.001,0.0,0.0,0.892,0.108,0.009,142,237,0.89,0.098,0.085,0.036,0.0,0.0,0.0,0.0,normal
0.004,udp,dns,SF,61,162,0,0,0,0,0,0,0,0,0,0,0,0,0,0,0,0,4,2,0.006,0.0,0.0,0.0,0.931,0.039,0.098,236,116,0.979,0.196,0.08,0.073,0.0,0.0,0.0,0.0,normal
2.665,tcp,smtp,SF,1093,781,0,0,0,0,0,1,0,0,0,0,0,0,0,0,0,0,4,2,0.109,0.0,0.0,0.0,0.896,0.036,0.077,69,12,0.854,0.106,0.071,0.094,0.0,0.0,0.0,0.0,normal
5.389,tcp,http,SF,333,7151,0,0,0,0,0,1,0,0,0,0,0,0,0,0,0,0,2,4,0.133,0.0,0.0,0.0,0.903,0.091,0.001,164,136,0.995,0.172,0.035,0.053,0.0,0.0,0.0,0.0,normal
0.244,tcp,http,SF,312,1561,0,0,0,1,0,1,0,0,0,0,0,0,0,0,0,0,3,1,0.0,0.0,0.0,0.0,0.983,0.007,0.092,74,44,0.962,0.004,0.122,0.058,0.0,0.0,0.0,0.0,normal
0.003,udp,dns,SF,63,113,0,0,0,0,0,0,0,0,0,0,0,0,0,0,0,0,7,2,0.0,0.0,0.0,0.0,0.99,0.081,0.021,180,181,0.94,0.013,0.104,0.021,0.0,0.0,0.0,0.0,normal
0.802,tcp,smtp,SF,826,1191,0,0,0,0,0,1,0,0,0,0,0,0,0,0,0,0,4,1,0.1,0.0,0.0,0.0,0.883,0.049,0.041,138,124,0.904,0.074,0.075,0.042,0.0,0.0,0.0,0.0,normal
3.319,tcp,http,SF,400,9711,0,0,0,0,0,1,0,0,0,0,0,0,0,0,0,0,6,3,0.0,0.0,0.0,0.0,0.865,0.03,0.049,143,117,0.96,0.062,0.141,0.028,0.0,0.0,0.0,0.0,normal
0.012,udp,dns,SF,72,105,0,0,0,0,0,0,0,0,0,0,0,0,0,0,0,0,3,5,0.01,0.0,0.0,0.0,0.851,0.008,0.063,102,176,0.88,0.049,0.107,0.03,0.0,0.0,0.0,0.0,normal
0.528,tcp,http,SF,363,4656,0,0,0,0,0,1,0,0,0,0,0,0,0,0,0,0,5,3,0.013,0.001,0.0,0.0,0.947,0.028,0.042,209,203,0.921,0.157,0.076,0.038,0.0,0.0,0.0,0.0,normal
3.993,tcp,http,SF,612,3399,0,0,0,0,0,1,0,0,0,0,0,0,0,0,0,0,7,6,0.0,0.001,0.0,0.0,0.954,0.017,0.007,46,49,0.961,0.145,0.096,0.064,0.0,0.0,0.0,0.0,normal
1.201,tcp,http,SF,140,2762,0,0,0,0,0,1,0,0,0,0,0,0,0,0,0,0,5,3,0.021,0.0,0.0,0.0,0.958,0.125,0.017,245,85,0.954,0.033,0.022,0.038,0.0,0.0,0.0,0.0,normal
0.711,tcp,http,SF,487,2451,0,0,0,0,0,1,0,0,0,0,0,0,0,0,0,0,2,2,0.0,0.0,0.0,0.0,0.926,0.135,0.058,41,170,0.958,0.081,0.143,0.099,0.0,0.0,0.0,0.0,normal
1.104,tcp,other,REJ,350,223,0,0,0,0,0,0,0,0,0,0,0,0,0,0,0,0,4,3,0.0,0.0,0.0,0.0,0.854,0.117,0.073,52,222,0.832,0.121,0.117,0.052,0.0,0.0,0.0,0.0,normal
0.015,udp,dns,SF,74,253,0,0,0,0,0,0,0,0,0,0,0,0,0,0,0,0,6,3,0.0,0.0,0.0,0.0,0.886,0.09,0.014,145,193,0.826,0.2,0.014,0.069,0.0,0.0,0.0,0.0,normal
5.945,tcp,http,SF,343,904,0,0,0,0,0,1,0,0,0,0,0,0,0,0,0,0,5,4,0.0,0.0,0.0,0.0,0.905,0.016,0.035,185,164,0.952,0.176,0.144,0.053,0.0,0.0,0.0,0.0,normal
3.559,tcp,http,SF,308,2893,0,0,0,0,0,1,0,0,0,0,0,0,0,0,0,0,10,6,0.0,0.0,0.0,0.0,0.853,0.012,0.02,220,21,0.989,0.114,0.059,0.053,0.0,0.0,0.0,0.0,normal
1.279,tcp,http,SF,271,865,0,0,0,0,0,1,0,0,0,0,0,0,0,0,0,0,2,3,0.0,0.002,0.0,0.0,0.91,0.115,0.026,219,196,0.856,0.096,0.111,0.063,0.0,0.0,0.0,0.0,normal
0.12,tcp,http,SF,565,7231,0,0,0,1,0,1,0,0,0,0,0,0,0,0,0,0,2,1,0.029,0.0,0.0,0.0,0.949,0.062,0.057,21,226,0.873,0.08,0.13,0.036,0.0,0.0,0.0,0.0,normal
0.022,udp,dns,SF,59,110,0,0,0,0,0,0,0,0,0,0,0,0,0,0,0,0,2,2,0.0,0.001,0.0,0.0,0.864,0.14,0.092,183,109,0.884,0.17,0.08,0.012,0.0,0.0,0.0,0.0,normal
1.803,tcp,smtp,SF,804,1304,0,0,0,0,0,1,0,0,0,0,0,0,0,0,0,0,2,5,0.0,0.0,0.0,0.0,0.924,0.026,0.085,34,47,0.855,0.025,0.069,0.063,0.0,0.0,0.0,0.0,normal
4.114,tcp,http,SF,128,3882,0,0,0,0,0,1,0,0,0,0,0,0,0,0,0,0,3,3,0.0,0.018,0.0,0.0,0.924,0.042,0.082,64,129,0.971,0.022,0.146,0.077,0.0,0.0,0.0,0.0,normal
0.008,udp,dns,SF,67,105,0,0,0,0,0,0,0,0,0,0,0,0,0,0,0,0,4,2,0.007,0.0,0.0,0.0,0.972,0.118,0.081,87,152,0.87,0.154,0.072,0.022,0.0,0.0,0.0,0.0,normal
0.989,tcp,http,SF,460,3181,0,0,0,0,0,1,0,0,0,0,0,0,0,0,0,0,4,7,0.023,0.0,0.0,0.0,0.85,0.119,0.048,41,236,0.904,0.158,0.094,0.052,0.0,0.0,0.0,0.0,normal
144.79,tcp,ssh,SF,1876,3914,0,0,0,0,0,1,0,0,0,0,0,0,0,0,0,0,8,2,0.0,0.0,0.0,0.0,0.85,0.068,0.075,52,117,0.904,0.089,0.079,0.078,0.0,0.0,0.0,0.0,normal
9.553,tcp,smtp,SF,520,1075,0,0,0,0,0,1,0,0,0,0,0,0,0,0,0,0,7,3,0.0,0.0,0.0,0.0,0.932,0.051,0.08,214,23,0.955,0.129,0.076,0.087,0.0,0.0,0.0,0.0,normal
0.174,tcp,http,SF,275,3245,0,0,0,1,0,1,0,0,0,0,0,0,0,0,0,0,1,2,0.0,0.0,0.0,0.0,0.89,0.066,0.049,137,149,0.971,0.118,0.147,0.073,0.0,0.0,0.0,0.0,normal
3.302,tcp,http,SF,444,1441,0,0,0,0,0,1,0,0,0,0,0,0,0,0,0,0,2,3,0.0,0.0,0.0,0.0,0.954,0.021,0.084,132,194,0.861,0.1,0.12,0.093,0.0,0.0,0.0,0.0,normal
0.639,tcp,http,SF,406,719,0,0,0,0,0,1,0,0,0,0,0,0,0,0,0,0,5,3,0.034,0.0,0.0,0.0,0.996,0.117,0.021,148,236,0.987,0.16,0.019,0.019,0.0,0.0,0.0,0.0,normal
2.519,tcp,http,SF,317,1295,0,0,0,0,0,1,0,0,0,0,0,0,0,0,0,0,3,4,0.0,0.094,0.0,0.0,0.988,0.08,0.002,116,97,0.845,0.102,0.102,0.039,0.0,0.0,0.0,0.0,normal
42.848,tcp,ssh,SF,2739,5917,0,0,0,0,0,1,0,0,0,0,0,0,0,0,0,0,2,1,0.0,0.0,0.0,0.0,0.931,0.056,0.079,201,57,0.864,0.188,0.028,0.011,0.0,0.0,0.0,0.0,normal
2.024,tcp,http,SF,465,3413,0,0,0,0,0,1,0,0,0,0,0,0,0,0,0,0,4,3,0.0,0.0,0.0,0.0,0.875,0.012,0.003,89,65,0.896,0.08,0.146,0.079,0.0,0.0,0.0,0.0,normal
0.358,tcp,http,SF,418,226,0,0,0,0,0,1,0,0,0,0,0,0,0,0,0,0,2,2,0.073,0.0,0.0,0.0,0.898,0.004,0.067,247,161,0.934,0.188,0.071,0.088,0.0,0.0,0.0,0.0,normal
0.62,tcp,other,REJ,134,189,0,0,0,0,0,0,0,0,0,0,0,0,0,0,0,0,2,3,0.0,0.0,0.0,0.0,0.931,0.117,0.036,41,223,0.886,0.083,0.073,0.059,0.0,0.0,0.0,0.0,normal
1.813,tcp,http,SF,402,13683,0,0,0,0,0,1,0,0,0,0,0,0,0,0,0,0,2,2,0.0,0.0,0.0,0.0,0.868,0.143,0.081,221,184,0.955,0.068,0.044,0.038,0.0,0.0,0.0,0.0,normal
0.463,tcp,http,SF,643,2633,0,0,0,0,0,1,0,0,0,0,0,0,0,0,0,0,3,3,0.0,0.006,0.0,0.0,0.896,0.063,0.046,202,91,0.822,0.04,0.121,0.065,0.0,0.0,0.0,0.0,normal
8.173,tcp,http,SF,563,2866,0,0,0,0,0,1,0,0,0,0,0,0,0,0,0,0,4,3,0.0,0.007,0.0,0.0,0.856,0.048,0.067,107,66,0.89,0.186,0.124,0.056,0.0,0.0,0.0,0.0,normal
0.058,udp,dns,SF,67,238,0,0,0,0,0,0,0,0,0,0,0,0,0,0,0,0,2,5,0.0,0.0,0.0,0.0,0.981,0.14,0.024,77,233,0.85,0.161,0.002,0.054,0.0,0.0,0.0,0.0,normal
0.038,udp,dns,SF,86,168,0,0,0,0,0,0,0,0,0,0,0,0,0,0,0,0,3,1,0.003,0.004,0.0,0.0,0.991,0.149,0.036,84,241,0.922,0.181,0.004,0.003,0.0,0.0,0.0,0.0,normal
0.006,udp,dns,SF,51,146,0,0,0,0,0,0,0,0,0,0,0,0,0,0,0,0,6,2,0.002,0.0,0.0,0.0,0.871,0.014,0.082,161,208,0.985,0.032,0.078,0.012,0.0,0.0,0.0,0.0,normal
4.42,tcp,http,SF,437,9203,0,0,0,0,0,1,0,0,0,0,0,0,0,0,0,0,5,3,0.0,0.0,0.0,0.0,0.958,0.004,0.092,208,195,0.881,0.172,0.093,0.057,0.0,0.0,0.0,0.0,normal
2.311,tcp,http,SF,343,527,0,0,0,0,0,1,0,0,0,0,0,0,0,0,0,0,3,2,0.0,0.0,0.0,0.0,0.949,0.13,0.062,115,74,0.808,0.021,0.077,0.097,0.0,0.0,0.0,0.0,normal
207.777,tcp,ssh,SF,2281,3454,0,0,0,0,0,1,0,0,0,0,0,0,0,0,0,0,4,2,0.0,0.0,0.0,0.0,0.929,0.095,0.036,238,115,0.95,0.01,0.005,0.087,0.0,0.0,0.0,0.0,normal
0.482,tcp,http,SF,446,565,0,0,0,0,0,1,0,0,0,0,0,0,0,0,0,0,5,2,0.0,0.098,0.0,0.0,0.99,0.097,0.079,22,123,0.846,0.167,0.103,0.029,0.0,0.0,0.0,0.0,normal
0.183,udp,dns,SF,49,165,0,0,0,0,0,0,0,0,0,0,0,0,0,0,0,0,6,4,0.0,0.0,0.0,0.0,0.976,0.036,0.085,219,186,0.984,0.174,0.105,0.015,0.0,0.0,0.0,0.0,normal
0.338,tcp,http,SF,279,10091,0,0,0,0,0,1,0,0,0,0,0,0,0,0,0,0,5,4,0.0,0.0,0.0,0.0,0.892,0.096,0.041,28,216,0.886,0.123,0.06,0.026,0.0,0.0,0.0,0.0,normal
49.761,tcp,ssh,SF,1626,2555,0,0,0,0,0,1,0,0,0,0,0,0,0,0,0,0,4,4,0.006,0.0,0.0,0.0,0.91,0.114,0.077,70,180,0.854,0.094,0.065,0.082,0.0,0.0,0.0,0.0,normal
0.051,udp,dns,SF,37,219,0,0,0,0,0,0,0,0,0,0,0,0,0,0,0,0,2,2,0.0,0.004,0.0,0.0,0.913,0.128,0.09,131,178,0.886,0.056,0.049,0.013,0.0,0.0,0.0,0.0,normal
0.154,tcp,http,SF,413,693,0,0,0,0,0,1,0,0,0,0,0,0,0,0,0,0,4,3,0.0,0.0,0.0,0.0,0.947,0.078,0.087,225,45,0.959,0.161,0.005,0.013,0.0,0.0,0.0,0.0,normal
0.651,tcp,http,SF,463,724,0,0,0,0,0,1,0,0,0,0,0,0,0,0,0,0,4,4,0.013,0.001,0.0,0.0,0.941,0.148,0.076,13,115,0.935,0.123,0.051,0.053,0.0,0.0,0.0,0.0,normal
0.922,tcp,http,SF,451,3971,0,0,0,0,0,1,0,0,0,0,0,0,0,0,0,0,9,3,0.0,0.0,0.0,0.0,0.938,0.009,0.02,109,198,0.951,0.151,0.002,0.081,0.0,0.0,0.0,0.0,normal
1.91,tcp,http,SF,291,1462,0,0,0,0,0,1,0,0,0,0,0,0,0,0,0,0,5,2,0.027,0.0,0.0,0.0,0.944,0.142,0.039,56,248,0.951,0.097,0.064,0.013,0.0,0.0,0.0,0.0,normal
1.761,tcp,http,SF,277,1651,0,0,0,0,0,1,0,0,0,0,0,0,0,0,0,0,4,5,0.024,0.024,0.0,0.0,0.862,0.074,0.003,78,167,0.878,0.038,0.003,0.092,0.0,0.0,0.0,0.0,normal
2.492,tcp,other,SF,186,224,0,0,0,0,0,0,0,0,0,0,0,0,0,0,0,0,4,4,0.0,0.0,0.0,0.0,0.937,0.001,0.014,202,13,0.851,0.001,0.063,0.048,0.0,0.0,0.0,0.0,normal
5.371,tcp,http,SF,492,9494,0,0,0,0,0,1,0,0,0,0,0,0,0,0,0,0,3,3,0.024,0.0,0.0,0.0,0.874,0.121,0.031,75,175,0.908,0.165,0.113,0.006,0.0,0.0,0.0,0.0,normal
1.538,tcp,http,SF,307,5811,0,0,0,0,0,1,0,0,0,0,0,0,0,0,0,0,3,5,0.0,0.0,0.0,0.0,0.952,0.101,0.042,134,128,0.828,0.104,0.132,0.046,0.0,0.0,0.0,0.0,normal
4.737,tcp,smtp,SF,670,1610,0,0,0,0,0,1,0,0,0,0,0,0,0,0,0,0,2,3,0.0,0.0,0.0,0.0,0.934,0.041,0.007,130,75,0.924,0.195,0.012,0.039,0.0,0.0,0.0,0.0,normal
4.612,tcp,http,SF,215,7085,0,0,0,0,0,1,0,0,0,0,0,0,0,0,0,0,4,5,0.01,0.0,0.0,0.0,0.85,0.001,0.027,187,139,0.897,0.184,0.115,0.092,0.0,0.0,0.0,0.0,normal
0.053,udp,dns,SF,84,101,0,0,0,0,0,0,0,0,0,0,0,0,0,0,0,0,4,2,0.031,0.043,0.0,0.0,0.949,0.123,0.098,132,122,0.934,0.059,0.013,0.025,0.0,0.0,0.0,0.0,normal
0.15,tcp,http,SF,318,542,0,0,0,0,0,1,0,0,0,0,0,0,0,0,0,0,3,1,0.129,0.0,0.0,0.0,0.928,0.133,0.011,34,125,0.848,0.007,0.147,0.073,0.0,0.0,0.0,0.0,normal
0.466,tcp,http,SF,299,1937,0,0,0,0,0,1,0,0,0,0,0,0,0,0,0,0,6,7,0.0,0.002,0.0,0.0,0.958,0.083,0.008,165,125,0.806,0.158,0.11,0.005,0.0,0.0,0.0,0.0,normal
4.645,tcp,smtp,SF,661,1370,0,0,0,0,0,1,0,0,0,0,0,0,0,0,0,0,1,5,0.002,0.001,0.0,0.0,0.9,0.062,0.038,244,37,0.966,0.151,0.051,0.095,0.0,0.0,0.0,0.0,normal
0.084,tcp,other,SF,152,151,0,0,0,0,0,0,0,0,0,0,0,0,0,0,0,0,9,3,0.114,0.0,0.0,0.0,0.899,0.087,0.01,102,133,0.926,0.09,0.051,0.031,0.0,0.0,0.0,0.0,normal
0.318,tcp,http,SF,496,4249,0,0,0,0,0,1,0,0,0,0,0,0,0,0,0,0,3,3,0.0,0.031,0.0,0.0,0.876,0.015,0.017,222,238,0.844,0.157,0.096,0.052,0.0,0.0,0.0,0.0,normal
2.451,tcp,http,SF,255,581,0,0,0,0,0,1,0,0,0,0,0,0,0,0,0,0,3,3,0.0,0.0,0.0,0.0,0.913,0.061,0.058,197,156,0.969,0.164,0.124,0.084,0.0,0.0,0.0,0.0,normal
6.146,tcp,http,SF,200,2933,0,0,0,0,0,1,0,0,0,0,0,0,0,0,0,0,4,2,0.0,0.0,0.0,0.0,0.869,0.138,0.063,136,63,0.879,0.019,0.003,0.092,0.0,0.0,0.0,0.0,normal
2.273,tcp,http,SF,356,4123,0,0,0,0,0,1,0,0,0,0,0,0,0,0,0,0,2,3,0.01,0.0,0.0,0.0,0.889,0.018,0.01,19,241,0.961,0.073,0.103,0.092,0.0,0.0,0.0,0.0,normal
0.019,udp,dns,SF,71,107,0,0,0,0,0,0,0,0,0,0,0,0,0,0,0,0,2,4,0.006,0.0,0.0,0.0,0.995,0.122,0.013,234,49,0.909,0.02,0.145,0.064,0.0,0.0,0.0,0.0,normal
0.275,tcp,http,SF,241,1514,0,0,0,0,0,1,0,0,0,0,0,0,0,0,0,0,5,6,0.001,0.012,0.0,0.0,0.966,0.03,0.062,17,131,0.852,0.008,0.094,0.078,0.0,0.0,0.0,0.0,normal
0.756,tcp,http,SF,397,3246,0,0,0,0,0,1,0,0,0,0,0,0,0,0,0,0,6,1,0.0,0.008,0.0,0.0,0.859,0.059,0.013,231,219,0.968,0.057,0.092,0.036,0.0,0.0,0.0,0.0,normal
0.023,udp,dns,SF,63,136,0,0,0,0,0,0,0,0,0,0,0,0,0,0,0,0,2,1,0.0,0.0,0.0,0.0,0.869,0.054,0.017,20,244,0.871,0.02,0.109,0.071,0.0,0.0,0.0,0.0,normal
1.347,tcp,smtp,SF,1006,1387,0,0,0,0,0,1,0,0,0,0,0,0,0,0,0,0,6,2,0.0,0.0,0.0,0.0,0.964,0.099,0.044,135,64,0.989,0.082,0.132,0.078,0.0,0.0,0.0,0.0,normal
3.263,tcp,http,SF,353,1694,0,0,0,0,0,1,0,0,0,0,0,0,0,0,0,0,3,3,0.008,0.0,0.0,0.0,0.902,0.139,0.084,49,161,0.846,0.066,0.129,0.07,0.0,0.0,0.0,0.0,normal
0.006,udp,dns,SF,64,158,0,0,0,0,0,0,0,0,0,0,0,0,0,0,0,0,5,1,0.0,0.002,0.0,0.0,0.938,0.072,0.084,50,242,0.964,0.082,0.092,0.053,0.0,0.0,0.0,0.0,normal
0.252,tcp,http,SF,428,4020,0,0,0,0,0,1,0,0,0,0,0,0,0,0,0,0,5,1,0.0,0.0,0.0,0.0,0.908,0.116,0.003,33,211,0.945,0.179,0.096,0.094,0.0,0.0,0.0,0.0,normal
0.387,tcp,http,SF,175,4635,0,0,0,0,0,1,0,0,0,0,0,0,0,0,0,0,7,3,0.014,0.002,0.0,0.0,0.859,0.078,0.054,230,118,0.99,0.003,0.128,0.08,0.0,0.0,0.0,0.0,normal
0.135,udp,dns,SF,70,106,0,0,0,0,0,0,0,0,0,0,0,0,0,0,0,0,6,1,0.0,0.0,0.0,0.0,0.863,0.114,0.039,26,71,0.894,0.194,0.056,0.096,0.0,0.0,0.0,0.0,normal
1.357,tcp,smtp,SF,1135,1082,0,0,0,0,0,1,0,0,0,0,0,0,0,0,0,0,4,4,0.0,0.0,0.0,0.0,0.91,0.059,0.1,51,37,0.831,0.175,0.02,0.092,0.0,0.0,0.0,0.0,normal
3.218,tcp,http,SF,287,1040,0,0,0,0,0,1,0,0,0,0,0,0,0,0,0,0,5,2,0.044,0.0,0.0,0.0,0.852,0.124,0.004,226,164,0.916,0.102,0.056,0.03,0.0,0.0,0.0,0.0,normal
0.065,udp,dns,SF,55,158,0,0,0,0,0,0,0,0,0,0,0,0,0,0,0,0,4,2,0.0,0.0,0.0,0.0,0.974,0.046,0.001,130,241,0.809,0.136,0.048,0.042,0.0,0.0,0.0,0.0,normal
8.21,tcp,smtp,SF,927,1264,0,0,0,0,0,1,0,0,0,0,0,0,0,0,0,0,1,4,0.0,0.0,0.0,0.0,0.942,0.136,0.085,201,136,0.943,0.078,0.116,0.017,0.0,0.0,0.0,0.0,normal
0.349,tcp,http,SF,306,1069,0,0,0,0,0,1,0,0,0,0,0,0,0,0,0,0,1,4,0.0,0.0,0.0,0.0,0.87,0.013,0.035,225,137,0.915,0.066,0.041,0.098,0.0,0.0,0.0,0.0,normal
4.197,tcp,http,SF,342,4591,0,0,0,0,0,1,0,0,0,0,0,0,0,0,0,0,4,1,0.012,0.004,0.0,0.0,0.997,0.043,0.073,123,102,0.967,0.092,0.131,0.075,0.0,0.0,0.0,0.0,normal
1.65,tcp,http,SF,261,7252,0,0,0,0,0,1,0,0,0,0,0,0,0,0,0,0,2,2,0.026,0.0,0.0,0.0,0.867,0.134,0.03,162,48,0.996,0.021,0.009,0.024,0.0,0.0,0.0,0.0,normal
0.025,udp,dns,SF,70,92,0,0,0,0,0,0,0,0,0,0,0,0,0,0,0,0,1,5,0.025,0.0,0.0,0.0,0.854,0.065,0.06,73,155,0.911,0.045,0.078,0.098,0.0,0.0,0.0,0.0,normal
0.561,tcp,http,SF,205,7616,0,0,0,0,0,1,0,0,0,0,0,0,0,0,0,0,6,1,0.016,0.013,0.0,0.0,0.871,0.102,0.06,240,91,0.842,0.177,0.021,0.042,0.0,0.0,0.0,0.0,normal
157.069,tcp,ssh,SF,4188,4583,0,0,0,0,0,1,0,0,0,0,0,0,0,0,0,0,2,2,0.0,0.224,0.0,0.0,0.921,0.015,0.03,36,132,0.803,0.05,0.05,0.046,0.0,0.0,0.0,0.0,normal
0.039,tcp,smtp,SF,608,1612,0,0,0,0,0,1,0,0,0,0,0,0,0,0,0,0,4,3,0.0,0.002,0.0,0.0,0.87,0.062,0.028,178,174,0.953,0.186,0.033,0.088,0.0,0.0,0.0,0.0,normal
0.553,tcp,other,SF,300,106,0,0,0,0,0,0,0,0,0,0,0,0,0,0,0,0,4,4,0.0,0.004,0.0,0.0,0.891,0.106,0.058,15,219,0.807,0.196,0.145,0.002,0.0,0.0,0.0,0.0,normal
2.41,tcp,http,SF,363,497,0,0,0,0,0,1,0,0,0,0,0,0,0,0,0,0,2,4,0.007,0.105,0.0,0.0,0.855,0.081,0.066,10,182,0.922,0.06,0.033,0.009,0.0,0.0,0.0,0.0,normal
3.523,tcp,http,SF,406,9781,0,0,0,0,0,1,0,0,0,0,0,0,0,0,0,0,3,1,0.0,0.073,0.0,0.0,0.912,0.11,0.055,216,43,0.941,0.116,0.085,0.074,0.0,0.0,0.0,0.0,normal
0.012,udp,dns,SF,107,118,0,0,0,0,0,0,0,0,0,0,0,0,0,0,0,0,3,1,0.018,0.001,0.0,0.0,0.876,0.135,0.028,179,130,0.907,0.192,0.045,0.052,0.0,0.0,0.0,0.0,normal
3.249,tcp,http,SF,389,2687,0,0,0,0,0,1,0,0,0,0,0,0,0,0,0,0,1,3,0.0,0.0,0.0,0.0,0.921,0.022,0.053,71,173,0.866,0.017,0.048,0.069,0.0,0.0,0.0,0.0,normal
0.031,udp,dns,SF,47,157,0,0,0,0,0,0,0,0,0,0,0,0,0,0,0,0,4,4,0.0,0.0,0.0,0.0,0.903,0.009,0.007,145,12,0.829,0.128,0.029,0.038,0.0,0.0,0.0,0.0,normal
0.106,udp,dns,SF,69,182,0,0,0,1,0,0,0,0,0,0,0,0,0,0,0,0,5,1,0.0,0.0,0.0,0.0,0.939,0.078,0.034,102,92,0.96,0.076,0.012,0.096,0.0,0.0,0.0,0.0,normal
1.437,tcp,smtp,SF,986,1319,0,0,0,0,0,1,0,0,0,0,0,0,0,0,0,0,1,4,0.0,0.0,0.0,0.0,0.857,0.025,0.043,233,69,0.809,0.109,0.07,0.042,0.0,0.0,0.0,0.0,normal
1.043,tcp,http,SF,260,25,0,0,0,0,0,1,0,0,0,0,0,0,0,0,0,0,4,1,0.0,0.0,0.0,0.0,0.921,0.07,0.072,175,252,0.806,0.079,0.129,0.063,0.0,0.0,0.0,0.0,normal
0.026,udp,dns,SF,56,131,0,0,0,0,0,0,0,0,0,0,0,0,0,0,0,0,8,2,0.0,0.001,0.0,0.0,0.928,0.028,0.047,210,115,0.921,0.102,0.146,0.09,0.0,0.0,0.0,0.0,normal
1.878,tcp,smtp,SF,624,1506,0,0,0,0,0,1,0,0,0,0,0,0,0,0,0,0,6,7,0.0,0.011,0.0,0.0,0.937,0.117,0.09,181,216,0.889,0.167,0.079,0.064,0.0,0.0,0.0,0.0,normal
2.04,tcp,other,REJ,236,106,0,0,0,0,0,0,0,0,0,0,0,0,0,0,0,0,5,2,0.0,0.0,0.0,0.0,0.932,0.047,0.041,104,149,0.924,0.054,0.03,0.05,0.0,0.0,0.0,0.0,normal
62.235,tcp,ssh,SF,3737,2786,0,0,0,0,0,1,0,0,0,0,0,0,0,0,0,0,5,3,0.0,0.0,0.0,0.0,0.972,0.034,0.062,196,194,0.941,0.131,0.124,0.056,0.0,0.0,0.0,0.0,normal
5.768,tcp,http,SF,312,2516,0,0,0,0,0,1,0,0,0,0,0,0,0,0,0,0,4,2,0.0,0.207,0.0,0.0,0.947,0.149,0.081,247,66,0.851,0.052,0.141,0.025,0.0,0.0,0.0,0.0,normal
47.702,tcp,ssh,SF,1647,8125,0,0,0,0,0,1,0,0,0,0,0,0,0,0,0,0,5,3,0.0,0.0,0.0,0.0,0.997,0.009,0.097,57,26,0.864,0.05,0.039,0.099,0.0,0.0,0.0,0.0,normal
2.724,tcp,http,SF,210,15967,0,0,0,0,0,1,0,0,0,0,0,0,0,0,0,0,1,1,0.004,0.005,0.0,0.0,0.961,0.09,0.042,246,62,0.952,0.014,0.096,0.069,0.0,0.0,0.0,0.0,normal
1.053,tcp,http,SF,149,5184,0,0,0,0,0,1,0,0,0,0,0,0,0,0,0,0,3,3,0.0,0.0,0.0,0.0,0.91,0.113,0.091,130,86,0.866,0.109,0.061,0.076,0.0,0.0,0.0,0.0,normal
3.024,tcp,smtp,SF,1248,2828,0,0,0,0,0,1,0,0,0,0,0,0,0,0,0,0,1,1,0.0,0.0,0.0,0.0,0.884,0.14,0.083,19,80,0.841,0.031,0.033,0.021,0.0,0.0,0.0,0.0,normal
4.777,tcp,http,SF,310,11115,0,0,0,0,0,1,0,0,0,0,0,0,0,0,0,0,4,6,0.0,0.0,0.0,0.0,0.896,0.019,0.074,218,64,0.921,0.156,0.041,0.028,0.0,0.0,0.0,0.0,normal
3.591,tcp,ssh,SF,3597,3587,0,0,0,0,0,1,0,0,0,0,0,0,0,0,0,0,5,2,0.0,0.001,0.0,0.0,0.865,0.142,0.065,225,237,0.827,0.154,0.035,0.034,0.0,0.0,0.0,0.0,normal
1.217,tcp,http,SF,356,445,0,0,0,0,0,1,0,0,0,0,0,0,0,0,0,0,1,3,0.0,0.011,0.0,0.0,0.981,0.043,0.033,124,144,0.808,0.076,0.083,0.0,0.0,0.0,0.0,0.0,normal
3.695,tcp,http,SF,424,1618,0,0,0,0,0,1,0,0,0,0,0,0,0,0,0,0,5,1,0.0,0.0,0.0,0.0,0.888,0.127,0.006,244,76,0.822,0.089,0.096,0.053,0.0,0.0,0.0,0.0,normal
3.499,tcp,smtp,SF,517,1907,0,0,0,0,0,1,0,0,0,0,0,0,0,0,0,0,5,2,0.006,0.118,0.0,0.0,0.915,0.083,0.097,24,68,0.83,0.085,0.076,0.071,0.0,0.0,0.0,0.0,normal
28.448,tcp,ssh,SF,1444,2118,0,0,0,0,0,1,0,0,0,0,0,0,0,0,0,0,3,2,0.001,0.0,0.0,0.0,0.933,0.096,0.082,105,55,0.949,0.133,0.012,0.034,0.0,0.0,0.0,0.0,normal
0.18,tcp,http,SF,258,2925,0,0,0,0,0,1,0,0,0,0,0,0,0,0,0,0,10,2,0.0,0.002,0.0,0.0,0.938,0.012,0.095,50,232,0.838,0.133,0.119,0.012,0.0,0.0,0.0,0.0,normal
0.028,udp,dns,SF,43,135,0,0,0,0,0,0,0,0,0,0,0,0,0,0,0,0,3,3,0.0,0.0,0.0,0.0,0.986,0.018,0.064,44,215,0.957,0.002,0.068,0.012,0.0,0.0,0.0,0.0,normal
0.721,tcp,http,SF,235,213,0,0,0,0,0,1,0,0,0,0,0,0,0,0,0,0,3,2,0.0,0.0,0.0,0.0,0.949,0.005,0.012,63,79,0.821,0.008,0.148,0.046,0.0,0.0,0.0,0.0,normal
0.013,udp,dns,SF,65,143,0,0,0,0,0,0,0,0,0,0,0,0,0,0,0,0,2,2,0.0,0.026,0.0,0.0,0.945,0.119,0.051,28,244,0.858,0.121,0.121,0.089,0.0,0.0,0.0,0.0,normal
1.92,tcp,http,SF,298,4984,0,0,0,0,0,1,0,0,0,0,0,0,0,0,0,0,6,2,0.051,0.0,0.0,0.0,0.93,0.108,0.049,68,211,0.983,0.161,0.143,0.093,0.0,0.0,0.0,0.0,normal
1.475,tcp,http,SF,306,703,0,0,0,0,0,1,0,0,0,0,0,0,0,0,0,0,6,1,0.0,0.0,0.0,0.0,0.922,0.084,0.065,77,142,0.913,0.149,0.121,0.031,0.0,0.0,0.0,0.0,normal
8.262,tcp,http,SF,583,687,0,0,0,0,0,1,0,0,0,0,0,0,0,0,0,0,5,2,0.0,0.0,0.0,0.0,0.928,0.124,0.098,126,102,0.982,0.155,0.022,0.084,0.0,0.0,0.0,0.0,normal
0.054,udp,dns,SF,87,110,0,0,0,0,0,0,0,0,0,0,0,0,0,0,0,0,7,5,0.0,0.0,0.0,0.0,0.884,0.075,0.047,39,86,0.947,0.054,0.074,0.044,0.0,0.0,0.0,0.0,normal
0.827,tcp,http,SF,484,454,0,0,0,0,0,1,0,0,0,0,0,0,0,0,0,0,3,2,0.132,0.159,0.0,0.0,0.94,0.126,0.066,160,21,0.919,0.132,0.03,0.076,0.0,0.0,0.0,0.0,normal
47.898,tcp,ssh,SF,2562,3500,0,0,0,0,0,1,0,0,0,0,0,0,0,0,0,0,2,3,0.0,0.0,0.0,0.0,0.862,0.085,0.09,182,205,0.934,0.132,0.11,0.049,0.0,0.0,0.0,0.0,normal
0.048,udp,dns,SF,72,86,0,0,0,0,0,0,0,0,0,0,0,0,0,0,0,0,2,3,0.0,0.269,0.0,0.0,0.879,0.055,0.04,156,66,0.847,0.122,0.016,0.013,0.0,0.0,0.0,0.0,normal
1.857,tcp,smtp,SF,856,856,0,0,0,0,0,1,0,0,0,0,0,0,0,0,0,0,5,3,0.0,0.0,0.0,0.0,0.933,0.147,0.099,63,204,0.821,0.094,0.128,0.064,0.0,0.0,0.0,0.0,normal
7.502,tcp,http,SF,435,1913,0,0,0,0,0,1,0,0,0,0,0,0,0,0,0,0,3,1,0.0,0.004,0.0,0.0,0.889,0.024,0.007,51,186,0.832,0.188,0.09,0.08,0.0,0.0,0.0,0.0,normal
1.783,tcp,http,SF,473,1508,0,0,0,0,0,1,0,0,0,0,0,0,0,0,0,0,6,1,0.0,0.0,0.0,0.0,0.856,0.041,0.045,251,137,0.818,0.166,0.14,0.04,0.0,0.0,0.0,0.0,normal
0.105,udp,dns,SF,72,104,0,0,0,0,0,0,0,0,0,0,0,0,0,0,0,0,4,2,0.0,0.0,0.0,0.0,0.935,0.046,0.054,58,185,0.802,0.103,0.044,0.053,0.0,0.0,0.0,0.0,normal
0.211,tcp,http,SF,252,2657,0,0,0,0,0,1,0,0,0,0,0,0,0,0,0,0,2,1,0.0,0.0,0.0,0.0,0.896,0.103,0.006,216,242,0.805,0.17,0.054,0.015,0.0,0.0,0.0,0.0,normal
0.028,udp,dns,SF,41,128,0,0,0,0,0,0,0,0,0,0,0,0,0,0,0,0,2,1,0.018,0.001,0.0,0.0,0.924,0.05,0.062,118,195,0.87,0.029,0.053,0.076,0.0,0.0,0.0,0.0,normal
2.649,tcp,http,SF,432,2799,0,0,0,0,0,1,0,0,0,0,0,0,0,0,0,0,4,1,0.0,0.102,0.0,0.0,0.869,0.136,0.023,55,240,0.853,0.16,0.002,0.048,0.0,0.0,0.0,0.0,normal
2.315,tcp,http,SF,259,10987,0,0,0,0,0,1,0,0,0,0,0,0,0,0,0,0,4,1,0.054,0.0,0.0,0.0,0.975,0.084,0.025,222,126,0.852,0.107,0.086,0.077,0.0,0.0,0.0,0.0,normal
1.898,tcp,http,SF,257,161,0,0,0,0,0,1,0,0,0,0,0,0,0,0,0,0,3,5,0.0,0.004,0.0,0.0,0.873,0.035,0.027,130,65,0.936,0.148,0.069,0.099,0.0,0.0,0.0,0.0,normal
10.155,tcp,ssh,SF,1431,4476,0,0,0,0,0,1,0,0,0,0,0,0,0,0,0,0,8,1,0.0,0.0,0.0,0.0,0.933,0.112,0.028,85,30,0.813,0.163,0.023,0.082,0.0,0.0,0.0,0.0,normal
0.086,udp,dns,SF,66,132,0,0,0,0,0,0,0,0,0,0,0,0,0,0,0,0,4,2,0.0,0.0,0.0,0.0,0.851,0.086,0.001,61,36,0.998,0.091,0.004,0.085,0.0,0.0,0.0,0.0,normal
0.024,udp,dns,SF,75,186,0,0,0,0,0,0,0,0,0,0,0,0,0,0,0,0,5,1,0.0,0.0,0.0,0.0,0.931,0.091,0.016,81,96,0.924,0.005,0.028,0.039,0.0,0.0,0.0,0.0,normal
0.616,tcp,http,SF,310,730,0,0,0,0,0,1,0,0,0,0,0,0,0,0,0,0,3,4,0.041,0.011,0.0,0.0,0.927,0.15,0.051,201,167,0.959,0.027,0.007,0.097,0.0,0.0,0.0,0.0,normal
2.146,tcp,http,SF,344,92,0,0,0,0,0,1,0,0,0,0,0,0,0,0,0,0,1,2,0.001,0.0,0.0,0.0,0.946,0.033,0.015,109,223,0.836,0.015,0.094,0.07,0.0,0.0,0.0,0.0,normal
0.122,tcp,http,SF,222,2799,0,0,0,0,0,1,0,0,0,0,0,0,0,0,0,0,7,2,0.002,0.0,0.0,0.0,0.87,0.04,0.065,82,98,0.824,0.196,0.016,0.036,0.0,0.0,0.0,0.0,normal
3.73,tcp,http,SF,308,3108,0,0,0,0,0,1,0,0,0,0,0,0,0,0,0,0,1,1,0.044,0.0,0.0,0.0,0.875,0.108,0.053,95,109,0.839,0.189,0.026,0.027,0.0,0.0,0.0,0.0,normal
1.228,tcp,http,SF,358,4021,0,0,0,0,0,1,0,0,0,0,0,0,0,0,0,0,4,1,0.001,0.0,0.0,0.0,0.927,0.001,0.044,19,57,0.95,0.152,0.092,0.042,0.0,0.0,0.0,0.0,normal
0.377,tcp,http,SF,400,5777,0,0,0,0,0,1,0,0,0,0,0,0,0,0,0,0,2,6,0.0,0.0,0.0,0.0,0.872,0.121,0.089,226,231,0.964,0.027,0.015,0.05,0.0,0.0,0.0,0.0,normal
1.282,tcp,http,SF,544,1372,0,0,0,0,0,1,0,0,0,0,0,0,0,0,0,0,8,4,0.0,0.0,0.0,0.0,0.953,0.02,0.025,190,25,0.808,0.163,0.136,0.076,0.0,0.0,0.0,0.0,normal
3.818,tcp,http,SF,224,3490,0,0,0,0,0,1,0,0,0,0,0,0,0,0,0,0,4,3,0.0,0.0,0.0,0.0,0.894,0.125,0.081,61,54,0.929,0.185,0.026,0.013,0.0,0.0,0.0,0.0,normal
0.097,tcp,http,SF,365,3193,0,0,0,0,0,1,0,0,0,0,0,0,0,0,0,0,4,3,0.004,0.029,0.0,0.0,0.909,0.048,0.012,42,13,0.921,0.122,0.035,0.016,0.0,0.0,0.0,0.0,normal
2.15,tcp,http,SF,262,1533,0,0,0,0,0,1,0,0,0,0,0,0,0,0,0,0,5,4,0.014,0.081,0.0,0.0,0.902,0.023,0.082,172,200,0.982,0.013,0.145,0.097,0.0,0.0,0.0,0.0,normal
0.006,udp,dns,SF,65,96,0,0,0,0,0,0,0,0,0,0,0,0,0,0,0,0,1,1,0.003,0.001,0.0,0.0,0.996,0.106,0.072,154,160,0.996,0.06,0.117,0.042,0.0,0.0,0.0,0.0,normal
0.531,tcp,http,SF,751,2127,0,0,0,0,0,1,0,0,0,0,0,0,0,0,0,0,5,4,0.013,0.001,0.0,0.0,0.857,0.017,0.049,118,166,0.914,0.143,0.006,0.014,0.0,0.0,0.0,0.0,normal
5.374,tcp,http,SF,273,5005,0,0,0,0,0,1,0,0,0,0,0,0,0,0,0,0,4,2,0.0,0.024,0.0,0.0,0.948,0.042,0.063,241,43,0.942,0.181,0.078,0.095,0.0,0.0,0.0,0.0,normal
0.044,udp,dns,SF,43,131,0,0,0,0,0,0,0,0,0,0,0,0,0,0,0,0,5,2,0.0,0.0,0.0,0.0,0.919,0.149,0.032,37,125,0.927,0.018,0.107,0.045,0.0,0.0,0.0,0.0,normal
0.697,tcp,http,SF,247,2858,0,0,0,0,0,1,0,0,0,0,0,0,0,0,0,0,5,1,0.0,0.0,0.0,0.0,0.861,0.012,0.068,149,131,0.925,0.17,0.102,0.086,0.0,0.0,0.0,0.0,normal
0.095,udp,dns,SF,54,143,0,0,0,0,0,0,0,0,0,0,0,0,0,0,0,0,5,5,0.011,0.0,0.0,0.0,0.975,0.11,0.051,215,145,0.884,0.133,0.049,0.074,0.0,0.0,0.0,0.0,normal
1.6,tcp,http,SF,368,1162,0,0,0,0,0,1,0,0,0,0,0,0,0,0,0,0,2,2,0.0,0.0,0.0,0.0,0.852,0.031,0.059,59,97,0.909,0.128,0.126,0.039,0.0,0.0,0.0,0.0,normal
0.332,tcp,http,SF,421,786,0,0,0,0,0,1,0,0,0,0,0,0,0,0,0,0,2,3,0.004,0.0,0.0,0.0,0.969,0.135,0.049,237,48,0.852,0.189,0.024,0.031,0.0,0.0,0.0,0.0,normal
1.712,tcp,http,SF,148,2593,0,0,0,0,0,1,0,0,0,0,0,0,0,0,0,0,1,1,0.0,0.0,0.0,0.0,0.998,0.041,0.0,249,19,0.82,0.195,0.086,0.08,0.0,0.0,0.0,0.0,normal
0.078,udp,dns,SF,77,125,0,0,0,0,0,0,0,0,0,0,0,0,0,0,0,0,5,4,0.0,0.0,0.0,0.0,0.933,0.007,0.008,178,234,0.915,0.044,0.031,0.024,0.0,0.0,0.0,0.0,normal
0.202,tcp,http,SF,270,9301,0,0,0,0,0,1,0,0,0,0,0,0,0,0,0,0,5,2,0.0,0.0,0.0,0.0,0.941,0.008,0.038,106,147,0.946,0.141,0.022,0.008,0.0,0.0,0.0,0.0,normal
0.015,udp,dns,SF,46,160,0,0,0,0,0,0,0,0,0,0,0,0,0,0,0,0,2,2,0.011,0.0,0.0,0.0,0.992,0.132,0.069,27,49,0.897,0.024,0.082,0.092,0.0,0.0,0.0,0.0,normal
0.059,tcp,smtp,SF,791,1355,0,0,0,0,0,1,0,0,0,0,0,0,0,0,0,0,4,3,0.021,0.007,0.0,0.0,0.998,0.148,0.047,201,203,0.893,0.173,0.097,0.094,0.0,0.0,0.0,0.0,normal
6.632,tcp,http,SF,259,1260,0,0,0,0,0,1,0,0,0,0,0,0,0,0,0,0,4,2,0.001,0.013,0.0,0.0,0.923,0.006,0.053,157,137,0.921,0.026,0.081,0.045,0.0,0.0,0.0,0.0,normal
2.919,tcp,http,SF,275,5166,0,0,0,0,0,1,0,0,0,0,0,0,0,0,0,0,4,2,0.0,0.007,0.0,0.0,0.921,0.105,0.071,23,216,0.904,0.022,0.147,0.006,0.0,0.0,0.0,0.0,normal
1.993,tcp,http,SF,340,4525,0,0,0,0,0,1,0,0,0,0,0,0,0,0,0,0,4,3,0.069,0.0,0.0,0.0,0.89,0.033,0.096,90,189,0.953,0.148,0.102,0.009,0.0,0.0,0.0,0.0,normal
4.221,tcp,http,SF,455,1429,0,0,0,0,0,1,0,0,0,0,0,0,0,0,0,0,4,3,0.001,0.018,0.0,0.0,0.861,0.039,0.052,235,200,0.97,0.076,0.119,0.022,0.0,0.0,0.0,0.0,normal
2.391,tcp,ssh,SF,3594,3445,0,0,0,0,0,1,0,0,0,0,0,0,0,0,0,0,2,1,0.0,0.015,0.0,0.0,0.857,0.036,0.062,101,113,0.938,0.168,0.009,0.094,0.0,0.0,0.0,0.0,normal
0.049,tcp,other,SF,240,214,0,0,0,0,0,0,0,0,0,0,0,0,0,0,0,0,3,4,0.018,0.002,0.0,0.0,0.987,0.117,0.001,192,31,1.0,0.147,0.094,0.09,0.0,0.0,0.0,0.0,normal
0.006,udp,dns,SF,63,118,0,0,0,0,0,0,0,0,0,0,0,0,0,0,0,0,5,7,0.0,0.0,0.0,0.0,0.969,0.069,0.019,16,109,0.954,0.022,0.084,0.07,0.0,0.0,0.0,0.0,normal
2.052,tcp,http,SF,227,324,0,0,0,0,0,1,0,0,0,0,0,0,0,0,0,0,6,4,0.0,0.016,0.0,0.0,0.896,0.121,0.097,97,238,0.822,0.058,0.114,0.081,0.0,0.0,0.0,0.0,normal
0.214,tcp,http,SF,362,3399,0,0,0,0,0,1,0,0,0,0,0,0,0,0,0,0,3,5,0.0,0.0,0.0,0.0,1.0,0.015,0.061,98,203,0.957,0.088,0.007,0.084,0.0,0.0,0.0,0.0,normal
10.255,tcp,smtp,SF,391,753,0,0,0,0,0,1,0,0,0,0,0,0,0,0,0,0,6,3,0.0,0.0,0.0,0.0,0.88,0.027,0.095,81,199,0.906,0.132,0.097,0.026,0.0,0.0,0.0,0.0,normal
0.105,tcp,http,SF,442,864,0,0,0,0,0,1,0,0,0,0,0,0,0,0,0,0,5,1,0.001,0.0,0.0,0.0,0.987,0.041,0.04,116,183,0.965,0.07,0.095,0.062,0.0,0.0,0.0,0.0,normal
0.301,tcp,http,SF,718,2422,0,0,0,0,0,1,0,0,0,0,0,0,0,0,0,0,3,4,0.273,0.0,0.0,0.0,0.879,0.107,0.087,51,225,0.892,0.052,0.143,0.028,0.0,0.0,0.0,0.0,normal
0.18,tcp,http,SF,233,1366,0,0,0,0,0,1,0,0,0,0,0,0,0,0,0,0,9,5,0.001,0.0,0.0,0.0,0.879,0.036,0.098,234,37,0.952,0.127,0.029,0.094,0.0,0.0,0.0,0.0,normal
0.658,tcp,http,SF,376,9368,0,0,0,0,0,1,0,0,0,0,0,0,0,0,0,0,6,3,0.0,0.0,0.0,0.0,0.939,0.044,0.071,85,164,0.875,0.004,0.048,0.032,0.0,0.0,0.0,0.0,normal
0.725,tcp,http,SF,411,1318,0,0,0,0,0,1,0,0,0,0,0,0,0,0,0,0,4,4,0.0,0.055,0.0,0.0,0.927,0.051,0.036,66,57,0.869,0.162,0.037,0.082,0.0,0.0,0.0,0.0,normal
3.383,tcp,http,SF,437,120,0,0,0,0,0,1,0,0,0,0,0,0,0,0,0,0,4,1,0.001,0.0,0.0,0.0,0.928,0.01,0.085,144,224,0.864,0.155,0.09,0.085,0.0,0.0,0.0,0.0,normal
0.56,tcp,other,SF,339,140,0,0,0,0,0,0,0,0,0,0,0,0,0,0,0,0,5,2,0.0,0.0,0.0,0.0,0.961,0.071,0.088,212,97,0.987,0.081,0.109,0.02,0.0,0.0,0.0,0.0,normal
3.423,tcp,http,SF,417,81,0,0,0,0,0,1,0,0,0,0,0,0,0,0,0,0,5,2,0.013,0.0,0.0,0.0,0.866,0.107,0.1,19,57,0.846,0.059,0.118,0.051,0.0,0.0,0.0,0.0,normal
4.046,tcp,smtp,SF,822,1460,0,0,0,0,0,1,0,0,0,0,0,0,0,0,0,0,3,8,0.057,0.009,0.0,0.0,0.927,0.025,0.07,224,70,0.853,0.025,0.093,0.012,0.0,0.0,0.0,0.0,normal
0.411,tcp,http,SF,314,1777,0,0,0,0,0,1,0,0,0,0,0,0,0,0,0,0,5,4,0.0,0.002,0.0,0.0,0.87,0.116,0.042,48,156,0.843,0.085,0.123,0.093,0.0,0.0,0.0,0.0,normal
1.355,tcp,http,SF,254,379,0,0,0,0,0,1,0,0,0,0,0,0,0,0,0,0,4,1,0.0,0.0,0.0,0.0,0.939,0.072,0.093,193,174,0.937,0.097,0.045,0.031,0.0,0.0,0.0,0.0,normal
1.224,tcp,smtp,SF,1169,1227,0,0,0,0,0,1,0,0,0,0,0,0,0,0,0,0,2,3,0.0,0.0,0.0,0.0,0.929,0.068,0.032,123,235,0.966,0.181,0.095,0.038,0.0,0.0,0.0,0.0,normal
0.063,udp,dns,SF,87,98,0,0,0,0,0,0,0,0,0,0,0,0,0,0,0,0,3,3,0.0,0.017,0.0,0.0,0.886,0.004,0.05,124,19,0.801,0.121,0.025,0.056,0.0,0.0,0.0,0.0,normal
31.214,tcp,ssh,SF,3481,4063,0,0,0,0,0,1,0,0,0,0,0,0,0,0,0,0,2,1,0.0,0.0,0.0,0.0,0.914,0.011,0.079,22,119,0.817,0.095,0.107,0.047,0.0,0.0,0.0,0.0,normal
214.398,tcp,ssh,SF,1786,3048,0,0,0,0,0,1,0,0,0,0,0,0,0,0,0,0,7,3,0.0,0.0,0.0,0.0,0.964,0.045,0.072,86,211,0.872,0.096,0.048,0.042,0.0,0.0,0.0,0.0,normal
0.059,udp,dns,SF,51,198,0,0,0,0,0,0,0,0,0,0,0,0,0,0,0,0,1,1,0.003,0.0,0.0,0.0,0.924,0.037,0.036,197,235,0.927,0.173,0.109,0.097,0.0,0.0,0.0,0.0,normal
4.203,tcp,smtp,SF,571,1151,0,0,0,0,0,1,0,0,0,0,0,0,0,0,0,0,10,6,0.0,0.0,0.0,0.0,0.96,0.007,0.011,152,240,0.904,0.053,0.072,0.058,0.0,0.0,0.0,0.0,normal
38.462,tcp,ssh,SF,3080,3781,0,0,0,0,0,1,0,0,0,0,0,0,0,0,0,0,6,2,0.0,0.0,0.0,0.0,0.921,0.129,0.054,233,233,0.848,0.005,0.064,0.02,0.0,0.0,0.0,0.0,normal
0.123,udp,dns,SF,58,168,0,0,0,0,0,0,0,0,0,0,0,0,0,0,0,0,7,1,0.001,0.0,0.0,0.0,0.968,0.114,0.091,137,125,0.907,0.175,0.042,0.025,0.0,0.0,0.0,0.0,normal
0.029,tcp,http,SF,768,7544,0,0,0,0,0,1,0,0,0,0,0,0,0,0,0,0,1,5,0.0,0.0,0.0,0.0,0.911,0.093,0.081,202,197,0.898,0.072,0.06,0.091,0.0,0.0,0.0,0.0,normal
2.568,tcp,smtp,SF,389,1971,0,0,0,1,0,1,0,0,0,0,0,0,0,0,0,0,5,2,0.002,0.0,0.0,0.0,0.986,0.104,0.059,115,68,0.957,0.175,0.075,0.029,0.0,0.0,0.0,0.0,normal
2.114,tcp,http,SF,372,1339,0,0,0,0,0,1,0,0,0,0,0,0,0,0,0,0,6,6,0.0,0.0,0.0,0.0,0.874,0.005,0.031,169,92,0.962,0.087,0.111,0.074,0.0,0.0,0.0,0.0,normal
2.424,tcp,http,SF,381,1994,0,0,0,0,0,1,0,0,0,0,0,0,0,0,0,0,1,3,0.035,0.003,0.0,0.0,0.901,0.15,0.078,137,167,0.937,0.199,0.002,0.002,0.0,0.0,0.0,0.0,normal
5.934,tcp,http,SF,197,3542,0,0,0,0,0,1,0,0,0,0,0,0,0,0,0,0,3,2,0.002,0.199,0.0,0.0,0.869,0.027,0.026,142,30,0.978,0.037,0.034,0.089,0.0,0.0,0.0,0.0,normal
0.04,udp,dns,SF,87,147,0,0,0,0,0,0,0,0,0,0,0,0,0,0,0,0,5,3,0.006,0.0,0.0,0.0,0.982,0.147,0.096,132,219,0.883,0.054,0.048,0.065,0.0,0.0,0.0,0.0,normal
0.077,udp,dns,SF,56,105,0,0,0,0,0,0,0,0,0,0,0,0,0,0,0,0,3,4,0.007,0.0,0.0,0.0,0.915,0.097,0.099,134,83,0.941,0.067,0.038,0.063,0.0,0.0,0.0,0.0,normal
0.197,udp,dns,SF,106,120,0,0,0,0,0,0,0,0,0,0,0,0,0,0,0,0,3,2,0.002,0.0,0.0,0.0,0.94,0.034,0.081,33,10,0.978,0.164,0.146,0.004,0.0,0.0,0.0,0.0,normal
1.484,tcp,http,SF,284,1918,0,0,0,0,0,1,0,0,0,0,0,0,0,0,0,0,6,6,0.0,0.001,0.0,0.0,0.86,0.02,0.082,240,208,0.918,0.083,0.016,0.081,0.0,0.0,0.0,0.0,normal
0.149,tcp,http,SF,423,1837,0,0,0,0,0,1,0,0,0,0,0,0,0,0,0,0,7,3,0.0,0.0,0.0,0.0,0.904,0.061,0.04,229,187,0.897,0.139,0.005,0.044,0.0,0.0,0.0,0.0,normal
0.01,udp,dns,SF,54,63,0,0,0,0,0,0,0,0,0,0,0,0,0,0,0,0,4,1,0.0,0.0,0.0,0.0,0.904,0.098,0.073,41,147,0.803,0.004,0.132,0.019,0.0,0.0,0.0,0.0,normal
2.723,tcp,http,SF,822,1797,0,0,0,0,0,1,0,0,0,0,0,0,0,0,0,0,5,4,0.002,0.0,0.0,0.0,0.909,0.04,0.042,30,205,0.966,0.084,0.06,0.02,0.0,0.0,0.0,0.0,normal
0.021,udp,dns,SF,82,115,0,0,0,0,0,0,0,0,0,0,0,0,0,0,0,0,3,2,0.002,0.0,0.0,0.0,0.94,0.067,0.068,95,48,0.91,0.104,0.08,0.051,0.0,0.0,0.0,0.0,normal
0.248,tcp,http,SF,342,1305,0,0,0,0,0,1,0,0,0,0,0,0,0,0,0,0,1,1,0.007,0.0,0.0,0.0,0.888,0.105,0.092,40,163,0.954,0.003,0.114,0.084,0.0,0.0,0.0,0.0,normal
1.389,tcp,http,SF,178,438,0,0,0,0,0,1,0,0,0,0,0,0,0,0,0,0,3,7,0.0,0.0,0.0,0.0,0.867,0.087,0.059,211,10,0.988,0.195,0.07,0.073,0.0,0.0,0.0,0.0,normal
0.729,tcp,http,SF,237,100,0,0,0,0,0,1,0,0,0,0,0,0,0,0,0,0,5,4,0.0,0.0,0.0,0.0,0.949,0.116,0.059,124,222,0.964,0.124,0.052,0.036,0.0,0.0,0.0,0.0,normal
104.212,tcp,ssh,SF,2804,3479,0,0,0,0,0,1,0,0,0,0,0,0,0,0,0,0,1,5,0.002,0.001,0.0,0.0,0.912,0.134,0.019,103,27,0.955,0.174,0.08,0.038,0.0,0.0,0.0,0.0,normal
1.375,tcp,http,SF,300,10383,0,0,0,0,0,1,0,0,0,0,0,0,0,0,0,0,6,2,0.0,0.002,0.0,0.0,0.95,0.111,0.032,237,237,0.959,0.17,0.1,0.041,0.0,0.0,0.0,0.0,normal
0.543,tcp,http,SF,359,2505,0,0,0,0,0,1,0,0,0,0,0,0,0,0,0,0,6,3,0.004,0.0,0.0,0.0,0.914,0.105,0.099,177,87,0.917,0.159,0.032,0.082,0.0,0.0,0.0,0.0,normal
0.85,tcp,http,SF,198,71,0,0,0,0,0,1,0,0,0,0,0,0,0,0,0,0,10,1,0.005,0.0,0.0,0.0,0.904,0.052,0.006,93,85,0.929,0.18,0.006,0.002,0.0,0.0,0.0,0.0,normal
0.047,udp,dns,SF,78,86,0,0,0,0,0,0,0,0,0,0,0,0,0,0,0,0,6,1,0.012,0.0,0.0,0.0,0.98,0.114,0.029,79,185,0.948,0.062,0.038,0.082,0.0,0.0,0.0,0.0,normal
4.395,tcp,smtp,SF,1359,863,0,0,0,0,0,1,0,0,0,0,0,0,0,0,0,0,5,3,0.006,0.0,0.0,0.0,0.97,0.008,0.078,237,116,0.988,0.077,0.148,0.056,0.0,0.0,0.0,0.0,normal
2.456,tcp,http,SF,323,6646,0,0,0,0,0,1,0,0,0,0,0,0,0,0,0,0,5,2,0.0,0.0,0.0,0.0,0.923,0.11,0.008,90,226,0.836,0.004,0.054,0.006,0.0,0.0,0.0,0.0,normal
1.219,tcp,http,SF,407,1406,0,0,0,0,0,1,0,0,0,0,0,0,0,0,0,0,7,3,0.0,0.0,0.0,0.0,0.966,0.048,0.031,245,229,0.82,0.031,0.062,0.08,0.0,0.0,0.0,0.0,normal
0.657,tcp,http,SF,358,4698,0,0,0,0,0,1,0,0,0,0,0,0,0,0,0,0,7,4,0.0,0.0,0.0,0.0,0.902,0.108,0.047,104,17,0.909,0.061,0.086,0.017,0.0,0.0,0.0,0.0,normal
2.4,tcp,http,SF,430,244,0,0,0,0,0,1,0,0,0,0,0,0,0,0,0,0,2,5,0.005,0.065,0.0,0.0,0.883,0.093,0.04,64,65,0.804,0.185,0.012,0.033,0.0,0.0,0.0,0.0,normal
14.805,tcp,ssh,SF,1459,4554,0,0,0,0,0,1,0,0,0,0,0,0,0,0,0,0,2,2,0.002,0.0,0.0,0.0,0.857,0.059,0.042,70,71,0.888,0.113,0.088,0.067,0.0,0.0,0.0,0.0,normal
9.943,tcp,ssh,SF,3913,4062,0,0,0,0,0,1,0,0,0,0,0,0,0,0,0,0,3,2,0.0,0.012,0.0,0.0,0.924,0.134,0.069,159,83,0.967,0.115,0.109,0.097,0.0,0.0,0.0,0.0,normal
19.557,tcp,ssh,SF,5215,3620,0,0,0,0,0,1,0,0,0,0,0,0,0,0,0,0,7,1,0.004,0.165,0.0,0.0,0.987,0.14,0.062,73,46,0.83,0.094,0.11,0.05,0.0,0.0,0.0,0.0,normal
2.126,tcp,http,SF,302,638,0,0,0,0,0,1,0,0,0,0,0,0,0,0,0,0,10,1,0.001,0.0,0.0,0.0,0.885,0.129,0.066,135,229,0.967,0.026,0.144,0.045,0.0,0.0,0.0,0.0,normal
18.254,tcp,smtp,SF,731,1335,0,0,0,0,0,1,0,0,0,0,0,0,0,0,0,0,4,3,0.004,0.0,0.0,0.0,0.895,0.033,0.094,34,103,0.988,0.176,0.071,0.038,0.0,0.0,0.0,0.0,normal
0.511,tcp,smtp,SF,628,687,0,0,0,0,0,1,0,0,0,0,0,0,0,0,0,0,4,4,0.0,0.0,0.0,0.0,0.938,0.086,0.016,215,254,0.818,0.179,0.074,0.022,0.0,0.0,0.0,0.0,normal
0.388,tcp,http,SF,427,7215,0,0,0,0,0,1,0,0,0,0,0,0,0,0,0,0,5,3,0.0,0.0,0.0,0.0,0.873,0.005,0.073,96,45,0.888,0.147,0.019,0.044,0.0,0.0,0.0,0.0,normal
0.518,tcp,http,SF,655,8254,0,0,0,0,0,1,0,0,0,0,0,0,0,0,0,0,1,4,0.024,0.0,0.0,0.0,0.952,0.066,0.049,173,22,0.891,0.16,0.089,0.092,0.0,0.0,0.0,0.0,normal
0.105,udp,dns,SF,72,128,0,0,0,0,0,0,0,0,0,0,0,0,0,0,0,0,6,5,0.0,0.078,0.0,0.0,0.862,0.096,0.03,192,61,0.926,0.087,0.01,0.082,0.0,0.0,0.0,0.0,normal
0.562,tcp,http,SF,396,1113,0,0,0,0,0,1,0,0,0,0,0,0,0,0,0,0,5,3,0.0,0.0,0.0,0.0,0.934,0.061,0.063,250,167,0.803,0.068,0.037,0.083,0.0,0.0,0.0,0.0,normal
0.039,udp,dns,SF,82,173,0,0,0,0,0,0,0,0,0,0,0,0,0,0,0,0,7,3,0.0,0.003,0.0,0.0,0.89,0.066,0.089,84,109,0.991,0.04,0.109,0.06,0.0,0.0,0.0,0.0,normal
0.018,udp,dns,SF,82,147,0,0,0,0,0,0,0,0,0,0,0,0,0,0,0,0,2,2,0.0,0.0,0.0,0.0,0.932,0.105,0.031,128,57,0.964,0.033,0.12,0.059,0.0,0.0,0.0,0.0,normal
1.161,tcp,http,SF,216,1580,0,0,0,0,0,1,0,0,0,0,0,0,0,0,0,0,4,7,0.001,0.0,0.0,0.0,0.952,0.052,0.042,81,57,0.971,0.133,0.124,0.032,0.0,0.0,0.0,0.0,normal
8.409,tcp,smtp,SF,630,1513,0,0,0,0,0,1,0,0,0,0,0,0,0,0,0,0,6,4,0.0,0.0,0.0,0.0,0.904,0.135,0.046,199,74,0.98,0.031,0.149,0.061,0.0,0.0,0.0,0.0,normal
2.967,tcp,http,SF,381,1689,0,0,0,0,0,1,0,0,0,0,0,0,0,0,0,0,5,3,0.009,0.029,0.0,0.0,0.961,0.005,0.06,55,200,0.924,0.006,0.018,0.08,0.0,0.0,0.0,0.0,normal
0.661,tcp,http,SF,212,1785,0,0,0,0,0,1,0,0,0,0,0,0,0,0,0,0,3,6,0.0,0.013,0.0,0.0,0.876,0.142,0.076,115,116,0.822,0.028,0.106,0.02,0.0,0.0,0.0,0.0,normal
1.356,tcp,http,SF,214,5097,0,0,0,0,0,1,0,0,0,0,0,0,0,0,0,0,4,3,0.0,0.0,0.0,0.0,0.875,0.035,0.085,25,52,0.948,0.017,0.097,0.027,0.0,0.0,0.0,0.0,normal
3.357,tcp,http,SF,358,1860,0,0,0,0,0,1,0,0,0,0,0,0,0,0,0,0,5,4,0.0,0.0,0.0,0.0,0.958,0.073,0.066,131,74,0.908,0.094,0.045,0.006,0.0,0.0,0.0,0.0,normal
4.003,tcp,http,SF,321,2881,0,0,0,0,0,1,0,0,0,0,0,0,0,0,0,0,6,1,0.03,0.003,0.0,0.0,0.954,0.053,0.013,229,205,0.96,0.109,0.15,0.039,0.0,0.0,0.0,0.0,normal
2.358,tcp,http,SF,340,6875,0,0,0,0,0,1,0,0,0,0,0,0,0,0,0,0,4,4,0.0,0.0,0.0,0.0,0.982,0.141,0.039,48,21,0.92,0.084,0.074,0.044,0.0,0.0,0.0,0.0,normal
0.008,udp,dns,SF,58,148,0,0,0,0,0,0,0,0,0,0,0,0,0,0,0,0,3,3,0.0,0.0,0.0,0.0,0.942,0.084,0.02,99,158,0.832,0.143,0.068,0.058,0.0,0.0,0.0,0.0,normal
4.873,tcp,http,SF,243,365,0,0,0,0,0,1,0,0,0,0,0,0,0,0,0,0,4,5,0.0,0.0,0.0,0.0,0.906,0.079,0.065,175,49,0.838,0.035,0.113,0.03,0.0,0.0,0.0,0.0,normal
0.27,tcp,http,SF,250,2187,0,0,0,0,0,1,0,0,0,0,0,0,0,0,0,0,3,1,0.062,0.0,0.0,0.0,0.962,0.043,0.076,79,33,0.841,0.021,0.036,0.023,0.0,0.0,0.0,0.0,normal
0.125,udp,dns,SF,50,114,0,0,0,0,0,0,0,0,0,0,0,0,0,0,0,0,1,1,0.0,0.0,0.0,0.0,0.954,0.076,0.093,252,48,0.895,0.131,0.136,0.049,0.0,0.0,0.0,0.0,normal
11.072,tcp,http,SF,435,3934,0,0,0,0,0,1,0,0,0,0,0,0,0,0,0,0,2,3,0.0,0.025,0.0,0.0,0.979,0.103,0.04,220,177,0.882,0.031,0.093,0.07,0.0,0.0,0.0,0.0,normal
0.057,udp,dns,SF,58,200,0,0,0,0,0,0,0,0,0,0,0,0,0,0,0,0,1,3,0.0,0.0,0.0,0.0,0.872,0.087,0.093,94,38,0.831,0.113,0.051,0.09,0.0,0.0,0.0,0.0,normal
2.546,tcp,http,SF,297,6774,0,0,0,0,0,1,0,0,0,0,0,0,0,0,0,0,4,3,0.0,0.0,0.0,0.0,0.918,0.084,0.005,34,64,0.984,0.176,0.048,0.087,0.0,0.0,0.0,0.0,normal
0.005,udp,dns,SF,51,106,0,0,0,0,0,0,0,0,0,0,0,0,0,0,0,0,3,2,0.106,0.0,0.0,0.0,0.921,0.073,0.025,13,202,0.924,0.074,0.063,0.037,0.0,0.0,0.0,0.0,normal
25.241,tcp,ssh,SF,2336,5072,0,0,0,0,0,1,0,0,0,0,0,0,0,0,0,0,5,1,0.0,0.0,0.0,0.0,0.867,0.01,0.071,59,70,0.932,0.163,0.075,0.013,0.0,0.0,0.0,0.0,normal
0.717,tcp,http,SF,473,7752,0,0,0,0,0,1,0,0,0,0,0,0,0,0,0,0,4,5,0.0,0.002,0.0,0.0,0.928,0.084,0.025,79,140,0.909,0.083,0.145,0.005,0.0,0.0,0.0,0.0,normal
0.04,udp,dns,SF,50,127,0,0,0,0,0,0,0,0,0,0,0,0,0,0,0,0,2,4,0.0,0.0,0.0,0.0,0.852,0.003,0.069,124,171,0.832,0.173,0.099,0.015,0.0,0.0,0.0,0.0,normal
0.075,udp,dns,SF,55,156,0,0,0,0,0,0,0,0,0,0,0,0,0,0,0,0,7,2,0.0,0.0,0.0,0.0,0.995,0.146,0.08,57,81,0.809,0.085,0.045,0.066,0.0,0.0,0.0,0.0,normal
0.023,udp,dns,SF,68,113,0,0,0,0,0,0,0,0,0,0,0,0,0,0,0,0,4,3,0.0,0.016,0.0,0.0,0.998,0.143,0.061,140,47,0.824,0.053,0.09,0.039,0.0,0.0,0.0,0.0,normal
3.729,tcp,http,SF,279,2415,0,0,0,0,0,1,0,0,0,0,0,0,0,0,0,0,1,2,0.202,0.0,0.0,0.0,0.875,0.112,0.005,46,143,0.814,0.012,0.035,0.093,0.0,0.0,0.0,0.0,normal
0.117,udp,dns,SF,72,133,0,0,0,0,0,0,0,0,0,0,0,0,0,0,0,0,7,1,0.0,0.002,0.0,0.0,0.95,0.082,0.048,161,219,0.832,0.115,0.14,0.045,0.0,0.0,0.0,0.0,normal
0.093,udp,dns,SF,54,214,0,0,0,0,0,0,0,0,0,0,0,0,0,0,0,0,4,4,0.046,0.0,0.0,0.0,0.855,0.115,0.063,130,71,0.992,0.18,0.145,0.051,0.0,0.0,0.0,0.0,normal
0.852,tcp,http,SF,394,7325,0,0,0,0,0,1,0,0,0,0,0,0,0,0,0,0,4,5,0.0,0.0,0.0,0.0,0.963,0.021,0.035,61,10,0.806,0.121,0.131,0.031,0.0,0.0,0.0,0.0,normal
0.419,tcp,http,SF,427,609,0,0,0,0,0,1,0,0,0,0,0,0,0,0,0,0,7,4,0.0,0.001,0.0,0.0,0.866,0.069,0.069,183,54,0.98,0.083,0.101,0.047,0.0,0.0,0.0,0.0,normal
1.154,tcp,http,SF,282,618,0,0,0,0,0,1,0,0,0,0,0,0,0,0,0,0,5,7,0.0,0.002,0.0,0.0,0.981,0.035,0.017,78,145,0.892,0.032,0.092,0.091,0.0,0.0,0.0,0.0,normal
1.72,tcp,other,SF,326,124,0,0,0,0,0,0,0,0,0,0,0,0,0,0,0,0,5,6,0.0,0.0,0.0,0.0,0.889,0.123,0.029,166,232,0.849,0.098,0.025,0.002,0.0,0.0,0.0,0.0,normal
4.072,tcp,http,SF,225,4564,0,0,0,0,0,1,0,0,0,0,0,0,0,0,0,0,3,3,0.0,0.004,0.0,0.0,0.876,0.043,0.033,57,89,0.949,0.132,0.123,0.051,0.0,0.0,0.0,0.0,normal
0.784,tcp,smtp,SF,945,1061,0,0,0,0,0,1,0,0,0,0,0,0,0,0,0,0,3,3,0.007,0.0,0.0,0.0,0.875,0.077,0.052,188,121,0.928,0.195,0.121,0.096,0.0,0.0,0.0,0.0,normal
0.466,tcp,http,SF,213,2576,0,0,0,0,0,1,0,0,0,0,0,0,0,0,0,0,3,2,0.018,0.027,0.0,0.0,0.904,0.031,0.01,60,40,0.989,0.189,0.076,0.069,0.0,0.0,0.0,0.0,normal
7.336,tcp,http,SF,227,2844,0,0,0,0,0,1,0,0,0,0,0,0,0,0,0,0,2,2,0.002,0.0,0.0,0.0,0.914,0.066,0.09,157,226,0.812,0.169,0.092,0.002,0.0,0.0,0.0,0.0,normal
0.022,udp,dns,SF,62,181,0,0,0,0,0,0,0,0,0,0,0,0,0,0,0,0,6,4,0.001,0.003,0.0,0.0,0.912,0.059,0.048,46,109,0.805,0.148,0.088,0.014,0.0,0.0,0.0,0.0,normal
0.07,udp,dns,SF,38,135,0,0,0,0,0,0,0,0,0,0,0,0,0,0,0,0,4,3,0.0,0.0,0.0,0.0,0.878,0.065,0.092,202,71,0.927,0.04,0.091,0.029,0.0,0.0,0.0,0.0,normal
23.854,tcp,ssh,SF,2683,4064,0,0,0,0,0,1,0,0,0,0,0,0,0,0,0,0,2,4,0.0,0.0,0.0,0.0,0.851,0.114,0.002,146,225,0.906,0.186,0.116,0.089,0.0,0.0,0.0,0.0,normal
2.146,tcp,http,SF,423,2625,0,0,0,0,0,1,0,0,0,0,0,0,0,0,0,0,4,2,0.024,0.0,0.0,0.0,0.924,0.012,0.022,147,175,0.816,0.076,0.131,0.003,0.0,0.0,0.0,0.0,normal
0.012,udp,dns,SF,77,119,0,0,0,0,0,0,0,0,0,0,0,0,0,0,0,0,5,1,0.006,0.01,0.0,0.0,0.945,0.038,0.015,33,160,0.903,0.157,0.044,0.023,0.0,0.0,0.0,0.0,normal
2.552,tcp,http,SF,151,2660,0,0,0,0,0,1,0,0,0,0,0,0,0,0,0,0,3,1,0.0,0.0,0.0,0.0,0.889,0.068,0.05,193,219,0.824,0.11,0.005,0.009,0.0,0.0,0.0,0.0,normal
0.252,tcp,http,SF,761,189,0,0,0,0,0,1,0,0,0,0,0,0,0,0,0,0,5,4,0.001,0.005,0.0,0.0,0.861,0.024,0.066,226,112,0.87,0.182,0.135,0.054,0.0,0.0,0.0,0.0,normal
0.6,tcp,http,SF,349,1015,0,0,0,0,0,1,0,0,0,0,0,0,0,0,0,0,1,3,0.0,0.0,0.0,0.0,0.971,0.074,0.084,121,127,0.834,0.104,0.047,0.045,0.0,0.0,0.0,0.0,normal
1.551,tcp,http,SF,558,1125,0,0,0,0,0,1,0,0,0,0,0,0,0,0,0,0,1,2,0.0,0.0,0.0,0.0,0.892,0.102,0.077,63,250,0.888,0.075,0.146,0.094,0.0,0.0,0.0,0.0,normal
6.342,tcp,http,SF,496,4402,0,0,0,0,0,1,0,0,0,0,0,0,0,0,0,0,4,2,0.003,0.173,0.0,0.0,0.882,0.14,0.042,83,242,0.972,0.09,0.004,0.097,0.0,0.0,0.0,0.0,normal
1.796,tcp,ssh,SF,3289,4962,0,0,0,0,0,1,0,0,0,0,0,0,0,0,0,0,4,6,0.0,0.022,0.0,0.0,0.939,0.068,0.084,39,167,0.873,0.144,0.048,0.084,0.0,0.0,0.0,0.0,normal
0.815,tcp,http,SF,396,776,0,0,0,0,0,1,0,0,0,0,0,0,0,0,0,0,4,3,0.0,0.001,0.0,0.0,0.97,0.033,0.071,99,69,0.806,0.015,0.007,0.028,0.0,0.0,0.0,0.0,normal
0.163,tcp,http,SF,249,849,0,0,0,0,0,1,0,0,0,0,0,0,0,0,0,0,3,2,0.0,0.0,0.0,0.0,0.954,0.099,0.091,32,142,0.815,0.143,0.024,0.067,0.0,0.0,0.0,0.0,normal
0.968,tcp,http,SF,304,725,0,0,0,0,0,1,0,0,0,0,0,0,0,0,0,0,2,5,0.0,0.0,0.0,0.0,0.914,0.101,0.081,79,181,0.979,0.047,0.099,0.089,0.0,0.0,0.0,0.0,normal
17.583,tcp,ssh,SF,1812,3209,0,0,0,0,0,1,0,0,0,0,0,0,0,0,0,0,4,2,0.009,0.0,0.0,0.0,0.974,0.072,0.03,40,121,0.93,0.024,0.079,0.011,0.0,0.0,0.0,0.0,normal
3.193,tcp,smtp,SF,555,1670,0,0,0,0,0,1,0,0,0,0,0,0,0,0,0,0,7,2,0.012,0.001,0.0,0.0,0.951,0.125,0.065,151,154,0.817,0.087,0.134,0.036,0.0,0.0,0.0,0.0,normal
2.066,tcp,http,SF,593,1630,0,0,0,0,0,1,0,0,0,0,0,0,0,0,0,0,5,2,0.003,0.054,0.0,0.0,0.949,0.035,0.029,189,15,0.994,0.167,0.061,0.089,0.0,0.0,0.0,0.0,normal
0.019,udp,dns,SF,75,131,0,0,0,0,0,0,0,0,0,0,0,0,0,0,0,0,1,2,0.0,0.053,0.0,0.0,0.975,0.088,0.004,226,194,0.848,0.159,0.094,0.049,0.0,0.0,0.0,0.0,normal
0.014,tcp,http,SF,337,1714,0,0,0,0,0,1,0,0,0,0,0,0,0,0,0,0,5,1,0.01,0.208,0.0,0.0,0.943,0.087,0.09,227,185,0.824,0.081,0.0,0.024,0.0,0.0,0.0,0.0,normal
177.805,tcp,ssh,SF,3516,7172,0,0,0,0,0,1,0,0,0,0,0,0,0,0,0,0,6,4,0.0,0.0,0.0,0.0,0.947,0.041,0.035,54,227,0.865,0.089,0.146,0.086,0.0,0.0,0.0,0.0,normal
3.177,tcp,http,SF,284,4891,0,0,0,0,0,1,0,0,0,0,0,0,0,0,0,0,1,4,0.0,0.04,0.0,0.0,0.975,0.106,0.051,69,28,0.834,0.048,0.134,0.067,0.0,0.0,0.0,0.0,normal
2.204,tcp,http,SF,262,603,0,0,0,0,0,1,0,0,0,0,0,0,0,0,0,0,3,3,0.0,0.0,0.0,0.0,0.857,0.101,0.074,52,221,0.975,0.099,0.061,0.059,0.0,0.0,0.0,0.0,normal
7.363,tcp,http,SF,204,1469,0,0,0,0,0,1,0,0,0,0,0,0,0,0,0,0,5,3,0.013,0.0,0.0,0.0,0.976,0.107,0.06,112,167,0.937,0.01,0.018,0.018,0.0,0.0,0.0,0.0,normal
1.098,tcp,http,SF,297,4175,0,0,0,0,0,1,0,0,0,0,0,0,0,0,0,0,2,2,0.01,0.0,0.0,0.0,0.887,0.099,0.015,21,204,0.987,0.009,0.012,0.079,0.0,0.0,0.0,0.0,normal
15.511,tcp,smtp,SF,692,1917,0,0,0,0,0,1,0,0,0,0,0,0,0,0,0,0,6,3,0.0,0.0,0.0,0.0,0.957,0.118,0.067,152,69,0.9,0.093,0.011,0.089,0.0,0.0,0.0,0.0,normal
0.601,tcp,http,SF,398,134,0,0,0,0,0,1,0,0,0,0,0,0,0,0,0,0,3,1,0.001,0.002,0.0,0.0,0.971,0.004,0.037,196,68,0.996,0.016,0.108,0.048,0.0,0.0,0.0,0.0,normal
0.115,udp,dns,SF,88,108,0,0,0,0,0,0,0,0,0,0,0,0,0,0,0,0,4,2,0.0,0.0,0.0,0.0,0.852,0.018,0.033,210,230,0.876,0.055,0.101,0.07,0.0,0.0,0.0,0.0,normal
0.015,udp,dns,SF,60,114,0,0,0,0,0,0,0,0,0,0,0,0,0,0,0,0,4,6,0.0,0.001,0.0,0.0,0.944,0.068,0.055,152,168,0.85,0.064,0.072,0.057,0.0,0.0,0.0,0.0,normal
3.681,tcp,http,SF,437,1471,0,0,0,0,0,1,0,0,0,0,0,0,0,0,0,0,5,5,0.037,0.0,0.0,0.0,0.999,0.128,0.083,110,137,0.89,0.128,0.003,0.079,0.0,0.0,0.0,0.0,normal
3.245,tcp,http,SF,321,5687,0,0,0,0,0,1,0,0,0,0,0,0,0,0,0,0,4,3,0.003,0.0,0.0,0.0,0.926,0.149,0.046,149,163,0.999,0.073,0.041,0.028,0.0,0.0,0.0,0.0,normal
0.046,udp,dns,SF,58,151,0,0,0,0,0,0,0,0,0,0,0,0,0,0,0,0,7,4,0.0,0.0,0.0,0.0,0.95,0.121,0.024,54,246,0.843,0.025,0.124,0.046,0.0,0.0,0.0,0.0,normal
0.889,tcp,http,SF,389,333,0,0,0,0,0,1,0,0,0,0,0,0,0,0,0,0,9,2,0.002,0.0,0.0,0.0,0.943,0.065,0.017,42,166,0.884,0.061,0.099,0.038,0.0,0.0,0.0,0.0,normal
0.216,tcp,http,SF,426,1530,0,0,0,0,0,1,0,0,0,0,0,0,0,0,0,0,3,4,0.0,0.0,0.0,0.0,0.863,0.07,0.018,185,233,0.847,0.143,0.009,0.02,0.0,0.0,0.0,0.0,normal
0.923,tcp,http,SF,265,2402,0,0,0,0,0,1,0,0,0,0,0,0,0,0,0,0,6,1,0.0,0.0,0.0,0.0,0.99,0.04,0.009,42,244,0.912,0.193,0.13,0.059,0.0,0.0,0.0,0.0,normal
0.996,tcp,http,SF,508,3185,0,0,0,0,0,1,0,0,0,0,0,0,0,0,0,0,4,5,0.0,0.0,0.0,0.0,0.981,0.045,0.062,84,217,0.99,0.033,0.102,0.044,0.0,0.0,0.0,0.0,normal
0.02,udp,dns,SF,59,163,0,0,0,0,0,0,0,0,0,0,0,0,0,0,0,0,2,2,0.0,0.001,0.0,0.0,0.887,0.033,0.0,235,199,0.948,0.07,0.001,0.079,0.0,0.0,0.0,0.0,normal
0.612,tcp,http,SF,233,7541,0,0,0,0,0,1,0,0,0,0,0,0,0,0,0,0,5,2,0.0,0.001,0.0,0.0,0.926,0.13,0.097,156,66,0.986,0.134,0.111,0.047,0.0,0.0,0.0,0.0,normal
3.179,tcp,http,SF,238,82,0,0,0,0,0,1,0,0,0,0,0,0,0,0,0,0,2,10,0.0,0.0,0.0,0.0,0.914,0.022,0.015,151,216,0.908,0.156,0.002,0.029,0.0,0.0,0.0,0.0,normal
0.021,tcp,smtp,SF,812,1020,0,0,0,0,0,1,0,0,0,0,0,0,0,0,0,0,3,5,0.047,0.002,0.0,0.0,0.945,0.061,0.013,53,109,0.856,0.136,0.1,0.094,0.0,0.0,0.0,0.0,normal
0.183,tcp,http,SF,297,2680,0,0,0,0,0,1,0,0,0,0,0,0,0,0,0,0,3,4,0.0,0.0,0.0,0.0,0.991,0.059,0.049,52,246,0.826,0.19,0.142,0.095,0.0,0.0,0.0,0.0,normal
0.307,tcp,http,SF,404,3352,0,0,0,0,0,1,0,0,0,0,0,0,0,0,0,0,3,2,0.001,0.0,0.0,0.0,0.971,0.013,0.029,252,162,0.849,0.096,0.126,0.027,0.0,0.0,0.0,0.0,normal
91.341,tcp,ssh,SF,2390,2725,0,0,0,0,0,1,0,0,0,0,0,0,0,0,0,0,6,2,0.0,0.003,0.0,0.0,0.915,0.033,0.052,88,174,0.872,0.057,0.033,0.036,0.0,0.0,0.0,0.0,normal
0.174,tcp,http,SF,349,7419,0,0,0,0,0,1,0,0,0,0,0,0,0,0,0,0,6,2,0.014,0.0,0.0,0.0,0.859,0.141,0.023,254,91,0.968,0.081,0.096,0.055,0.0,0.0,0.0,0.0,normal
15.521,tcp,smtp,SF,689,1092,0,0,0,0,0,1,0,0,0,0,0,0,0,0,0,0,6,1,0.0,0.018,0.0,0.0,0.898,0.003,0.071,68,158,0.892,0.18,0.109,0.043,0.0,0.0,0.0,0.0,normal
0.54,tcp,http,SF,331,12166,0,0,0,0,0,1,0,0,0,0,0,0,0,0,0,0,7,1,0.0,0.0,0.0,0.0,0.995,0.104,0.074,70,113,0.86,0.092,0.115,0.065,0.0,0.0,0.0,0.0,normal
4.931,tcp,http,SF,325,10479,0,0,0,0,0,1,0,0,0,0,0,0,0,0,0,0,2,2,0.002,0.0,0.0,0.0,0.882,0.083,0.042,75,22,0.945,0.11,0.139,0.081,0.0,0.0,0.0,0.0,normal
1.782,tcp,http,SF,279,20256,0,0,0,0,0,1,0,0,0,0,0,0,0,0,0,0,2,3,0.0,0.0,0.0,0.0,0.951,0.118,0.081,146,12,0.802,0.198,0.079,0.006,0.0,0.0,0.0,0.0,normal
0.05,tcp,http,SF,422,9094,0,0,0,0,0,1,0,0,0,0,0,0,0,0,0,0,2,2,0.0,0.0,0.0,0.0,0.928,0.086,0.019,118,207,0.818,0.02,0.037,0.065,0.0,0.0,0.0,0.0,normal
0.014,udp,dns,SF,63,244,0,0,0,0,0,0,0,0,0,0,0,0,0,0,0,0,3,4,0.1,0.003,0.0,0.0,0.873,0.052,0.042,51,251,0.817,0.022,0.065,0.017,0.0,0.0,0.0,0.0,normal
1.198,tcp,http,SF,250,3224,0,0,0,0,0,1,0,0,0,0,0,0,0,0,0,0,4,1,0.0,0.0,0.0,0.0,0.958,0.094,0.034,73,222,0.982,0.144,0.106,0.049,0.0,0.0,0.0,0.0,normal
0.1,tcp,http,SF,145,39,0,0,0,0,0,1,0,0,0,0,0,0,0,0,0,0,4,1,0.216,0.017,0.0,0.0,0.889,0.14,0.064,88,59,0.861,0.107,0.132,0.08,0.0,0.0,0.0,0.0,normal
0.021,udp,dns,SF,57,139,0,0,0,0,0,0,0,0,0,0,0,0,0,0,0,0,3,1,0.0,0.002,0.0,0.0,0.968,0.109,0.03,171,23,0.834,0.126,0.014,0.054,0.0,0.0,0.0,0.0,normal
1.282,tcp,http,SF,402,1208,0,0,0,0,0,1,0,0,0,0,0,0,0,0,0,0,4,6,0.0,0.0,0.0,0.0,0.925,0.0,0.019,95,47,0.812,0.19,0.145,0.089,0.0,0.0,0.0,0.0,normal
2.252,tcp,http,SF,375,1066,0,0,0,0,0,1,0,0,0,0,0,0,0,0,0,0,4,4,0.0,0.0,0.0,0.0,0.964,0.091,0.053,31,145,0.84,0.043,0.005,0.075,0.0,0.0,0.0,0.0,normal
0.762,tcp,http,SF,287,1057,0,0,0,0,0,1,0,0,0,0,0,0,0,0,0,0,4,2,0.0,0.0,0.0,0.0,0.911,0.044,0.083,94,131,0.827,0.04,0.044,0.04,0.0,0.0,0.0,0.0,normal
2.379,tcp,http,SF,172,523,0,0,0,0,0,1,0,0,0,0,0,0,0,0,0,0,1,5,0.0,0.0,0.0,0.0,0.995,0.023,0.036,76,190,0.914,0.087,0.105,0.073,0.0,0.0,0.0,0.0,normal
0.088,udp,dns,SF,53,196,0,0,0,0,0,0,0,0,0,0,0,0,0,0,0,0,3,2,0.007,0.001,0.0,0.0,0.918,0.137,0.056,74,34,0.905,0.191,0.015,0.097,0.0,0.0,0.0,0.0,normal
5.973,tcp,http,SF,256,2984,0,0,0,0,0,1,0,0,0,0,0,0,0,0,0,0,1,3,0.0,0.048,0.0,0.0,0.855,0.141,0.094,244,32,0.91,0.159,0.07,0.048,0.0,0.0,0.0,0.0,normal
0.207,udp,dns,SF,79,156,0,0,0,0,0,0,0,0,0,0,0,0,0,0,0,0,4,3,0.0,0.0,0.0,0.0,0.857,0.004,0.019,176,39,0.905,0.04,0.002,0.028,0.0,0.0,0.0,0.0,normal
2.247,tcp,http,SF,439,1090,0,0,0,0,0,1,0,0,0,0,0,0,0,0,0,0,4,5,0.04,0.0,0.0,0.0,0.851,0.139,0.017,56,88,0.989,0.147,0.077,0.086,0.0,0.0,0.0,0.0,normal
0.01,udp,dns,SF,72,149,0,0,0,0,0,0,0,0,0,0,0,0,0,0,0,0,5,7,0.085,0.011,0.0,0.0,0.91,0.051,0.017,252,126,0.931,0.063,0.073,0.054,0.0,0.0,0.0,0.0,normal
2.93,tcp,http,SF,297,2664,0,0,0,0,0,1,0,0,0,0,0,0,0,0,0,0,1,5,0.04,0.0,0.0,0.0,0.952,0.135,0.006,43,223,0.844,0.172,0.133,0.078,0.0,0.0,0.0,0.0,normal
6.073,tcp,http,SF,230,4559,0,0,0,0,0,1,0,0,0,0,0,0,0,0,0,0,2,3,0.0,0.0,0.0,0.0,0.957,0.106,0.014,74,23,0.968,0.14,0.026,0.068,0.0,0.0,0.0,0.0,normal
1.134,tcp,http,SF,233,604,0,0,0,0,0,1,0,0,0,0,0,0,0,0,0,0,3,4,0.0,0.001,0.0,0.0,0.886,0.064,0.097,116,76,0.945,0.189,0.085,0.049,0.0,0.0,0.0,0.0,normal
10.458,tcp,ssh,SF,2462,3685,0,0,0,1,0,1,0,0,0,0,0,0,0,0,0,0,4,4,0.026,0.007,0.0,0.0,0.924,0.092,0.065,238,213,0.855,0.022,0.028,0.094,0.0,0.0,0.0,0.0,normal
9.509,tcp,http,SF,388,14641,0,0,0,0,0,1,0,0,0,0,0,0,0,0,0,0,1,3,0.0,0.0,0.0,0.0,0.958,0.133,0.099,228,129,0.892,0.066,0.117,0.066,0.0,0.0,0.0,0.0,normal
0.046,udp,dns,SF,69,175,0,0,0,0,0,0,0,0,0,0,0,0,0,0,0,0,2,1,0.006,0.041,0.0,0.0,0.969,0.108,0.022,224,133,0.83,0.162,0.098,0.098,0.0,0.0,0.0,0.0,normal
0.519,tcp,smtp,SF,760,2783,0,0,0,0,0,1,0,0,0,0,0,0,0,0,0,0,7,1,0.0,0.008,0.0,0.0,0.927,0.096,0.08,47,123,0.883,0.112,0.136,0.042,0.0,0.0,0.0,0.0,normal
1.592,tcp,http,SF,599,219,0,0,0,0,0,1,0,0,0,0,0,0,0,0,0,0,2,4,0.033,0.053,0.0,0.0,0.929,0.04,0.023,223,122,0.933,0.102,0.039,0.062,0.0,0.0,0.0,0.0,normal
3.994,tcp,http,SF,330,627,0,0,0,0,0,1,0,0,0,0,0,0,0,0,0,0,3,1,0.0,0.0,0.0,0.0,0.988,0.093,0.053,50,174,0.858,0.005,0.066,0.074,0.0,0.0,0.0,0.0,normal
30.14,tcp,ssh,SF,2730,3810,0,0,0,0,0,1,0,0,0,0,0,0,0,0,0,0,4,2,0.094,0.0,0.0,0.0,0.936,0.055,0.043,253,108,0.89,0.006,0.037,0.099,0.0,0.0,0.0,0.0,normal
0.602,tcp,http,SF,434,10748,0,0,0,0,0,1,0,0,0,0,0,0,0,0,0,0,1,7,0.0,0.0,0.0,0.0,0.886,0.14,0.062,137,108,0.946,0.041,0.014,0.009,0.0,0.0,0.0,0.0,normal
2.272,tcp,http,SF,350,509,0,0,0,0,0,1,0,0,0,0,0,0,0,0,0,0,1,5,0.0,0.0,0.0,0.0,0.99,0.068,0.082,142,41,0.83,0.055,0.029,0.098,0.0,0.0,0.0,0.0,normal
1.899,tcp,http,SF,165,5501,0,0,0,0,0,1,0,0,0,0,0,0,0,0,0,0,3,5,0.0,0.002,0.0,0.0,0.902,0.01,0.033,211,188,0.931,0.096,0.042,0.042,0.0,0.0,0.0,0.0,normal
0.002,udp,dns,SF,66,204,0,0,0,0,0,0,0,0,0,0,0,0,0,0,0,0,2,3,0.0,0.0,0.0,0.0,0.988,0.148,0.042,122,59,0.9,0.099,0.07,0.002,0.0,0.0,0.0,0.0,normal
0.462,tcp,http,SF,342,335,0,0,0,0,0,1,0,0,0,0,0,0,0,0,0,0,4,4,0.0,0.008,0.0,0.0,0.971,0.101,0.002,108,68,0.893,0.106,0.124,0.039,0.0,0.0,0.0,0.0,normal
56.39,tcp,ssh,SF,1753,3195,0,0,0,0,0,1,0,0,0,0,0,0,0,0,0,0,4,7,0.0,0.001,0.0,0.0,0.969,0.084,0.063,24,126,0.992,0.164,0.113,0.033,0.0,0.0,0.0,0.0,normal
2.509,tcp,http,SF,431,8448,0,0,0,0,0,1,0,0,0,0,0,0,0,0,0,0,4,3,0.002,0.0,0.0,0.0,0.89,0.144,0.006,251,32,0.836,0.151,0.098,0.073,0.0,0.0,0.0,0.0,normal
2.26,tcp,http,SF,339,3549,0,0,0,0,0,1,0,0,0,0,0,0,0,0,0,0,5,3,0.0,0.002,0.0,0.0,0.907,0.105,0.066,172,195,0.905,0.073,0.03,0.044,0.0,0.0,0.0,0.0,normal
0.069,udp,dns,SF,48,107,0,0,0,0,0,0,0,0,0,0,0,0,0,0,0,0,2,5,0.005,0.02,0.0,0.0,0.984,0.119,0.054,144,10,0.832,0.051,0.062,0.036,0.0,0.0,0.0,0.0,normal
1.556,tcp,http,SF,265,540,0,0,0,0,0,1,0,0,0,0,0,0,0,0,0,0,7,6,0.004,0.002,0.0,0.0,0.893,0.08,0.012,184,154,0.878,0.07,0.029,0.05,0.0,0.0,0.0,0.0,normal
0.38,tcp,http,SF,227,165,0,0,0,0,0,1,0,0,0,0,0,0,0,0,0,0,6,4,0.0,0.002,0.0,0.0,0.906,0.115,0.067,17,223,0.901,0.058,0.076,0.022,0.0,0.0,0.0,0.0,normal
0.008,udp,dns,SF,85,131,0,0,0,0,0,0,0,0,0,0,0,0,0,0,0,0,3,4,0.0,0.0,0.0,0.0,0.967,0.128,0.067,34,228,0.912,0.142,0.116,0.082,0.0,0.0,0.0,0.0,normal
5.426,tcp,http,SF,380,4559,0,0,0,0,0,1,0,0,0,0,0,0,0,0,0,0,2,1,0.0,0.0,0.0,0.0,0.888,0.15,0.089,15,101,0.806,0.106,0.13,0.082,0.0,0.0,0.0,0.0,normal
3.021,tcp,http,SF,552,2210,0,0,0,0,0,1,0,0,0,0,0,0,0,0,0,0,1,1,0.0,0.051,0.0,0.0,0.98,0.111,0.003,116,174,0.964,0.054,0.098,0.049,0.0,0.0,0.0,0.0,normal
0.283,tcp,other,SF,183,115,0,0,0,0,0,0,0,0,0,0,0,0,0,0,0,0,3,4,0.0,0.0,0.0,0.0,0.96,0.104,0.035,211,190,0.907,0.154,0.017,0.04,0.0,0.0,0.0,0.0,normal
2.913,tcp,http,SF,379,3356,0,0,0,0,0,1,0,0,0,0,0,0,0,0,0,0,7,5,0.0,0.0,0.0,0.0,0.866,0.138,0.066,201,232,0.882,0.105,0.004,0.047,0.0,0.0,0.0,0.0,normal
0.037,udp,dns,SF,41,194,0,0,0,0,0,0,0,0,0,0,0,0,0,0,0,0,5,2,0.0,0.0,0.0,0.0,0.852,0.015,0.017,19,37,0.906,0.079,0.12,0.012,0.0,0.0,0.0,0.0,normal
3.298,tcp,http,SF,413,767,0,0,0,0,0,1,0,0,0,0,0,0,0,0,0,0,1,1,0.0,0.0,0.0,0.0,0.998,0.007,0.005,224,212,0.853,0.037,0.131,0.053,0.0,0.0,0.0,0.0,normal
0.143,udp,dns,SF,66,137,0,0,0,0,0,0,0,0,0,0,0,0,0,0,0,0,6,5,0.0,0.0,0.0,0.0,0.968,0.091,0.044,219,111,0.907,0.16,0.018,0.091,0.0,0.0,0.0,0.0,normal
2.975,tcp,smtp,SF,523,1240,0,0,0,0,0,1,0,0,0,0,0,0,0,0,0,0,1,4,0.001,0.022,0.0,0.0,0.926,0.039,0.025,136,120,0.852,0.006,0.016,0.085,0.0,0.0,0.0,0.0,normal
0.059,udp,dns,SF,51,114,0,0,0,0,0,0,0,0,0,0,0,0,0,0,0,0,4,3,0.0,0.0,0.0,0.0,0.909,0.043,0.064,163,210,0.853,0.124,0.106,0.037,0.0,0.0,0.0,0.0,normal
0.212,udp,dns,SF,43,199,0,0,0,0,0,0,0,0,0,0,0,0,0,0,0,0,5,4,0.0,0.01,0.0,0.0,0.986,0.111,0.026,209,84,0.942,0.184,0.074,0.088,0.0,0.0,0.0,0.0,normal
0.047,udp,dns,SF,62,121,0,0,0,0,0,0,0,0,0,0,0,0,0,0,0,0,3,1,0.0,0.002,0.0,0.0,0.945,0.121,0.036,91,151,0.9,0.041,0.124,0.033,0.0,0.0,0.0,0.0,normal
1.692,tcp,http,SF,322,1760,0,0,0,0,0,1,0,0,0,0,0,0,0,0,0,0,8,5,0.0,0.0,0.0,0.0,0.872,0.094,0.077,193,232,0.817,0.163,0.09,0.03,0.0,0.0,0.0,0.0,normal
6.101,tcp,http,SF,209,2866,0,0,0,0,0,1,0,0,0,0,0,0,0,0,0,0,2,1,0.005,0.0,0.0,0.0,0.935,0.097,0.022,251,65,0.973,0.189,0.096,0.056,0.0,0.0,0.0,0.0,normal
1.109,tcp,http,SF,333,21792,0,0,0,0,0,1,0,0,0,0,0,0,0,0,0,0,6,5,0.002,0.0,0.0,0.0,0.923,0.016,0.08,42,79,0.919,0.034,0.053,0.011,0.0,0.0,0.0,0.0,normal
2.678,tcp,http,SF,333,6115,0,0,0,0,0,1,0,0,0,0,0,0,0,0,0,0,6,5,0.121,0.0,0.0,0.0,0.931,0.142,0.01,115,65,0.818,0.087,0.094,0.02,0.0,0.0,0.0,0.0,normal
2.471,tcp,http,SF,295,3996,0,0,0,0,0,1,0,0,0,0,0,0,0,0,0,0,7,1,0.0,0.0,0.0,0.0,0.867,0.141,0.003,242,216,0.806,0.032,0.047,0.074,0.0,0.0,0.0,0.0,normal
6.564,tcp,http,SF,396,4965,0,0,0,0,0,1,0,0,0,0,0,0,0,0,0,0,8,5,0.006,0.033,0.0,0.0,0.971,0.06,0.058,16,217,0.896,0.055,0.04,0.057,0.0,0.0,0.0,0.0,normal
0.572,tcp,http,SF,535,2529,0,0,0,0,0,1,0,0,0,0,0,0,0,0,0,0,6,4,0.092,0.004,0.0,0.0,0.903,0.024,0.01,114,161,0.912,0.13,0.144,0.006,0.0,0.0,0.0,0.0,normal
0.221,tcp,http,SF,714,4220,0,0,0,0,0,1,0,0,0,0,0,0,0,0,0,0,7,2,0.0,0.001,0.0,0.0,0.873,0.144,0.055,53,41,0.922,0.1,0.009,0.086,0.0,0.0,0.0,0.0,normal
0.141,udp,dns,SF,64,213,0,0,0,0,0,0,0,0,0,0,0,0,0,0,0,0,1,2,0.0,0.0,0.0,0.0,0.869,0.132,0.018,44,220,0.916,0.165,0.011,0.096,0.0,0.0,0.0,0.0,normal
1.638,tcp,http,SF,187,3800,0,0,0,0,0,1,0,0,0,0,0,0,0,0,0,0,2,2,0.0,0.0,0.0,0.0,0.876,0.107,0.004,18,24,0.857,0.088,0.104,0.069,0.0,0.0,0.0,0.0,normal
1.47,tcp,http,SF,195,524,0,0,0,0,0,1,0,0,0,0,0,0,0,0,0,0,2,3,0.085,0.001,0.0,0.0,0.887,0.072,0.082,85,179,0.951,0.042,0.125,0.061,0.0,0.0,0.0,0.0,normal
8.846,tcp,ssh,SF,3332,4754,0,0,0,0,0,1,0,0,0,0,0,0,0,0,0,0,1,1,0.0,0.032,0.0,0.0,0.9,0.028,0.053,173,97,0.929,0.008,0.107,0.03,0.0,0.0,0.0,0.0,normal
2.299,tcp,http,SF,106,627,0,0,0,0,0,1,0,0,0,0,0,0,0,0,0,0,6,3,0.06,0.0,0.0,0.0,0.894,0.006,0.039,226,67,0.902,0.092,0.012,0.025,0.0,0.0,0.0,0.0,normal
3.466,tcp,smtp,SF,481,1978,0,0,0,0,0,1,0,0,0,0,0,0,0,0,0,0,1,4,0.0,0.0,0.0,0.0,0.939,0.138,0.001,56,157,0.801,0.125,0.062,0.043,0.0,0.0,0.0,0.0,normal
1.859,tcp,http,SF,396,511,0,0,0,1,0,1,0,0,0,0,0,0,0,0,0,0,6,3,0.002,0.0,0.0,0.0,0.864,0.051,0.075,221,232,0.927,0.119,0.057,0.048,0.0,0.0,0.0,0.0,normal
1.267,tcp,http,SF,258,369,0,0,0,0,0,1,0,0,0,0,0,0,0,0,0,0,4,7,0.002,0.001,0.0,0.0,0.955,0.136,0.001,148,51,0.941,0.114,0.048,0.065,0.0,0.0,0.0,0.0,normal
0.03,udp,dns,SF,64,105,0,0,0,0,0,0,0,0,0,0,0,0,0,0,0,0,9,1,0.021,0.0,0.0,0.0,0.861,0.007,0.095,143,157,0.929,0.183,0.083,0.062,0.0,0.0,0.0,0.0,normal
0.984,tcp,smtp,SF,905,1447,0,0,0,0,0,1,0,0,0,0,0,0,0,0,0,0,3,3,0.0,0.0,0.0,0.0,0.851,0.021,0.009,22,93,0.936,0.189,0.013,0.051,0.0,0.0,0.0,0.0,normal
3.397,tcp,http,SF,290,300,0,0,0,0,0,1,0,0,0,0,0,0,0,0,0,0,5,1,0.0,0.009,0.0,0.0,0.947,0.033,0.098,238,195,0.847,0.103,0.118,0.091,0.0,0.0,0.0,0.0,normal
0.105,tcp,http,SF,470,3788,0,0,0,0,0,1,0,0,0,0,0,0,0,0,0,0,1,4,0.0,0.0,0.0,0.0,0.902,0.017,0.051,132,190,0.937,0.171,0.043,0.031,0.0,0.0,0.0,0.0,normal
2.481,tcp,http,SF,283,7263,0,0,0,0,0,1,0,0,0,0,0,0,0,0,0,0,4,4,0.0,0.0,0.0,0.0,0.98,0.049,0.073,39,28,0.827,0.092,0.069,0.051,0.0,0.0,0.0,0.0,normal
0.801,tcp,http,SF,354,2958,0,0,0,0,0,1,0,0,0,0,0,0,0,0,0,0,2,1,0.0,0.243,0.0,0.0,0.981,0.034,0.072,189,160,0.947,0.017,0.11,0.079,0.0,0.0,0.0,0.0,normal
0.511,tcp,http,SF,191,518,0,0,0,0,0,1,0,0,0,0,0,0,0,0,0,0,7,2,0.0,0.0,0.0,0.0,0.933,0.143,0.094,181,81,0.907,0.03,0.07,0.032,0.0,0.0,0.0,0.0,normal
2.596,tcp,http,SF,321,614,0,0,0,1,0,1,0,0,0,0,0,0,0,0,0,0,4,2,0.017,0.344,0.0,0.0,0.97,0.068,0.006,245,61,0.889,0.053,0.049,0.006,0.0,0.0,0.0,0.0,normal
0.066,udp,dns,SF,74,133,0,0,0,0,0,0,0,0,0,0,0,0,0,0,0,0,5,5,0.0,0.0,0.0,0.0,0.857,0.04,0.023,108,132,0.884,0.117,0.022,0.069,0.0,0.0,0.0,0.0,normal
0.016,udp,dns,SF,83,159,0,0,0,0,0,0,0,0,0,0,0,0,0,0,0,0,6,3,0.0,0.0,0.0,0.0,0.87,0.078,0.067,33,41,0.987,0.153,0.143,0.03,0.0,0.0,0.0,0.0,normal
1.665,tcp,smtp,SF,1658,1184,0,0,0,0,0,1,0,0,0,0,0,0,0,0,0,0,2,4,0.0,0.0,0.0,0.0,0.963,0.027,0.034,211,210,0.997,0.176,0.142,0.064,0.0,0.0,0.0,0.0,normal
0.04,udp,dns,SF,67,169,0,0,0,0,0,0,0,0,0,0,0,0,0,0,0,0,2,5,0.0,0.008,0.0,0.0,0.927,0.131,0.074,231,151,0.925,0.022,0.105,0.061,0.0,0.0,0.0,0.0,normal
3.942,tcp,ssh,SF,1792,3532,0,0,0,0,0,1,0,0,0,0,0,0,0,0,0,0,5,4,0.0,0.0,0.0,0.0,0.908,0.099,0.035,238,130,0.98,0.113,0.1,0.022,0.0,0.0,0.0,0.0,normal
0.034,udp,dns,SF,68,127,0,0,0,0,0,0,0,0,0,0,0,0,0,0,0,0,2,6,0.0,0.0,0.0,0.0,0.974,0.082,0.008,176,174,0.89,0.156,0.074,0.067,0.0,0.0,0.0,0.0,normal
0.461,tcp,http,SF,533,4907,0,0,0,0,0,1,0,0,0,0,0,0,0,0,0,0,2,3,0.0,0.0,0.0,0.0,0.862,0.005,0.014,235,92,0.905,0.001,0.104,0.096,0.0,0.0,0.0,0.0,normal
0.297,tcp,http,SF,341,7569,0,0,0,0,0,1,0,0,0,0,0,0,0,0,0,0,2,3,0.001,0.009,0.0,0.0,0.891,0.085,0.007,79,21,0.81,0.184,0.103,0.084,0.0,0.0,0.0,0.0,normal
8.222,tcp,http,SF,262,5312,0,0,0,0,0,1,0,0,0,0,0,0,0,0,0,0,7,1,0.004,0.0,0.0,0.0,0.859,0.079,0.026,80,146,0.83,0.005,0.004,0.011,0.0,0.0,0.0,0.0,normal
0.024,udp,dns,SF,48,99,0,0,0,0,0,0,0,0,0,0,0,0,0,0,0,0,5,2,0.164,0.001,0.0,0.0,0.854,0.028,0.067,165,63,0.836,0.111,0.104,0.043,0.0,0.0,0.0,0.0,normal
0.557,tcp,http,SF,232,4408,0,0,0,0,0,1,0,0,0,0,0,0,0,0,0,0,1,2,0.0,0.0,0.0,0.0,0.977,0.027,0.089,119,57,0.898,0.039,0.058,0.099,0.0,0.0,0.0,0.0,normal
0.545,tcp,http,SF,501,4241,0,0,0,0,0,1,0,0,0,0,0,0,0,0,0,0,2,1,0.0,0.0,0.0,0.0,0.874,0.012,0.028,172,96,0.892,0.02,0.147,0.027,0.0,0.0,0.0,0.0,normal
5.746,tcp,smtp,SF,1050,960,0,0,0,0,0,1,0,0,0,0,0,0,0,0,0,0,7,3,0.14,0.015,0.0,0.0,0.993,0.01,0.076,130,157,0.994,0.112,0.042,0.078,0.0,0.0,0.0,0.0,normal
3.678,tcp,http,SF,288,1123,0,0,0,0,0,1,0,0,0,0,0,0,0,0,0,0,2,1,0.0,0.0,0.0,0.0,0.983,0.01,0.098,115,24,0.946,0.181,0.113,0.015,0.0,0.0,0.0,0.0,normal
0.02,udp,dns,SF,71,144,0,0,0,0,0,0,0,0,0,0,0,0,0,0,0,0,2,2,0.001,0.004,0.0,0.0,0.976,0.055,0.042,213,206,0.909,0.137,0.011,0.01,0.0,0.0,0.0,0.0,normal
6.256,tcp,http,SF,404,5246,0,0,0,0,0,1,0,0,0,0,0,0,0,0,0,0,5,1,0.007,0.003,0.0,0.0,0.887,0.128,0.01,186,202,0.827,0.093,0.089,0.077,0.0,0.0,0.0,0.0,normal
0.356,tcp,smtp,SF,553,708,0,0,0,0,0,1,0,0,0,0,0,0,0,0,0,0,8,4,0.0,0.091,0.0,0.0,0.908,0.005,0.016,141,28,0.848,0.011,0.042,0.059,0.0,0.0,0.0,0.0,normal
0.887,tcp,smtp,SF,1050,563,0,0,0,0,0,1,0,0,0,0,0,0,0,0,0,0,6,4,0.177,0.0,0.0,0.0,0.984,0.057,0.018,165,99,0.923,0.04,0.008,0.087,0.0,0.0,0.0,0.0,normal
17.022,tcp,ssh,SF,2961,4834,0,0,0,0,0,1,0,0,0,0,0,0,0,0,0,0,4,4,0.0,0.0,0.0,0.0,0.881,0.089,0.033,57,10,0.805,0.082,0.079,0.065,0.0,0.0,0.0,0.0,normal
0.504,tcp,smtp,SF,746,1995,0,0,0,0,0,1,0,0,0,0,0,0,0,0,0,0,4,3,0.0,0.001,0.0,0.0,0.896,0.037,0.038,29,92,0.946,0.12,0.064,0.02,0.0,0.0,0.0,0.0,normal
0.015,udp,dns,SF,73,199,0,0,0,0,0,0,0,0,0,0,0,0,0,0,0,0,8,3,0.027,0.09,0.0,0.0,0.903,0.098,0.05,21,105,0.928,0.07,0.005,0.082,0.0,0.0,0.0,0.0,normal
0.048,udp,dns,SF,51,197,0,0,0,0,0,0,0,0,0,0,0,0,0,0,0,0,7,3,0.0,0.0,0.0,0.0,0.99,0.036,0.072,16,56,0.927,0.028,0.127,0.074,0.0,0.0,0.0,0.0,normal
7.465,tcp,http,SF,299,14796,0,0,0,0,0,1,0,0,0,0,0,0,0,0,0,0,7,5,0.0,0.012,0.0,0.0,0.923,0.135,0.088,135,133,0.992,0.058,0.035,0.067,0.0,0.0,0.0,0.0,normal
55.701,tcp,ssh,SF,2476,6722,0,0,0,0,0,1,0,0,0,0,0,0,0,0,0,0,5,1,0.0,0.07,0.0,0.0,0.883,0.138,0.063,103,110,0.887,0.113,0.127,0.084,0.0,0.0,0.0,0.0,normal
2.187,tcp,smtp,SF,1075,993,0,0,0,0,0,1,0,0,0,0,0,0,0,0,0,0,6,2,0.0,0.063,0.0,0.0,0.954,0.072,0.059,80,200,0.955,0.103,0.132,0.093,0.0,0.0,0.0,0.0,normal
1.008,tcp,http,SF,404,1990,0,0,0,0,0,1,0,0,0,0,0,0,0,0,0,0,6,1,0.0,0.01,0.0,0.0,0.969,0.066,0.035,164,165,0.889,0.061,0.137,0.072,0.0,0.0,0.0,0.0,normal
1.223,tcp,http,SF,136,696,0,0,0,0,0,1,0,0,0,0,0,0,0,0,0,0,2,2,0.0,0.0,0.0,0.0,0.95,0.102,0.043,223,87,0.918,0.192,0.065,0.067,0.0,0.0,0.0,0.0,normal
0.034,udp,dns,SF,83,150,0,0,0,0,0,0,0,0,0,0,0,0,0,0,0,0,6,2,0.0,0.001,0.0,0.0,0.965,0.131,0.002,188,233,0.972,0.09,0.101,0.027,0.0,0.0,0.0,0.0,normal
1.081,tcp,http,SF,219,2136,0,0,0,0,0,1,0,0,0,0,0,0,0,0,0,0,5,1,0.01,0.0,0.0,0.0,0.929,0.021,0.04,189,125,0.817,0.199,0.006,0.092,0.0,0.0,0.0,0.0,normal
0.152,tcp,http,SF,250,8317,0,0,0,0,0,1,0,0,0,0,0,0,0,0,0,0,3,3,0.0,0.0,0.0,0.0,0.976,0.149,0.078,132,155,0.973,0.036,0.115,0.068,0.0,0.0,0.0,0.0,normal
3.935,tcp,http,SF,225,2545,0,0,0,0,0,1,0,0,0,0,0,0,0,0,0,0,4,3,0.029,0.0,0.0,0.0,0.984,0.035,0.042,21,185,0.826,0.192,0.112,0.083,0.0,0.0,0.0,0.0,normal
3.875,tcp,smtp,SF,734,1602,0,0,0,0,0,1,0,0,0,0,0,0,0,0,0,0,4,3,0.0,0.0,0.0,0.0,0.977,0.078,0.003,65,136,0.843,0.089,0.114,0.005,0.0,0.0,0.0,0.0,normal
0.0,tcp,http,SF,323,413,0,0,0,0,0,1,0,0,0,0,0,0,0,0,0,0,2,5,0.0,0.0,0.0,0.0,0.999,0.006,0.035,162,179,0.885,0.197,0.005,0.087,0.0,0.0,0.0,0.0,normal
0.686,tcp,http,SF,550,964,0,0,0,0,0,1,0,0,0,0,0,0,0,0,0,0,3,6,0.0,0.011,0.0,0.0,0.856,0.066,0.077,95,211,0.817,0.121,0.135,0.023,0.0,0.0,0.0,0.0,normal
2.658,tcp,http,SF,316,293,0,0,0,0,0,1,0,0,0,0,0,0,0,0,0,0,2,1,0.01,0.0,0.0,0.0,0.87,0.141,0.054,31,10,0.989,0.027,0.125,0.033,0.0,0.0,0.0,0.0,normal
0.047,udp,dns,SF,47,110,0,0,0,0,0,0,0,0,0,0,0,0,0,0,0,0,2,1,0.0,0.012,0.0,0.0,0.884,0.099,0.014,114,213,0.882,0.053,0.127,0.011,0.0,0.0,0.0,0.0,normal
2.926,tcp,http,SF,247,10769,0,0,0,0,0,1,0,0,0,0,0,0,0,0,0,0,1,1,0.0,0.0,0.0,0.0,0.893,0.024,0.075,229,16,0.86,0.106,0.001,0.095,0.0,0.0,0.0,0.0,normal
0.185,udp,dns,SF,58,184,0,0,0,0,0,0,0,0,0,0,0,0,0,0,0,0,3,3,0.0,0.0,0.0,0.0,0.978,0.1,0.019,186,109,0.898,0.104,0.06,0.058,0.0,0.0,0.0,0.0,normal
2.734,tcp,http,SF,331,8495,0,0,0,0,0,1,0,0,0,0,0,0,0,0,0,0,2,3,0.003,0.0,0.0,0.0,0.912,0.062,0.031,234,100,0.837,0.054,0.081,0.052,0.0,0.0,0.0,0.0,normal
0.946,tcp,http,SF,201,74,0,0,0,0,0,1,0,0,0,0,0,0,0,0,0,0,5,1,0.0,0.0,0.0,0.0,0.888,0.086,0.019,139,58,0.815,0.196,0.091,0.053,0.0,0.0,0.0,0.0,normal
4.667,tcp,http,SF,527,3149,0,0,0,0,0,1,0,0,0,0,0,0,0,0,0,0,3,2,0.0,0.0,0.0,0.0,0.945,0.121,0.089,141,240,0.825,0.163,0.101,0.037,0.0,0.0,0.0,0.0,normal
5.682,tcp,http,SF,208,2516,0,0,0,0,0,1,0,0,0,0,0,0,0,0,0,0,4,1,0.001,0.0,0.0,0.0,0.964,0.081,0.093,195,38,0.992,0.11,0.059,0.008,0.0,0.0,0.0,0.0,normal
0.014,udp,dns,SF,72,170,0,0,0,0,0,0,0,0,0,0,0,0,0,0,0,0,4,2,0.0,0.006,0.0,0.0,0.956,0.07,0.091,205,198,0.904,0.004,0.051,0.049,0.0,0.0,0.0,0.0,normal
0.016,udp,dns,SF,45,127,0,0,0,0,0,0,0,0,0,0,0,0,0,0,0,0,5,3,0.0,0.001,0.0,0.0,0.996,0.062,0.082,242,212,0.865,0.165,0.024,0.098,0.0,0.0,0.0,0.0,normal
3.519,tcp,http,SF,347,3328,0,0,0,0,0,1,0,0,0,0,0,0,0,0,0,0,2,1,0.0,0.0,0.0,0.0,0.98,0.036,0.095,38,233,0.884,0.195,0.132,0.004,0.0,0.0,0.0,0.0,normal
0.132,tcp,http,SF,474,11529,0,0,0,0,0,1,0,0,0,0,0,0,0,0,0,0,3,2,0.001,0.073,0.0,0.0,0.921,0.006,0.004,128,89,0.877,0.116,0.14,0.039,0.0,0.0,0.0,0.0,normal
0.109,tcp,http,SF,446,1880,0,0,0,0,0,1,0,0,0,0,0,0,0,0,0,0,5,1,0.009,0.0,0.0,0.0,0.989,0.045,0.055,175,111,0.883,0.01,0.033,0.087,0.0,0.0,0.0,0.0,normal
3.126,tcp,http,SF,421,67,0,0,0,0,0,1,0,0,0,0,0,0,0,0,0,0,3,2,0.03,0.0,0.0,0.0,0.97,0.091,0.029,204,132,0.976,0.077,0.051,0.096,0.0,0.0,0.0,0.0,normal
0.016,udp,dns,SF,45,114,0,0,0,0,0,0,0,0,0,0,0,0,0,0,0,0,2,3,0.0,0.119,0.0,0.0,0.88,0.084,0.061,236,39,0.891,0.154,0.006,0.041,0.0,0.0,0.0,0.0,normal
0.024,udp,dns,SF,72,132,0,0,0,0,0,0,0,0,0,0,0,0,0,0,0,0,1,3,0.0,0.0,0.0,0.0,0.942,0.066,0.062,98,47,0.86,0.05,0.025,0.041,0.0,0.0,0.0,0.0,normal
3.254,tcp,http,SF,371,9959,0,0,0,0,0,1,0,0,0,0,0,0,0,0,0,0,3,1,0.001,0.002,0.0,0.0,0.959,0.106,0.046,231,139,0.848,0.097,0.109,0.077,0.0,0.0,0.0,0.0,normal
0.035,udp,dns,SF,69,109,0,0,0,0,0,0,0,0,0,0,0,0,0,0,0,0,4,4,0.001,0.007,0.0,0.0,0.939,0.139,0.088,22,35,0.908,0.007,0.119,0.037,0.0,0.0,0.0,0.0,normal
0.65,tcp,http,SF,570,5319,0,0,0,0,0,1,0,0,0,0,0,0,0,0,0,0,2,4,0.0,0.001,0.0,0.0,0.925,0.12,0.071,238,120,0.954,0.144,0.001,0.071,0.0,0.0,0.0,0.0,normal
2.229,tcp,http,SF,523,1217,0,0,0,0,0,1,0,0,0,0,0,0,0,0,0,0,1,7,0.0,0.0,0.0,0.0,0.88,0.135,0.052,152,205,0.897,0.008,0.104,0.005,0.0,0.0,0.0,0.0,normal
0.48,tcp,http,SF,280,4128,0,0,0,0,0,1,0,0,0,0,0,0,0,0,0,0,6,5,0.004,0.002,0.0,0.0,0.936,0.065,0.011,168,188,0.94,0.018,0.007,0.038,0.0,0.0,0.0,0.0,normal
0.142,udp,dns,SF,60,116,0,0,0,0,0,0,0,0,0,0,0,0,0,0,0,0,5,1,0.0,0.0,0.0,0.0,0.978,0.065,0.052,143,200,0.943,0.102,0.145,0.004,0.0,0.0,0.0,0.0,normal
0.045,tcp,http,SF,448,1175,0,0,0,0,0,1,0,0,0,0,0,0,0,0,0,0,4,2,0.003,0.002,0.0,0.0,0.99,0.01,0.05,227,236,0.854,0.168,0.089,0.086,0.0,0.0,0.0,0.0,normal
0.443,tcp,http,SF,397,549,0,0,0,0,0,1,0,0,0,0,0,0,0,0,0,0,9,3,0.001,0.028,0.0,0.0,0.909,0.018,0.044,75,38,0.967,0.072,0.027,0.06,0.0,0.0,0.0,0.0,normal
1.276,tcp,http,SF,222,6806,0,0,0,0,0,1,0,0,0,0,0,0,0,0,0,0,4,3,0.023,0.0,0.0,0.0,0.961,0.117,0.04,16,11,0.813,0.055,0.143,0.039,0.0,0.0,0.0,0.0,normal
0.102,udp,dns,SF,71,214,0,0,0,0,0,0,0,0,0,0,0,0,0,0,0,0,7,3,0.012,0.025,0.0,0.0,0.867,0.077,0.099,191,250,0.915,0.154,0.037,0.022,0.0,0.0,0.0,0.0,normal
5.043,tcp,http,SF,298,1078,0,0,0,0,0,1,0,0,0,0,0,0,0,0,0,0,1,4,0.0,0.0,0.0,0.0,0.855,0.132,0.049,77,65,0.901,0.082,0.027,0.022,0.0,0.0,0.0,0.0,normal
0.018,udp,dns,SF,55,96,0,0,0,0,0,0,0,0,0,0,0,0,0,0,0,0,3,9,0.001,0.002,0.0,0.0,0.887,0.032,0.007,177,121,0.808,0.032,0.001,0.017,0.0,0.0,0.0,0.0,normal
0.041,tcp,http,SF,260,2539,0,0,0,0,0,1,0,0,0,0,0,0,0,0,0,0,3,3,0.006,0.0,0.0,0.0,0.855,0.146,0.06,50,28,0.838,0.147,0.11,0.036,0.0,0.0,0.0,0.0,normal
0.123,tcp,http,SF,251,2316,0,0,0,0,0,1,0,0,0,0,0,0,0,0,0,0,3,2,0.001,0.088,0.0,0.0,0.853,0.003,0.032,19,194,0.985,0.137,0.106,0.003,0.0,0.0,0.0,0.0,normal
10.541,tcp,http,SF,444,2684,0,0,0,0,0,1,0,0,0,0,0,0,0,0,0,0,2,1,0.002,0.001,0.0,0.0,0.983,0.063,0.07,225,132,0.941,0.158,0.08,0.006,0.0,0.0,0.0,0.0,normal
1.494,tcp,http,SF,733,2515,0,0,0,0,0,1,0,0,0,0,0,0,0,0,0,0,3,3,0.0,0.0,0.0,0.0,0.913,0.111,0.053,219,171,0.995,0.139,0.023,0.021,0.0,0.0,0.0,0.0,normal
1.428,tcp,http,SF,261,2550,0,0,0,0,0,1,0,0,0,0,0,0,0,0,0,0,5,1,0.0,0.0,0.0,0.0,0.91,0.011,0.07,31,231,0.962,0.14,0.095,0.077,0.0,0.0,0.0,0.0,normal
0.394,tcp,http,SF,344,1471,0,0,0,0,0,1,0,0,0,0,0,0,0,0,0,0,5,4,0.0,0.051,0.0,0.0,0.886,0.096,0.043,238,172,0.806,0.063,0.046,0.042,0.0,0.0,0.0,0.0,normal
0.249,tcp,http,SF,439,4371,0,0,0,0,0,1,0,0,0,0,0,0,0,0,0,0,3,4,0.001,0.0,0.0,0.0,0.861,0.058,0.005,32,99,0.994,0.111,0.031,0.03,0.0,0.0,0.0,0.0,normal
2.259,tcp,http,SF,305,7426,0,0,0,0,0,1,0,0,0,0,0,0,0,0,0,0,3,2,0.039,0.0,0.0,0.0,0.95,0.015,0.091,103,45,0.988,0.018,0.026,0.006,0.0,0.0,0.0,0.0,normal
0.866,tcp,http,SF,400,1937,0,0,0,0,0,1,0,0,0,0,0,0,0,0,0,0,6,2,0.0,0.0,0.0,0.0,0.885,0.109,0.069,100,177,0.889,0.113,0.009,0.025,0.0,0.0,0.0,0.0,normal
2.632,tcp,http,SF,375,1609,0,0,0,0,0,1,0,0,0,0,0,0,0,0,0,0,2,2,0.0,0.0,0.0,0.0,0.882,0.002,0.001,19,107,0.898,0.037,0.048,0.014,0.0,0.0,0.0,0.0,normal
0.007,udp,dns,SF,60,176,0,0,0,0,0,0,0,0,0,0,0,0,0,0,0,0,2,4,0.001,0.0,0.0,0.0,0.975,0.078,0.074,174,227,0.827,0.144,0.049,0.028,0.0,0.0,0.0,0.0,normal
2.495,tcp,http,SF,414,2592,0,0,0,0,0,1,0,0,0,0,0,0,0,0,0,0,6,4,0.0,0.0,0.0,0.0,0.926,0.034,0.093,45,234,0.903,0.044,0.147,0.089,0.0,0.0,0.0,0.0,normal
0.979,tcp,http,SF,332,2309,0,0,0,0,0,1,0,0,0,0,0,0,0,0,0,0,6,2,0.001,0.0,0.0,0.0,0.908,0.072,0.041,186,104,0.866,0.003,0.092,0.047,0.0,0.0,0.0,0.0,normal
0.162,udp,dns,SF,54,135,0,0,0,0,0,0,0,0,0,0,0,0,0,0,0,0,5,3,0.0,0.004,0.0,0.0,0.96,0.041,0.063,234,46,0.986,0.121,0.07,0.081,0.0,0.0,0.0,0.0,normal
3.392,tcp,http,SF,695,1663,0,0,0,0,0,1,0,0,0,0,0,0,0,0,0,0,3,1,0.0,0.018,0.0,0.0,0.939,0.119,0.016,70,181,0.91,0.135,0.016,0.094,0.0,0.0,0.0,0.0,normal
4.35,tcp,smtp,SF,868,937,0,0,0,0,0,1,0,0,0,0,0,0,0,0,0,0,4,3,0.002,0.0,0.0,0.0,0.852,0.094,0.003,52,239,0.834,0.075,0.142,0.008,0.0,0.0,0.0,0.0,normal
0.042,tcp,smtp,SF,626,604,0,0,0,0,0,1,0,0,0,0,0,0,0,0,0,0,4,3,0.0,0.0,0.0,0.0,0.901,0.094,0.054,28,221,0.964,0.044,0.113,0.079,0.0,0.0,0.0,0.0,normal
2.631,tcp,http,SF,224,2532,0,0,0,0,0,1,0,0,0,0,0,0,0,0,0,0,4,1,0.0,0.001,0.0,0.0,0.9,0.105,0.071,83,120,0.892,0.193,0.049,0.015,0.0,0.0,0.0,0.0,normal
5.586,tcp,smtp,SF,573,1773,0,0,0,0,0,1,0,0,0,0,0,0,0,0,0,0,6,4,0.133,0.0,0.0,0.0,0.985,0.022,0.023,188,141,0.979,0.01,0.032,0.072,0.0,0.0,0.0,0.0,normal
5.38,tcp,http,SF,421,286,0,0,0,0,0,1,0,0,0,0,0,0,0,0,0,0,4,2,0.0,0.002,0.0,0.0,0.884,0.038,0.059,127,208,0.967,0.195,0.114,0.023,0.0,0.0,0.0,0.0,normal
0.771,tcp,http,SF,494,4063,0,0,0,0,0,1,0,0,0,0,0,0,0,0,0,0,3,4,0.004,0.013,0.0,0.0,0.899,0.039,0.064,226,235,0.829,0.148,0.093,0.067,0.0,0.0,0.0,0.0,normal
138.574,tcp,ssh,SF,2484,2676,0,0,0,0,0,1,0,0,0,0,0,0,0,0,0,0,2,1,0.0,0.002,0.0,0.0,0.981,0.104,0.027,190,53,0.99,0.192,0.076,0.055,0.0,0.0,0.0,0.0,normal
0.118,tcp,smtp,SF,916,820,0,0,0,0,0,1,0,0,0,0,0,0,0,0,0,0,6,3,0.0,0.0,0.0,0.0,0.98,0.096,0.011,189,15,0.81,0.018,0.097,0.094,0.0,0.0,0.0,0.0,normal
0.357,tcp,http,SF,280,16131,0,0,0,0,0,1,0,0,0,0,0,0,0,0,0,0,3,5,0.097,0.0,0.0,0.0,0.966,0.057,0.089,253,236,0.973,0.081,0.088,0.031,0.0,0.0,0.0,0.0,normal
0.646,tcp,http,SF,308,6842,0,0,0,0,0,1,0,0,0,0,0,0,0,0,0,0,4,3,0.012,0.0,0.0,0.0,0.852,0.068,0.004,70,230,0.802,0.061,0.149,0.08,0.0,0.0,0.0,0.0,normal
0.112,udp,dns,SF,83,149,0,0,0,0,0,0,0,0,0,0,0,0,0,0,0,0,4,2,0.0,0.0,0.0,0.0,0.988,0.042,0.079,34,88,0.927,0.14,0.026,0.038,0.0,0.0,0.0,0.0,normal
0.404,tcp,http,SF,310,9457,0,0,0,0,0,1,0,0,0,0,0,0,0,0,0,0,4,1,0.0,0.0,0.0,0.0,0.863,0.02,0.079,90,137,0.949,0.035,0.046,0.098,0.0,0.0,0.0,0.0,normal
0.514,tcp,http,SF,248,3075,0,0,0,0,0,1,0,0,0,0,0,0,0,0,0,0,4,4,0.005,0.0,0.0,0.0,0.994,0.114,0.049,201,216,0.815,0.148,0.143,0.082,0.0,0.0,0.0,0.0,normal
0.82,tcp,http,SF,539,3874,0,0,0,0,0,1,0,0,0,0,0,0,0,0,0,0,3,2,0.001,0.026,0.0,0.0,0.924,0.017,0.058,122,114,0.957,0.084,0.095,0.006,0.0,0.0,0.0,0.0,normal
2.408,tcp,http,SF,257,2617,0,0,0,0,0,1,0,0,0,0,0,0,0,0,0,0,3,3,0.0,0.031,0.0,0.0,0.938,0.111,0.076,159,221,0.806,0.196,0.145,0.004,0.0,0.0,0.0,0.0,normal
8.698,tcp,smtp,SF,728,746,0,0,0,0,0,1,0,0,0,0,0,0,0,0,0,0,7,4,0.0,0.0,0.0,0.0,0.878,0.076,0.044,177,125,0.976,0.099,0.096,0.065,0.0,0.0,0.0,0.0,normal
0.035,udp,dns,SF,70,165,0,0,0,0,0,0,0,0,0,0,0,0,0,0,0,0,7,3,0.03,0.0,0.0,0.0,0.854,0.079,0.033,141,167,0.881,0.196,0.124,0.07,0.0,0.0,0.0,0.0,normal
4.585,tcp,smtp,SF,1512,983,0,0,0,0,0,1,0,0,0,0,0,0,0,0,0,0,5,7,0.0,0.067,0.0,0.0,0.935,0.109,0.015,243,138,0.972,0.006,0.109,0.088,0.0,0.0,0.0,0.0,normal
116.939,tcp,ssh,SF,3448,3585,0,0,0,0,0,1,0,0,0,0,0,0,0,0,0,0,1,1,0.002,0.0,0.0,0.0,0.928,0.013,0.076,193,165,0.922,0.044,0.109,0.03,0.0,0.0,0.0,0.0,normal
3.422,tcp,http,SF,550,238,0,0,0,0,0,1,0,0,0,0,0,0,0,0,0,0,2,4,0.079,0.0,0.0,0.0,0.932,0.032,0.057,35,34,0.875,0.122,0.038,0.087,0.0,0.0,0.0,0.0,normal
6.819,tcp,smtp,SF,895,732,0,0,0,0,0,1,0,0,0,0,0,0,0,0,0,0,1,1,0.0,0.019,0.0,0.0,0.952,0.079,0.039,188,142,0.85,0.09,0.103,0.041,0.0,0.0,0.0,0.0,normal
5.177,tcp,http,SF,222,6222,0,0,0,0,0,1,0,0,0,0,0,0,0,0,0,0,3,4,0.0,0.0,0.0,0.0,0.918,0.072,0.01,25,103,0.813,0.155,0.078,0.08,0.0,0.0,0.0,0.0,normal
1.698,tcp,http,SF,295,962,0,0,0,0,0,1,0,0,0,0,0,0,0,0,0,0,3,1,0.0,0.0,0.0,0.0,0.979,0.116,0.039,194,124,0.88,0.157,0.004,0.067,0.0,0.0,0.0,0.0,normal
0.588,tcp,http,SF,395,2090,0,0,0,0,0,1,0,0,0,0,0,0,0,0,0,0,6,2,0.001,0.0,0.0,0.0,0.877,0.016,0.041,212,92,0.993,0.171,0.028,0.075,0.0,0.0,0.0,0.0,normal
2.646,tcp,http,SF,260,4119,0,0,0,0,0,1,0,0,0,0,0,0,0,0,0,0,7,1,0.001,0.0,0.0,0.0,0.87,0.062,0.1,41,168,0.918,0.007,0.048,0.049,0.0,0.0,0.0,0.0,normal
2.791,tcp,http,SF,587,3896,0,0,0,0,0,1,0,0,0,0,0,0,0,0,0,0,2,5,0.005,0.0,0.0,0.0,0.936,0.117,0.077,50,223,0.939,0.071,0.079,0.049,0.0,0.0,0.0,0.0,normal
0.314,tcp,http,SF,439,15779,0,0,0,1,0,1,0,0,0,0,0,0,0,0,0,0,2,5,0.01,0.0,0.0,0.0,0.994,0.052,0.074,122,237,0.848,0.016,0.011,0.007,0.0,0.0,0.0,0.0,normal
1.162,tcp,http,SF,328,1422,0,0,0,0,0,1,0,0,0,0,0,0,0,0,0,0,2,2,0.068,0.0,0.0,0.0,0.906,0.108,0.07,164,70,0.887,0.027,0.06,0.076,0.0,0.0,0.0,0.0,normal
0.467,tcp,http,SF,317,655,0,0,0,0,0,1,0,0,0,0,0,0,0,0,0,0,7,2,0.0,0.014,0.0,0.0,0.869,0.04,0.063,84,153,0.959,0.126,0.086,0.045,0.0,0.0,0.0,0.0,normal
0.194,tcp,http,SF,201,790,0,0,0,1,0,1,0,0,0,0,0,0,0,0,0,0,1,2,0.093,0.0,0.0,0.0,0.97,0.052,0.08,183,56,0.92,0.101,0.049,0.061,0.0,0.0,0.0,0.0,normal
0.458,tcp,http,SF,421,11461,0,0,0,0,0,1,0,0,0,0,0,0,0,0,0,0,5,3,0.0,0.003,0.0,0.0,0.995,0.033,0.086,113,162,0.816,0.146,0.066,0.079,0.0,0.0,0.0,0.0,normal
2.287,tcp,http,SF,337,1756,0,0,0,0,0,1,0,0,0,0,0,0,0,0,0,0,5,2,0.0,0.009,0.0,0.0,0.895,0.096,0.059,104,77,0.862,0.104,0.127,0.013,0.0,0.0,0.0,0.0,normal
18.093,tcp,ssh,SF,3369,6200,0,0,0,0,0,1,0,0,0,0,0,0,0,0,0,0,2,1,0.0,0.002,0.0,0.0,0.854,0.137,0.031,31,33,0.801,0.122,0.093,0.099,0.0,0.0,0.0,0.0,normal
0.833,tcp,http,SF,423,5975,0,0,0,0,0,1,0,0,0,0,0,0,0,0,0,0,5,1,0.0,0.157,0.0,0.0,0.895,0.023,0.05,243,90,0.822,0.186,0.019,0.074,0.0,0.0,0.0,0.0,normal
0.001,udp,dns,SF,57,158,0,0,0,0,0,0,0,0,0,0,0,0,0,0,0,0,3,1,0.0,0.004,0.0,0.0,0.944,0.03,0.003,146,216,0.888,0.012,0.087,0.038,0.0,0.0,0.0,0.0,normal
0.459,tcp,smtp,SF,781,764,0,0,0,0,0,1,0,0,0,0,0,0,0,0,0,0,4,2,0.0,0.0,0.0,0.0,0.891,0.141,0.087,124,196,0.921,0.043,0.069,0.003,0.0,0.0,0.0,0.0,normal
3.151,tcp,smtp,SF,567,1161,0,0,0,0,0,1,0,0,0,0,0,0,0,0,0,0,4,3,0.178,0.021,0.0,0.0,0.938,0.038,0.019,120,140,0.835,0.175,0.011,0.099,0.0,0.0,0.0,0.0,normal
4.276,tcp,http,SF,470,2751,0,0,0,0,0,1,0,0,0,0,0,0,0,0,0,0,2,3,0.002,0.0,0.0,0.0,0.993,0.068,0.026,168,45,0.98,0.046,0.029,0.055,0.0,0.0,0.0,0.0,normal
0.268,tcp,http,SF,335,4094,0,0,0,0,0,1,0,0,0,0,0,0,0,0,0,0,3,4,0.0,0.0,0.0,0.0,0.975,0.143,0.094,131,101,0.891,0.063,0.019,0.056,0.0,0.0,0.0,0.0,normal
0.239,tcp,http,SF,307,7994,0,0,0,0,0,1,0,0,0,0,0,0,0,0,0,0,4,4,0.005,0.002,0.0,0.0,0.856,0.044,0.099,215,240,0.937,0.073,0.059,0.004,0.0,0.0,0.0,0.0,normal
0.052,udp,dns,SF,71,132,0,0,0,0,0,0,0,0,0,0,0,0,0,0,0,0,3,3,0.001,0.052,0.0,0.0,0.888,0.126,0.038,192,176,0.946,0.155,0.057,0.091,0.0,0.0,0.0,0.0,normal
0.022,udp,dns,SF,74,184,0,0,0,0,0,0,0,0,0,0,0,0,0,0,0,0,4,2,0.004,0.0,0.0,0.0,0.904,0.067,0.004,25,82,0.929,0.025,0.144,0.099,0.0,0.0,0.0,0.0,normal
0.023,udp,dns,SF,71,135,0,0,0,0,0,0,0,0,0,0,0,0,0,0,0,0,4,3,0.0,0.0,0.0,0.0,0.972,0.056,0.015,71,72,0.88,0.18,0.072,0.061,0.0,0.0,0.0,0.0,normal
0.199,tcp,http,SF,308,6309,0,0,0,0,0,1,0,0,0,0,0,0,0,0,0,0,2,1,0.0,0.007,0.0,0.0,0.98,0.106,0.096,158,133,0.978,0.108,0.077,0.009,0.0,0.0,0.0,0.0,normal
0.05,udp,dns,SF,61,187,0,0,0,0,0,0,0,0,0,0,0,0,0,0,0,0,8,2,0.047,0.0,0.0,0.0,0.972,0.016,0.022,34,62,0.924,0.142,0.126,0.09,0.0,0.0,0.0,0.0,normal
8.643,tcp,http,SF,427,5033,0,0,0,0,0,1,0,0,0,0,0,0,0,0,0,0,2,1,0.095,0.003,0.0,0.0,0.955,0.143,0.079,199,212,0.86,0.09,0.02,0.038,0.0,0.0,0.0,0.0,normal
0.001,udp,dns,SF,68,106,0,0,0,0,0,0,0,0,0,0,0,0,0,0,0,0,4,3,0.0,0.0,0.0,0.0,0.969,0.023,0.014,103,114,0.865,0.197,0.121,0.089,0.0,0.0,0.0,0.0,normal
0.007,udp,dns,SF,80,222,0,0,0,0,0,0,0,0,0,0,0,0,0,0,0,0,8,1,0.0,0.0,0.0,0.0,0.991,0.119,0.085,28,18,0.882,0.12,0.099,0.089,0.0,0.0,0.0,0.0,normal
0.455,tcp,http,SF,387,2256,0,0,0,0,0,1,0,0,0,0,0,0,0,0,0,0,6,2,0.0,0.043,0.0,0.0,0.958,0.057,0.013,68,60,0.833,0.049,0.091,0.054,0.0,0.0,0.0,0.0,normal
10.043,tcp,ssh,SF,2941,3430,0,0,0,0,0,1,0,0,0,0,0,0,0,0,0,0,6,5,0.0,0.0,0.0,0.0,0.856,0.039,0.028,148,33,0.819,0.182,0.104,0.031,0.0,0.0,0.0,0.0,normal
1.194,tcp,http,SF,290,3459,0,0,0,0,0,1,0,0,0,0,0,0,0,0,0,0,4,2,0.04,0.004,0.0,0.0,0.95,0.08,0.05,197,159,0.931,0.014,0.05,0.053,0.0,0.0,0.0,0.0,normal
0.051,udp,dns,SF,93,91,0,0,0,0,0,0,0,0,0,0,0,0,0,0,0,0,8,3,0.0,0.0,0.0,0.0,0.996,0.018,0.066,167,227,0.977,0.102,0.042,0.083,0.0,0.0,0.0,0.0,normal
0.058,udp,dns,SF,61,151,0,0,0,0,0,0,0,0,0,0,0,0,0,0,0,0,7,2,0.005,0.0,0.0,0.0,0.863,0.144,0.016,26,93,0.892,0.001,0.028,0.083,0.0,0.0,0.0,0.0,normal
4.383,tcp,smtp,SF,729,1433,0,0,0,0,0,1,0,0,0,0,0,0,0,0,0,0,7,3,0.0,0.007,0.0,0.0,0.965,0.049,0.094,121,12,0.914,0.102,0.132,0.022,0.0,0.0,0.0,0.0,normal
0.002,udp,dns,SF,90,116,0,0,0,0,0,0,0,0,0,0,0,0,0,0,0,0,6,3,0.0,0.0,0.0,0.0,0.91,0.14,0.066,249,50,0.835,0.129,0.07,0.001,0.0,0.0,0.0,0.0,normal
0.291,tcp,http,SF,413,4175,0,0,0,0,0,1,0,0,0,0,0,0,0,0,0,0,4,2,0.0,0.0,0.0,0.0,0.978,0.128,0.024,212,57,0.944,0.029,0.093,0.07,0.0,0.0,0.0,0.0,normal
1.584,tcp,http,SF,304,16186,0,0,0,0,0,1,0,0,0,0,0,0,0,0,0,0,4,2,0.0,0.033,0.0,0.0,0.952,0.063,0.095,251,179,0.92,0.182,0.019,0.078,0.0,0.0,0.0,0.0,normal
2.825,tcp,http,SF,249,3144,0,0,0,0,0,1,0,0,0,0,0,0,0,0,0,0,7,2,0.0,0.0,0.0,0.0,0.861,0.035,0.002,243,182,0.804,0.09,0.097,0.03,0.0,0.0,0.0,0.0,normal
1.264,tcp,http,SF,560,2098,0,0,0,0,0,1,0,0,0,0,0,0,0,0,0,0,2,3,0.009,0.001,0.0,0.0,0.861,0.055,0.018,53,18,0.851,0.098,0.037,0.011,0.0,0.0,0.0,0.0,normal
0.896,tcp,http,SF,363,343,0,0,0,0,0,1,0,0,0,0,0,0,0,0,0,0,4,4,0.003,0.0,0.0,0.0,0.936,0.074,0.042,121,89,0.924,0.097,0.015,0.037,0.0,0.0,0.0,0.0,normal
0.215,tcp,http,SF,324,4533,0,0,0,0,0,1,0,0,0,0,0,0,0,0,0,0,3,5,0.0,0.0,0.0,0.0,0.981,0.011,0.062,161,97,0.873,0.09,0.09,0.062,0.0,0.0,0.0,0.0,normal
4.84,tcp,http,SF,315,2594,0,0,0,0,0,1,0,0,0,0,0,0,0,0,0,0,5,2,0.0,0.0,0.0,0.0,0.976,0.029,0.054,244,174,0.927,0.021,0.042,0.055,0.0,0.0,0.0,0.0,normal
0.423,tcp,http,SF,548,6296,0,0,0,0,0,1,0,0,0,0,0,0,0,0,0,0,4,5,0.0,0.0,0.0,0.0,0.986,0.08,0.073,132,159,0.966,0.133,0.002,0.039,0.0,0.0,0.0,0.0,normal
3.23,tcp,http,SF,151,5215,0,0,0,0,0,1,0,0,0,0,0,0,0,0,0,0,3,3,0.001,0.0,0.0,0.0,0.865,0.073,0.086,51,139,0.952,0.048,0.067,0.071,0.0,0.0,0.0,0.0,normal
0.633,tcp,http,SF,312,3946,0,0,0,0,0,1,0,0,0,0,0,0,0,0,0,0,4,3,0.042,0.033,0.0,0.0,0.878,0.117,0.09,215,41,0.969,0.151,0.008,0.073,0.0,0.0,0.0,0.0,normal
0.199,tcp,smtp,SF,829,1303,0,0,0,0,0,1,0,0,0,0,0,0,0,0,0,0,3,4,0.0,0.0,0.0,0.0,0.965,0.147,0.009,225,158,0.851,0.16,0.015,0.079,0.0,0.0,0.0,0.0,normal
0.355,tcp,http,SF,425,3690,0,0,0,0,0,1,0,0,0,0,0,0,0,0,0,0,4,5,0.0,0.0,0.0,0.0,0.984,0.14,0.088,78,147,0.875,0.032,0.057,0.061,0.0,0.0,0.0,0.0,normal
2.219,tcp,smtp,SF,691,786,0,0,0,0,0,1,0,0,0,0,0,0,0,0,0,0,5,4,0.0,0.0,0.0,0.0,0.874,0.069,0.011,176,199,0.873,0.064,0.149,0.083,0.0,0.0,0.0,0.0,normal
9.455,tcp,smtp,SF,635,946,0,0,0,0,0,1,0,0,0,0,0,0,0,0,0,0,5,2,0.0,0.001,0.0,0.0,0.995,0.064,0.022,12,253,0.882,0.096,0.034,0.066,0.0,0.0,0.0,0.0,normal
0.017,udp,dns,SF,73,143,0,0,0,0,0,0,0,0,0,0,0,0,0,0,0,0,1,3,0.002,0.0,0.0,0.0,0.924,0.025,0.03,247,223,0.818,0.152,0.015,0.029,0.0,0.0,0.0,0.0,normal
2.338,tcp,http,SF,328,6730,0,0,0,0,0,1,0,0,0,0,0,0,0,0,0,0,3,2,0.015,0.003,0.0,0.0,0.884,0.003,0.08,174,227,0.956,0.142,0.071,0.058,0.0,0.0,0.0,0.0,normal
0.998,tcp,http,SF,269,3369,0,0,0,0,0,1,0,0,0,0,0,0,0,0,0,0,8,7,0.001,0.001,0.0,0.0,0.906,0.08,0.083,45,164,0.888,0.092,0.149,0.014,0.0,0.0,0.0,0.0,normal
0.569,tcp,http,SF,329,4039,0,0,0,0,0,1,0,0,0,0,0,0,0,0,0,0,1,1,0.0,0.0,0.0,0.0,0.961,0.013,0.093,238,166,0.858,0.185,0.06,0.026,0.0,0.0,0.0,0.0,normal
0.091,udp,dns,SF,87,173,0,0,0,0,0,0,0,0,0,0,0,0,0,0,0,0,4,3,0.0,0.001,0.0,0.0,0.878,0.032,0.063,60,76,0.933,0.148,0.06,0.054,0.0,0.0,0.0,0.0,normal
0.364,tcp,smtp,SF,804,919,0,0,0,0,0,1,0,0,0,0,0,0,0,0,0,0,5,2,0.059,0.0,0.0,0.0,0.942,0.029,0.093,188,54,0.831,0.032,0.139,0.088,0.0,0.0,0.0,0.0,normal
0.053,tcp,http,SF,232,798,0,0,0,0,0,1,0,0,0,0,0,0,0,0,0,0,3,1,0.021,0.001,0.0,0.0,0.904,0.096,0.047,80,29,0.961,0.173,0.072,0.052,0.0,0.0,0.0,0.0,normal
7.258,tcp,smtp,SF,714,738,0,0,0,0,0,1,0,0,0,0,0,0,0,0,0,0,3,4,0.0,0.001,0.0,0.0,0.924,0.12,0.055,95,182,0.862,0.193,0.032,0.016,0.0,0.0,0.0,0.0,normal
0.018,udp,dns,SF,77,235,0,0,0,0,0,0,0,0,0,0,0,0,0,0,0,0,3,2,0.0,0.0,0.0,0.0,0.941,0.062,0.095,132,12,0.938,0.082,0.018,0.009,0.0,0.0,0.0,0.0,normal
0.742,tcp,http,SF,369,2846,0,0,0,0,0,1,0,0,0,0,0,0,0,0,0,0,3,3,0.003,0.0,0.0,0.0,0.864,0.021,0.029,115,77,0.877,0.091,0.033,0.062,0.0,0.0,0.0,0.0,normal
2.273,tcp,http,SF,501,1662,0,0,0,0,0,1,0,0,0,0,0,0,0,0,0,0,7,4,0.0,0.0,0.0,0.0,0.923,0.08,0.021,244,112,0.997,0.158,0.105,0.028,0.0,0.0,0.0,0.0,normal
2.219,tcp,http,SF,563,982,0,0,0,0,0,1,0,0,0,0,0,0,0,0,0,0,2,6,0.0,0.022,0.0,0.0,0.901,0.115,0.075,148,116,0.809,0.053,0.133,0.059,0.0,0.0,0.0,0.0,normal
0.665,tcp,http,SF,444,1437,0,0,0,0,0,1,0,0,0,0,0,0,0,0,0,0,5,1,0.015,0.0,0.0,0.0,0.932,0.095,0.075,123,77,0.976,0.091,0.099,0.022,0.0,0.0,0.0,0.0,normal
1.534,tcp,http,SF,599,1712,0,0,0,0,0,1,0,0,0,0,0,0,0,0,0,0,7,1,0.07,0.0,0.0,0.0,0.954,0.142,0.033,217,253,0.942,0.026,0.062,0.025,0.0,0.0,0.0,0.0,normal
3.066,tcp,smtp,SF,956,1539,0,0,0,0,0,1,0,0,0,0,0,0,0,0,0,0,4,3,0.001,0.006,0.0,0.0,0.891,0.123,0.022,72,101,0.935,0.111,0.018,0.023,0.0,0.0,0.0,0.0,normal
4.148,tcp,http,SF,564,6086,0,0,0,0,0,1,0,0,0,0,0,0,0,0,0,0,4,2,0.0,0.0,0.0,0.0,0.913,0.062,0.043,43,37,0.836,0.132,0.077,0.061,0.0,0.0,0.0,0.0,normal
0.023,udp,dns,SF,54,192,0,0,0,0,0,0,0,0,0,0,0,0,0,0,0,0,4,4,0.0,0.013,0.0,0.0,0.976,0.101,0.035,203,170,0.966,0.15,0.129,0.098,0.0,0.0,0.0,0.0,normal
0.612,tcp,http,SF,464,862,0,0,0,0,0,1,0,0,0,0,0,0,0,0,0,0,3,3,0.0,0.0,0.0,0.0,0.982,0.091,0.032,132,124,0.914,0.108,0.038,0.013,0.0,0.0,0.0,0.0,normal
2.372,tcp,http,SF,355,854,0,0,0,1,0,1,0,0,0,0,0,0,0,0,0,0,4,3,0.0,0.0,0.0,0.0,0.995,0.032,0.069,204,175,0.954,0.067,0.028,0.053,0.0,0.0,0.0,0.0,normal
1.815,tcp,http,SF,334,527,0,0,0,0,0,1,0,0,0,0,0,0,0,0,0,0,3,3,0.006,0.001,0.0,0.0,0.926,0.028,0.039,12,27,0.801,0.195,0.008,0.004,0.0,0.0,0.0,0.0,normal
2.629,tcp,http,SF,687,3829,0,0,0,0,0,1,0,0,0,0,0,0,0,0,0,0,4,3,0.001,0.0,0.0,0.0,0.916,0.103,0.015,99,83,0.816,0.124,0.106,0.052,0.0,0.0,0.0,0.0,normal
3.682,tcp,http,SF,476,992,0,0,0,0,0,1,0,0,0,0,0,0,0,0,0,0,3,5,0.0,0.0,0.0,0.0,0.992,0.088,0.047,229,110,0.817,0.041,0.044,0.055,0.0,0.0,0.0,0.0,normal
3.301,tcp,http,SF,282,103,0,0,0,0,0,1,0,0,0,0,0,0,0,0,0,0,4,2,0.006,0.0,0.0,0.0,0.873,0.104,0.048,119,154,0.889,0.083,0.105,0.052,0.0,0.0,0.0,0.0,normal
0.746,tcp,http,SF,460,5885,0,0,0,0,0,1,0,0,0,0,0,0,0,0,0,0,1,2,0.002,0.011,0.0,0.0,0.983,0.1,0.081,221,105,0.939,0.045,0.031,0.094,0.0,0.0,0.0,0.0,normal
2.155,tcp,http,SF,405,2362,0,0,0,0,0,1,0,0,0,0,0,0,0,0,0,0,3,2,0.007,0.0,0.0,0.0,0.872,0.141,0.022,96,94,0.807,0.059,0.03,0.022,0.0,0.0,0.0,0.0,normal
2.417,tcp,http,SF,387,6104,0,0,0,0,0,1,0,0,0,0,0,0,0,0,0,0,2,4,0.0,0.0,0.0,0.0,0.895,0.057,0.07,70,58,0.812,0.001,0.079,0.025,0.0,0.0,0.0,0.0,normal
0.4,tcp,http,SF,336,1591,0,0,0,0,0,1,0,0,0,0,0,0,0,0,0,0,1,7,0.085,0.0,0.0,0.0,0.887,0.095,0.098,24,234,0.842,0.169,0.003,0.059,0.0,0.0,0.0,0.0,normal
6.949,tcp,http,SF,245,2852,0,0,0,0,0,1,0,0,0,0,0,0,0,0,0,0,3,2,0.0,0.0,0.0,0.0,0.976,0.113,0.068,103,156,0.939,0.045,0.039,0.03,0.0,0.0,0.0,0.0,normal
3.27,tcp,http,SF,281,1298,0,0,0,0,0,1,0,0,0,0,0,0,0,0,0,0,4,1,0.006,0.003,0.0,0.0,0.986,0.133,0.03,129,185,0.853,0.047,0.096,0.005,0.0,0.0,0.0,0.0,normal
0.014,udp,dns,SF,77,98,0,0,0,0,0,0,0,0,0,0,0,0,0,0,0,0,1,1,0.066,0.057,0.0,0.0,0.949,0.093,0.049,127,132,0.834,0.181,0.068,0.015,0.0,0.0,0.0,0.0,normal
0.04,udp,dns,SF,74,155,0,0,0,0,0,0,0,0,0,0,0,0,0,0,0,0,5,4,0.001,0.0,0.0,0.0,0.954,0.046,0.069,224,192,0.943,0.183,0.143,0.015,0.0,0.0,0.0,0.0,normal
0.932,tcp,http,SF,264,8739,0,0,0,0,0,1,0,0,0,0,0,0,0,0,0,0,6,1,0.018,0.044,0.0,0.0,0.885,0.089,0.083,182,246,0.814,0.067,0.059,0.037,0.0,0.0,0.0,0.0,normal
2.198,tcp,http,SF,299,2695,0,0,0,0,0,1,0,0,0,0,0,0,0,0,0,0,6,3,0.0,0.0,0.0,0.0,0.941,0.008,0.002,140,73,0.858,0.021,0.017,0.017,0.0,0.0,0.0,0.0,normal
0.144,udp,dns,SF,72,162,0,0,0,0,0,0,0,0,0,0,0,0,0,0,0,0,3,2,0.0,0.028,0.0,0.0,0.855,0.121,0.022,28,42,0.962,0.169,0.11,0.023,0.0,0.0,0.0,0.0,normal
0.677,tcp,http,SF,242,317,0,0,0,0,0,1,0,0,0,0,0,0,0,0,0,0,10,4,0.005,0.0,0.0,0.0,0.944,0.083,0.034,227,166,0.98,0.144,0.003,0.051,0.0,0.0,0.0,0.0,normal
0.045,udp,dns,SF,63,97,0,0,0,0,0,0,0,0,0,0,0,0,0,0,0,0,5,2,0.0,0.0,0.0,0.0,0.862,0.084,0.041,115,156,0.998,0.198,0.063,0.037,0.0,0.0,0.0,0.0,normal
0.141,udp,dns,SF,56,148,0,0,0,0,0,0,0,0,0,0,0,0,0,0,0,0,6,2,0.001,0.0,0.0,0.0,0.9,0.078,0.059,54,102,0.912,0.049,0.131,0.096,0.0,0.0,0.0,0.0,normal
86.361,tcp,ssh,SF,4529,2862,0,0,0,0,0,1,0,0,0,0,0,0,0,0,0,0,5,3,0.001,0.005,0.0,0.0,0.942,0.122,0.01,180,16,0.952,0.065,0.049,0.056,0.0,0.0,0.0,0.0,normal
3.528,tcp,smtp,SF,574,1281,0,0,0,0,0,1,0,0,0,0,0,0,0,0,0,0,7,5,0.115,0.055,0.0,0.0,0.887,0.035,0.013,253,118,0.903,0.029,0.017,0.039,0.0,0.0,0.0,0.0,normal
0.135,tcp,http,SF,211,1385,0,0,0,0,0,1,0,0,0,0,0,0,0,0,0,0,1,6,0.021,0.0,0.0,0.0,0.86,0.106,0.027,108,114,0.977,0.037,0.0,0.058,0.0,0.0,0.0,0.0,normal
0.412,tcp,http,SF,234,1837,0,0,0,0,0,1,0,0,0,0,0,0,0,0,0,0,4,5,0.0,0.004,0.0,0.0,0.944,0.08,0.037,182,190,0.822,0.179,0.043,0.022,0.0,0.0,0.0,0.0,normal
0.875,tcp,http,SF,342,10782,0,0,0,0,0,1,0,0,0,0,0,0,0,0,0,0,5,4,0.01,0.002,0.0,0.0,0.866,0.117,0.031,139,96,0.929,0.016,0.094,0.091,0.0,0.0,0.0,0.0,normal
0.745,tcp,http,SF,332,58,0,0,0,0,0,1,0,0,0,0,0,0,0,0,0,0,4,3,0.016,0.017,0.0,0.0,0.884,0.092,0.096,132,158,0.882,0.048,0.098,0.021,0.0,0.0,0.0,0.0,normal
8.876,tcp,ssh,SF,5091,2352,0,0,0,0,0,1,0,0,0,0,0,0,0,0,0,0,6,2,0.001,0.004,0.0,0.0,0.915,0.137,0.009,216,112,0.959,0.064,0.139,0.093,0.0,0.0,0.0,0.0,normal
0.006,udp,dns,SF,43,148,0,0,0,0,0,0,0,0,0,0,0,0,0,0,0,0,5,2,0.0,0.0,0.0,0.0,0.855,0.017,0.023,253,40,0.894,0.025,0.046,0.072,0.0,0.0,0.0,0.0,normal
5.268,tcp,http,SF,321,3653,0,0,0,0,0,1,0,0,0,0,0,0,0,0,0,0,2,4,0.198,0.0,0.0,0.0,0.956,0.121,0.089,231,63,0.936,0.017,0.129,0.048,0.0,0.0,0.0,0.0,normal
3.057,tcp,http,SF,593,5764,0,0,0,0,0,1,0,0,0,0,0,0,0,0,0,0,4,2,0.006,0.0,0.0,0.0,0.863,0.066,0.075,206,157,0.803,0.118,0.072,0.08,0.0,0.0,0.0,0.0,normal
26.306,tcp,ssh,SF,2829,3892,0,0,0,0,0,1,0,0,0,0,0,0,0,0,0,0,1,4,0.0,0.003,0.0,0.0,0.9,0.069,0.096,16,158,0.801,0.155,0.054,0.028,0.0,0.0,0.0,0.0,normal
6.446,tcp,http,SF,302,276,0,0,0,0,0,1,0,0,0,0,0,0,0,0,0,0,4,1,0.0,0.002,0.0,0.0,0.924,0.047,0.061,159,205,0.821,0.161,0.085,0.062,0.0,0.0,0.0,0.0,normal
2.123,tcp,http,SF,195,1896,0,0,0,0,0,1,0,0,0,0,0,0,0,0,0,0,8,9,0.049,0.0,0.0,0.0,0.852,0.017,0.093,159,68,0.946,0.163,0.111,0.003,0.0,0.0,0.0,0.0,normal
0.058,udp,dns,SF,62,235,0,0,0,0,0,0,0,0,0,0,0,0,0,0,0,0,3,3,0.001,0.0,0.0,0.0,0.939,0.139,0.092,245,85,0.94,0.143,0.144,0.008,0.0,0.0,0.0,0.0,normal
1.999,tcp,smtp,SF,879,2021,0,0,0,0,0,1,0,0,0,0,0,0,0,0,0,0,1,2,0.001,0.0,0.0,0.0,0.908,0.137,0.051,145,120,0.972,0.159,0.107,0.053,0.0,0.0,0.0,0.0,normal
0.02,udp,dns,SF,52,72,0,0,0,0,0,0,0,0,0,0,0,0,0,0,0,0,3,4,0.002,0.0,0.0,0.0,0.976,0.087,0.081,173,145,0.89,0.132,0.043,0.092,0.0,0.0,0.0,0.0,normal
7.56,tcp,smtp,SF,905,1301,0,0,0,0,0,1,0,0,0,0,0,0,0,0,0,0,3,4,0.0,0.0,0.0,0.0,0.961,0.036,0.031,177,139,0.93,0.03,0.098,0.038,0.0,0.0,0.0,0.0,normal
0.024,udp,dns,SF,89,98,0,0,0,0,0,0,0,0,0,0,0,0,0,0,0,0,2,2,0.0,0.0,0.0,0.0,0.912,0.068,0.01,65,21,0.999,0.133,0.008,0.077,0.0,0.0,0.0,0.0,normal
0.059,udp,dns,SF,54,213,0,0,0,0,0,0,0,0,0,0,0,0,0,0,0,0,5,1,0.0,0.022,0.0,0.0,0.93,0.092,0.064,69,32,0.969,0.098,0.055,0.05,0.0,0.0,0.0,0.0,normal
0.106,tcp,http,SF,164,981,0,0,0,0,0,1,0,0,0,0,0,0,0,0,0,0,7,4,0.0,0.0,0.0,0.0,0.851,0.148,0.041,57,58,0.824,0.074,0.146,0.055,0.0,0.0,0.0,0.0,normal
0.037,udp,dns,SF,39,212,0,0,0,0,0,0,0,0,0,0,0,0,0,0,0,0,3,6,0.0,0.17,0.0,0.0,0.994,0.088,0.066,116,150,0.997,0.009,0.062,0.088,0.0,0.0,0.0,0.0,normal
0.505,tcp,http,SF,211,2074,0,0,0,0,0,1,0,0,0,0,0,0,0,0,0,0,5,2,0.005,0.001,0.0,0.0,0.944,0.067,0.081,42,182,0.895,0.1,0.034,0.079,0.0,0.0,0.0,0.0,normal
0.872,tcp,http,SF,303,629,0,0,0,1,0,1,0,0,0,0,0,0,0,0,0,0,4,2,0.008,0.0,0.0,0.0,0.979,0.098,0.017,48,110,0.935,0.172,0.053,0.067,0.0,0.0,0.0,0.0,normal
0.139,tcp,http,SF,391,892,0,0,0,0,0,1,0,0,0,0,0,0,0,0,0,0,5,6,0.006,0.004,0.0,0.0,0.885,0.149,0.014,211,86,0.97,0.026,0.056,0.063,0.0,0.0,0.0,0.0,normal
2.281,tcp,http,SF,310,6454,0,0,0,0,0,1,0,0,0,0,0,0,0,0,0,0,4,4,0.0,0.006,0.0,0.0,0.961,0.054,0.095,222,246,0.897,0.015,0.138,0.052,0.0,0.0,0.0,0.0,normal
1.075,tcp,http,SF,410,6026,0,0,0,0,0,1,0,0,0,0,0,0,0,0,0,0,4,3,0.0,0.0,0.0,0.0,0.956,0.127,0.083,111,66,0.932,0.053,0.094,0.037,0.0,0.0,0.0,0.0,normal
48.568,tcp,ssh,SF,1858,3511,0,0,0,0,0,1,0,0,0,0,0,0,0,0,0,0,4,2,0.0,0.005,0.0,0.0,0.871,0.14,0.028,148,46,0.843,0.072,0.126,0.015,0.0,0.0,0.0,0.0,normal
0.051,tcp,http,SF,93,1108,0,0,0,0,0,1,0,0,0,0,0,0,0,0,0,0,2,7,0.0,0.0,0.0,0.0,0.94,0.01,0.059,127,71,0.831,0.093,0.035,0.038,0.0,0.0,0.0,0.0,normal
2.877,tcp,http,SF,220,6208,0,0,0,0,0,1,0,0,0,0,0,0,0,0,0,0,6,3,0.0,0.0,0.0,0.0,0.874,0.01,0.01,75,73,0.97,0.03,0.005,0.085,0.0,0.0,0.0,0.0,normal
1.125,tcp,http,SF,216,104,0,0,0,0,0,1,0,0,0,0,0,0,0,0,0,0,3,3,0.0,0.0,0.0,0.0,0.969,0.077,0.088,204,243,0.995,0.064,0.005,0.072,0.0,0.0,0.0,0.0,normal
1.262,tcp,http,SF,315,13,0,0,0,0,0,1,0,0,0,0,0,0,0,0,0,0,3,5,0.005,0.013,0.0,0.0,0.892,0.034,0.002,203,212,0.908,0.118,0.074,0.012,0.0,0.0,0.0,0.0,normal
2.849,tcp,smtp,SF,715,1151,0,0,0,0,0,1,0,0,0,0,0,0,0,0,0,0,3,1,0.011,0.0,0.0,0.0,0.853,0.088,0.026,166,178,0.956,0.122,0.148,0.064,0.0,0.0,0.0,0.0,normal
2.176,tcp,http,SF,309,11849,0,0,0,0,0,1,0,0,0,0,0,0,0,0,0,0,6,4,0.023,0.0,0.0,0.0,0.963,0.095,0.0,39,167,0.972,0.17,0.024,0.035,0.0,0.0,0.0,0.0,normal
0.021,udp,dns,SF,64,141,0,0,0,0,0,0,0,0,0,0,0,0,0,0,0,0,4,5,0.0,0.0,0.0,0.0,0.863,0.038,0.07,11,163,0.924,0.172,0.038,0.047,0.0,0.0,0.0,0.0,normal
0.183,tcp,smtp,SF,979,1680,0,0,0,0,0,1,0,0,0,0,0,0,0,0,0,0,7,2,0.0,0.0,0.0,0.0,0.897,0.004,0.09,165,216,0.959,0.071,0.012,0.097,0.0,0.0,0.0,0.0,normal
2.916,tcp,smtp,SF,1274,1015,0,0,0,0,0,1,0,0,0,0,0,0,0,0,0,0,3,1,0.0,0.0,0.0,0.0,0.983,0.052,0.018,76,47,0.988,0.005,0.033,0.034,0.0,0.0,0.0,0.0,normal
1.459,tcp,http,SF,329,92,0,0,0,0,0,1,0,0,0,0,0,0,0,0,0,0,5,5,0.0,0.0,0.0,0.0,0.976,0.016,0.012,32,32,0.813,0.149,0.008,0.095,0.0,0.0,0.0,0.0,normal
6.611,tcp,http,SF,390,13046,0,0,0,0,0,1,0,0,0,0,0,0,0,0,0,0,3,3,0.008,0.006,0.0,0.0,0.958,0.023,0.002,252,231,0.94,0.139,0.142,0.052,0.0,0.0,0.0,0.0,normal
0.025,udp,dns,SF,58,195,0,0,0,0,0,0,0,0,0,0,0,0,0,0,0,0,2,1,0.001,0.005,0.0,0.0,0.959,0.057,0.065,74,148,0.993,0.1,0.033,0.046,0.0,0.0,0.0,0.0,normal
1.002,tcp,http,SF,241,7877,0,0,0,0,0,1,0,0,0,0,0,0,0,0,0,0,4,4,0.002,0.0,0.0,0.0,0.946,0.135,0.079,208,20,0.817,0.132,0.108,0.097,0.0,0.0,0.0,0.0,normal
0.003,tcp,http,SF,105,9385,0,0,0,0,0,1,0,0,0,0,0,0,0,0,0,0,6,3,0.0,0.0,0.0,0.0,0.977,0.01,0.037,110,116,0.96,0.122,0.118,0.034,0.0,0.0,0.0,0.0,normal
9.679,tcp,http,SF,374,6337,0,0,0,0,0,1,0,0,0,0,0,0,0,0,0,0,1,3,0.001,0.05,0.0,0.0,0.873,0.075,0.004,42,142,0.837,0.145,0.13,0.076,0.0,0.0,0.0,0.0,normal
0.214,tcp,smtp,SF,435,933,0,0,0,0,0,1,0,0,0,0,0,0,0,0,0,0,2,4,0.011,0.0,0.0,0.0,0.955,0.026,0.055,206,12,0.915,0.116,0.061,0.082,0.0,0.0,0.0,0.0,normal
0.126,udp,dns,SF,58,121,0,0,0,0,0,0,0,0,0,0,0,0,0,0,0,0,7,4,0.002,0.0,0.0,0.0,0.895,0.07,0.083,233,54,0.865,0.006,0.011,0.036,0.0,0.0,0.0,0.0,normal
2.199,tcp,smtp,SF,603,1245,0,0,0,0,0,1,0,0,0,0,0,0,0,0,0,0,2,5,0.066,0.0,0.0,0.0,0.875,0.003,0.083,54,146,0.95,0.066,0.024,0.026,0.0,0.0,0.0,0.0,normal
0.118,tcp,http,SF,319,2133,0,0,0,0,0,1,0,0,0,0,0,0,0,0,0,0,3,3,0.0,0.007,0.0,0.0,0.986,0.019,0.085,184,214,0.915,0.157,0.006,0.05,0.0,0.0,0.0,0.0,normal
2.189,tcp,http,SF,338,580,0,0,0,0,0,1,0,0,0,0,0,0,0,0,0,0,2,2,0.022,0.0,0.0,0.0,0.994,0.146,0.094,85,204,0.948,0.191,0.034,0.081,0.0,0.0,0.0,0.0,normal
0.327,tcp,http,SF,217,4107,0,0,0,1,0,1,0,0,0,0,0,0,0,0,0,0,4,5,0.001,0.0,0.0,0.0,0.915,0.128,0.02,229,138,0.813,0.147,0.141,0.084,0.0,0.0,0.0,0.0,normal
0.041,udp,dns,SF,80,65,0,0,0,0,0,0,0,0,0,0,0,0,0,0,0,0,5,5,0.002,0.0,0.0,0.0,0.881,0.098,0.031,31,30,0.991,0.157,0.143,0.04,0.0,0.0,0.0,0.0,normal
4.007,tcp,http,SF,377,2640,0,0,0,0,0,1,0,0,0,0,0,0,0,0,0,0,1,5,0.048,0.0,0.0,0.0,0.861,0.139,0.042,152,117,0.915,0.156,0.01,0.07,0.0,0.0,0.0,0.0,normal
1.274,tcp,http,SF,386,187,0,0,0,0,0,1,0,0,0,0,0,0,0,0,0,0,2,3,0.0,0.056,0.0,0.0,0.941,0.142,0.01,37,116,0.936,0.082,0.052,0.07,0.0,0.0,0.0,0.0,normal
4.421,tcp,http,SF,279,2942,0,0,0,0,0,1,0,0,0,0,0,0,0,0,0,0,3,4,0.0,0.0,0.0,0.0,0.951,0.123,0.022,40,35,0.923,0.11,0.014,0.061,0.0,0.0,0.0,0.0,normal
0.005,udp,dns,SF,85,113,0,0,0,0,0,0,0,0,0,0,0,0,0,0,0,0,4,2,0.0,0.0,0.0,0.0,0.99,0.073,0.05,11,130,0.971,0.136,0.005,0.012,0.0,0.0,0.0,0.0,normal
2.706,tcp,http,SF,341,1867,0,0,0,0,0,1,0,0,0,0,0,0,0,0,0,0,7,4,0.0,0.0,0.0,0.0,0.994,0.051,0.017,206,113,0.864,0.097,0.089,0.077,0.0,0.0,0.0,0.0,normal
2.419,tcp,http,SF,307,602,0,0,0,0,0,1,0,0,0,0,0,0,0,0,0,0,4,2,0.0,0.01,0.0,0.0,0.861,0.069,0.008,223,111,0.94,0.176,0.033,0.088,0.0,0.0,0.0,0.0,normal
5.812,tcp,http,SF,329,6828,0,0,0,0,0,1,0,0,0,0,0,0,0,0,0,0,4,1,0.001,0.0,0.0,0.0,0.953,0.047,0.08,171,153,0.987,0.148,0.109,0.03,0.0,0.0,0.0,0.0,normal
1.925,tcp,smtp,SF,1554,673,0,0,0,0,0,1,0,0,0,0,0,0,0,0,0,0,1,1,0.0,0.0,0.0,0.0,0.883,0.123,0.069,107,32,0.815,0.081,0.091,0.025,0.0,0.0,0.0,0.0,normal
4.423,tcp,http,SF,203,1758,0,0,0,0,0,1,0,0,0,0,0,0,0,0,0,0,2,1,0.0,0.006,0.0,0.0,0.949,0.013,0.087,160,95,0.854,0.078,0.037,0.099,0.0,0.0,0.0,0.0,normal
3.094,tcp,smtp,SF,713,1666,0,0,0,0,0,1,0,0,0,0,0,0,0,0,0,0,4,5,0.002,0.002,0.0,0.0,0.88,0.037,0.087,120,167,0.886,0.076,0.027,0.007,0.0,0.0,0.0,0.0,normal
0.648,tcp,http,SF,439,664,0,0,0,0,0,1,0,0,0,0,0,0,0,0,0,0,7,4,0.005,0.006,0.0,0.0,0.929,0.093,0.062,151,170,0.927,0.158,0.122,0.098,0.0,0.0,0.0,0.0,normal
505.856,tcp,ssh,SF,1844,4778,0,0,0,0,0,1,0,0,0,0,0,0,0,0,0,0,1,3,0.0,0.001,0.0,0.0,0.969,0.119,0.036,139,75,0.933,0.074,0.052,0.045,0.0,0.0,0.0,0.0,normal
0.771,tcp,other,REJ,127,168,0,0,0,0,0,0,0,0,0,0,0,0,0,0,0,0,2,4,0.001,0.0,0.0,0.0,0.983,0.039,0.045,129,216,0.998,0.17,0.074,0.087,0.0,0.0,0.0,0.0,normal
0.153,udp,dns,SF,93,201,0,0,0,0,0,0,0,0,0,0,0,0,0,0,0,0,6,4,0.0,0.0,0.0,0.0,0.877,0.106,0.034,224,165,0.894,0.028,0.069,0.096,0.0,0.0,0.0,0.0,normal
0.061,udp,dns,SF,64,113,0,0,0,0,0,0,0,0,0,0,0,0,0,0,0,0,2,5,0.055,0.0,0.0,0.0,0.945,0.008,0.01,49,30,0.919,0.083,0.075,0.05,0.0,0.0,0.0,0.0,normal
0.121,tcp,http,SF,399,2092,0,0,0,0,0,1,0,0,0,0,0,0,0,0,0,0,2,4,0.0,0.008,0.0,0.0,0.959,0.039,0.019,44,116,0.808,0.057,0.011,0.052,0.0,0.0,0.0,0.0,normal
1.145,tcp,http,SF,175,3727,0,0,0,0,0,1,0,0,0,0,0,0,0,0,0,0,5,2,0.094,0.002,0.0,0.0,0.882,0.119,0.093,192,74,0.801,0.122,0.11,0.026,0.0,0.0,0.0,0.0,normal
1.238,tcp,http,SF,376,7724,0,0,0,0,0,1,0,0,0,0,0,0,0,0,0,0,2,4,0.0,0.005,0.0,0.0,1.0,0.035,0.017,173,220,0.894,0.178,0.112,0.016,0.0,0.0,0.0,0.0,normal
0.852,tcp,http,SF,247,8141,0,0,0,0,0,1,0,0,0,0,0,0,0,0,0,0,3,1,0.028,0.0,0.0,0.0,0.982,0.022,0.062,37,63,0.889,0.107,0.018,0.008,0.0,0.0,0.0,0.0,normal
0.083,udp,dns,SF,62,171,0,0,0,0,0,0,0,0,0,0,0,0,0,0,0,0,2,5,0.0,0.0,0.0,0.0,0.97,0.005,0.081,195,212,0.961,0.176,0.07,0.024,0.0,0.0,0.0,0.0,normal
6.641,tcp,smtp,SF,519,1364,0,0,0,0,0,1,0,0,0,0,0,0,0,0,0,0,3,2,0.0,0.0,0.0,0.0,0.944,0.079,0.062,62,89,0.825,0.071,0.118,0.061,0.0,0.0,0.0,0.0,normal
9.308,tcp,http,SF,378,7599,0,0,0,0,0,1,0,0,0,0,0,0,0,0,0,0,4,1,0.0,0.0,0.0,0.0,0.872,0.03,0.036,148,60,0.966,0.073,0.079,0.05,0.0,0.0,0.0,0.0,normal
0.893,tcp,http,SF,203,848,0,0,0,0,0,1,0,0,0,0,0,0,0,0,0,0,9,4,0.0,0.0,0.0,0.0,0.879,0.125,0.036,120,183,0.826,0.164,0.078,0.097,0.0,0.0,0.0,0.0,normal
3.839,tcp,http,SF,194,5386,0,0,0,0,0,1,0,0,0,0,0,0,0,0,0,0,5,7,0.0,0.119,0.0,0.0,0.9,0.002,0.078,177,201,0.802,0.173,0.132,0.032,0.0,0.0,0.0,0.0,normal
1.529,tcp,ssh,SF,2506,3060,0,0,0,0,0,1,0,0,0,0,0,0,0,0,0,0,7,2,0.0,0.0,0.0,0.0,0.949,0.028,0.063,141,184,0.847,0.027,0.065,0.042,0.0,0.0,0.0,0.0,normal
0.004,udp,dns,SF,84,95,0,0,0,0,0,0,0,0,0,0,0,0,0,0,0,0,3,6,0.0,0.12,0.0,0.0,0.995,0.038,0.03,87,229,0.877,0.195,0.052,0.0,0.0,0.0,0.0,0.0,normal
7.388,tcp,http,SF,199,2541,0,0,0,0,0,1,0,0,0,0,0,0,0,0,0,0,4,7,0.0,0.0,0.0,0.0,0.899,0.024,0.007,71,109,0.926,0.152,0.013,0.032,0.0,0.0,0.0,0.0,normal
0.576,tcp,http,SF,332,2520,0,0,0,0,0,1,0,0,0,0,0,0,0,0,0,0,5,4,0.0,0.001,0.0,0.0,0.918,0.132,0.024,217,138,0.983,0.071,0.071,0.093,0.0,0.0,0.0,0.0,normal
1.305,tcp,http,SF,213,4047,0,0,0,0,0,1,0,0,0,0,0,0,0,0,0,0,9,2,0.0,0.0,0.0,0.0,0.964,0.04,0.043,214,70,0.829,0.076,0.144,0.042,0.0,0.0,0.0,0.0,normal
1.561,tcp,http,SF,386,5947,0,0,0,0,0,1,0,0,0,0,0,0,0,0,0,0,4,4,0.0,0.014,0.0,0.0,0.999,0.025,0.051,137,221,0.879,0.102,0.112,0.082,0.0,0.0,0.0,0.0,normal
1.251,tcp,http,SF,303,4675,0,0,0,0,0,1,0,0,0,0,0,0,0,0,0,0,6,1,0.002,0.0,0.0,0.0,0.913,0.144,0.025,123,104,0.954,0.096,0.091,0.048,0.0,0.0,0.0,0.0,normal
0.715,tcp,http,SF,253,1663,0,0,0,0,0,1,0,0,0,0,0,0,0,0,0,0,1,2,0.001,0.0,0.0,0.0,0.929,0.051,0.046,44,48,0.969,0.078,0.07,0.091,0.0,0.0,0.0,0.0,normal
3.369,tcp,smtp,SF,891,1095,0,0,0,0,0,1,0,0,0,0,0,0,0,0,0,0,3,2,0.0,0.0,0.0,0.0,0.922,0.001,0.013,244,40,0.942,0.124,0.006,0.06,0.0,0.0,0.0,0.0,normal
0.358,tcp,http,SF,255,24282,0,0,0,0,0,1,0,0,0,0,0,0,0,0,0,0,4,5,0.0,0.0,0.0,0.0,0.864,0.149,0.015,43,52,0.85,0.068,0.022,0.032,0.0,0.0,0.0,0.0,normal
0.181,tcp,ssh,SF,3076,3740,0,0,0,0,0,1,0,0,0,0,0,0,0,0,0,0,5,1,0.08,0.0,0.0,0.0,0.898,0.032,0.065,252,148,0.865,0.187,0.117,0.06,0.0,0.0,0.0,0.0,normal
1.348,tcp,smtp,SF,925,1478,0,0,0,0,0,1,0,0,0,0,0,0,0,0,0,0,4,2,0.158,0.019,0.0,0.0,0.981,0.08,0.077,46,50,0.848,0.168,0.059,0.053,0.0,0.0,0.0,0.0,normal
13.479,tcp,smtp,SF,523,1907,0,0,0,0,0,1,0,0,0,0,0,0,0,0,0,0,6,8,0.005,0.0,0.0,0.0,0.995,0.007,0.013,183,70,0.961,0.054,0.029,0.015,0.0,0.0,0.0,0.0,normal
15.945,tcp,ssh,SF,1539,6089,0,0,0,0,0,1,0,0,0,0,0,0,0,0,0,0,7,2,0.008,0.0,0.0,0.0,0.997,0.067,0.088,166,243,0.89,0.084,0.134,0.003,0.0,0.0,0.0,0.0,normal
3.368,tcp,http,SF,368,1168,0,0,0,0,0,1,0,0,0,0,0,0,0,0,0,0,6,1,0.004,0.037,0.0,0.0,0.948,0.044,0.012,56,36,0.802,0.196,0.098,0.032,0.0,0.0,0.0,0.0,normal
5.854,tcp,http,SF,167,1970,0,0,0,0,0,1,0,0,0,0,0,0,0,0,0,0,5,2,0.0,0.0,0.0,0.0,0.926,0.112,0.016,141,117,0.931,0.176,0.098,0.008,0.0,0.0,0.0,0.0,normal
0.122,tcp,http,SF,177,4697,0,0,0,0,0,1,0,0,0,0,0,0,0,0,0,0,1,1,0.0,0.0,0.0,0.0,0.927,0.121,0.045,196,130,0.919,0.085,0.109,0.0,0.0,0.0,0.0,0.0,normal
1.252,tcp,http,SF,462,1334,0,0,0,0,0,1,0,0,0,0,0,0,0,0,0,0,4,1,0.004,0.0,0.0,0.0,0.869,0.024,0.051,35,149,0.842,0.054,0.043,0.014,0.0,0.0,0.0,0.0,normal
2.831,tcp,http,SF,351,831,0,0,0,0,0,1,0,0,0,0,0,0,0,0,0,0,3,6,0.0,0.0,0.0,0.0,0.94,0.112,0.064,251,118,0.963,0.062,0.139,0.012,0.0,0.0,0.0,0.0,normal
4.408,tcp,http,SF,331,1125,0,0,0,0,0,1,0,0,0,0,0,0,0,0,0,0,2,4,0.0,0.024,0.0,0.0,0.933,0.003,0.064,145,219,0.865,0.136,0.073,0.0,0.0,0.0,0.0,0.0,normal
0.304,tcp,http,SF,355,8679,0,0,0,0,0,1,0,0,0,0,0,0,0,0,0,0,1,3,0.008,0.003,0.0,0.0,0.942,0.084,0.053,237,38,0.934,0.193,0.019,0.031,0.0,0.0,0.0,0.0,normal
0.11,tcp,http,SF,384,3286,0,0,0,0,0,1,0,0,0,0,0,0,0,0,0,0,6,2,0.0,0.003,0.0,0.0,0.949,0.001,0.026,169,40,0.891,0.029,0.082,0.018,0.0,0.0,0.0,0.0,normal
0.023,udp,dns,SF,86,115,0,0,0,0,0,0,0,0,0,0,0,0,0,0,0,0,4,2,0.139,0.0,0.0,0.0,0.858,0.127,0.037,182,153,0.985,0.006,0.145,0.053,0.0,0.0,0.0,0.0,normal
2.417,tcp,http,SF,493,18500,0,0,0,0,0,1,0,0,0,0,0,0,0,0,0,0,9,1,0.009,0.0,0.0,0.0,0.98,0.031,0.077,72,166,0.985,0.155,0.079,0.078,0.0,0.0,0.0,0.0,normal
3.685,tcp,http,SF,165,978,0,0,0,0,0,1,0,0,0,0,0,0,0,0,0,0,3,3,0.044,0.0,0.0,0.0,0.871,0.109,0.059,10,181,0.813,0.074,0.061,0.06,0.0,0.0,0.0,0.0,normal
0.104,tcp,http,SF,293,1103,0,0,0,0,0,1,0,0,0,0,0,0,0,0,0,0,2,2,0.009,0.0,0.0,0.0,0.984,0.096,0.007,244,166,0.965,0.017,0.02,0.068,0.0,0.0,0.0,0.0,normal
46.624,tcp,ssh,SF,4358,2533,0,0,0,0,0,1,0,0,0,0,0,0,0,0,0,0,4,8,0.011,0.0,0.0,0.0,0.983,0.145,0.074,202,80,0.913,0.006,0.093,0.026,0.0,0.0,0.0,0.0,normal
1.209,tcp,http,SF,349,1758,0,0,0,0,0,1,0,0,0,0,0,0,0,0,0,0,4,1,0.001,0.04,0.0,0.0,0.962,0.093,0.035,228,13,0.918,0.115,0.023,0.091,0.0,0.0,0.0,0.0,normal
0.979,tcp,smtp,SF,945,930,0,0,0,0,0,1,0,0,0,0,0,0,0,0,0,0,3,1,0.0,0.162,0.0,0.0,0.853,0.077,0.034,43,231,0.899,0.17,0.088,0.04,0.0,0.0,0.0,0.0,normal
0.018,udp,dns,SF,47,162,0,0,0,0,0,0,0,0,0,0,0,0,0,0,0,0,4,1,0.005,0.002,0.0,0.0,0.967,0.086,0.049,77,51,0.858,0.09,0.148,0.061,0.0,0.0,0.0,0.0,normal
3.425,tcp,http,SF,310,681,0,0,0,0,0,1,0,0,0,0,0,0,0,0,0,0,2,1,0.0,0.001,0.0,0.0,0.931,0.019,0.084,69,193,0.857,0.107,0.087,0.067,0.0,0.0,0.0,0.0,normal
0.011,udp,dns,SF,54,168,0,0,0,0,0,0,0,0,0,0,0,0,0,0,0,0,4,1,0.0,0.0,0.0,0.0,0.9,0.134,0.047,44,114,0.941,0.156,0.066,0.011,0.0,0.0,0.0,0.0,normal
9.388,tcp,ssh,SF,2720,2743,0,0,0,0,0,1,0,0,0,0,0,0,0,0,0,0,1,4,0.006,0.008,0.0,0.0,0.968,0.109,0.027,57,45,0.806,0.137,0.081,0.07,0.0,0.0,0.0,0.0,normal
3.243,tcp,http,SF,461,4288,0,0,0,0,0,1,0,0,0,0,0,0,0,0,0,0,8,5,0.003,0.0,0.0,0.0,0.958,0.071,0.063,85,48,0.944,0.145,0.111,0.047,0.0,0.0,0.0,0.0,normal
0.272,tcp,http,SF,372,940,0,0,0,0,0,1,0,0,0,0,0,0,0,0,0,0,6,2,0.023,0.001,0.0,0.0,0.916,0.148,0.036,163,31,0.941,0.111,0.12,0.062,0.0,0.0,0.0,0.0,normal
3.758,tcp,http,SF,222,989,0,0,0,0,0,1,0,0,0,0,0,0,0,0,0,0,6,5,0.121,0.0,0.0,0.0,0.937,0.118,0.037,207,219,0.973,0.131,0.04,0.099,0.0,0.0,0.0,0.0,normal
116.594,tcp,ssh,SF,1600,3839,0,0,0,0,0,1,0,0,0,0,0,0,0,0,0,0,4,3,0.0,0.0,0.0,0.0,0.944,0.125,0.098,155,51,0.855,0.177,0.129,0.072,0.0,0.0,0.0,0.0,normal
0.003,udp,dns,SF,88,102,0,0,0,0,0,0,0,0,0,0,0,0,0,0,0,0,3,1,0.0,0.004,0.0,0.0,0.99,0.008,0.088,230,181,0.873,0.176,0.061,0.07,0.0,0.0,0.0,0.0,normal
0.842,tcp,http,SF,370,979,0,0,0,0,0,1,0,0,0,0,0,0,0,0,0,0,4,4,0.0,0.0,0.0,0.0,0.855,0.104,0.03,175,141,0.967,0.145,0.054,0.073,0.0,0.0,0.0,0.0,normal
0.076,udp,dns,SF,73,172,0,0,0,0,0,0,0,0,0,0,0,0,0,0,0,0,4,1,0.0,0.0,0.0,0.0,0.939,0.072,0.036,96,144,0.953,0.141,0.111,0.021,0.0,0.0,0.0,0.0,normal
4.296,tcp,http,SF,379,1102,0,0,0,0,0,1,0,0,0,0,0,0,0,0,0,0,7,3,0.0,0.029,0.0,0.0,0.955,0.047,0.042,140,39,0.93,0.06,0.082,0.092,0.0,0.0,0.0,0.0,normal
0.188,tcp,http,SF,315,3216,0,0,0,0,0,1,0,0,0,0,0,0,0,0,0,0,5,1,0.0,0.0,0.0,0.0,0.968,0.104,0.006,211,236,0.886,0.091,0.133,0.02,0.0,0.0,0.0,0.0,normal
0.654,tcp,http,SF,472,2992,0,0,0,0,0,1,0,0,0,0,0,0,0,0,0,0,7,4,0.0,0.001,0.0,0.0,0.931,0.07,0.002,93,60,0.932,0.109,0.008,0.06,0.0,0.0,0.0,0.0,normal
0.024,udp,dns,SF,60,140,0,0,0,0,0,0,0,0,0,0,0,0,0,0,0,0,6,2,0.026,0.035,0.0,0.0,0.853,0.047,0.033,145,57,0.942,0.112,0.138,0.076,0.0,0.0,0.0,0.0,normal
0.075,udp,dns,SF,66,123,0,0,0,0,0,0,0,0,0,0,0,0,0,0,0,0,4,3,0.0,0.0,0.0,0.0,0.93,0.096,0.053,181,148,0.938,0.024,0.115,0.036,0.0,0.0,0.0,0.0,normal
0.016,tcp,http,SF,318,1038,0,0,0,0,0,1,0,0,0,0,0,0,0,0,0,0,6,2,0.002,0.0,0.0,0.0,0.988,0.06,0.047,20,212,0.824,0.023,0.138,0.003,0.0,0.0,0.0,0.0,normal
3.78,tcp,smtp,SF,1127,1058,0,0,0,0,0,1,0,0,0,0,0,0,0,0,0,0,3,4,0.0,0.015,0.0,0.0,0.997,0.008,0.038,72,247,0.911,0.136,0.054,0.021,0.0,0.0,0.0,0.0,normal
1.324,tcp,http,SF,932,4331,0,0,0,0,0,1,0,0,0,0,0,0,0,0,0,0,7,1,0.004,0.018,0.0,0.0,0.903,0.057,0.003,81,241,0.873,0.097,0.054,0.036,0.0,0.0,0.0,0.0,normal
3.463,tcp,http,SF,268,2078,0,0,0,0,0,1,0,0,0,0,0,0,0,0,0,0,7,6,0.007,0.0,0.0,0.0,0.97,0.051,0.06,55,13,0.8,0.052,0.079,0.06,0.0,0.0,0.0,0.0,normal
0.016,udp,dns,SF,40,177,0,0,0,0,0,0,0,0,0,0,0,0,0,0,0,0,6,1,0.0,0.0,0.0,0.0,0.89,0.029,0.086,19,235,0.87,0.063,0.105,0.023,0.0,0.0,0.0,0.0,normal
0.945,tcp,http,SF,346,488,0,0,0,0,0,1,0,0,0,0,0,0,0,0,0,0,4,3,0.009,0.0,0.0,0.0,0.902,0.08,0.057,193,152,0.943,0.026,0.108,0.089,0.0,0.0,0.0,0.0,normal
0.002,udp,dns,SF,69,168,0,0,0,0,0,0,0,0,0,0,0,0,0,0,0,0,5,3,0.001,0.008,0.0,0.0,0.948,0.073,0.078,170,156,0.875,0.059,0.068,0.048,0.0,0.0,0.0,0.0,normal
2.619,tcp,http,SF,491,96,0,0,0,0,0,1,0,0,0,0,0,0,0,0,0,0,4,2,0.001,0.0,0.0,0.0,0.925,0.12,0.055,158,156,0.844,0.025,0.022,0.097,0.0,0.0,0.0,0.0,normal
0.181,tcp,http,SF,309,1672,0,0,0,0,0,1,0,0,0,0,0,0,0,0,0,0,8,5,0.002,0.0,0.0,0.0,0.915,0.029,0.013,103,206,0.859,0.129,0.001,0.008,0.0,0.0,0.0,0.0,normal
1.264,tcp,http,SF,576,5298,0,0,0,0,0,1,0,0,0,0,0,0,0,0,0,0,7,1,0.0,0.0,0.0,0.0,0.99,0.064,0.019,37,90,0.964,0.186,0.036,0.003,0.0,0.0,0.0,0.0,normal
1.935,tcp,http,SF,358,1,0,0,0,0,0,1,0,0,0,0,0,0,0,0,0,0,1,4,0.0,0.003,0.0,0.0,0.902,0.059,0.082,145,20,0.923,0.106,0.126,0.031,0.0,0.0,0.0,0.0,normal
0.131,tcp,http,SF,321,11154,0,0,0,0,0,1,0,0,0,0,0,0,0,0,0,0,2,1,0.057,0.0,0.0,0.0,0.952,0.0,0.029,158,67,0.869,0.017,0.145,0.047,0.0,0.0,0.0,0.0,normal
0.134,udp,dns,SF,56,198,0,0,0,0,0,0,0,0,0,0,0,0,0,0,0,0,6,6,0.0,0.002,0.0,0.0,0.938,0.102,0.06,196,41,0.963,0.06,0.06,0.055,0.0,0.0,0.0,0.0,normal
3.193,tcp,http,SF,314,511,0,0,0,0,0,1,0,0,0,0,0,0,0,0,0,0,4,3,0.003,0.0,0.0,0.0,0.961,0.134,0.002,107,135,0.974,0.179,0.055,0.032,0.0,0.0,0.0,0.0,normal
1.987,tcp,http,SF,287,6300,0,0,0,0,0,1,0,0,0,0,0,0,0,0,0,0,6,2,0.0,0.0,0.0,0.0,0.955,0.016,0.085,196,46,0.856,0.125,0.053,0.051,0.0,0.0,0.0,0.0,normal
113.333,tcp,ssh,SF,2520,3322,0,0,0,0,0,1,0,0,0,0,0,0,0,0,0,0,1,3,0.0,0.01,0.0,0.0,0.965,0.111,0.06,246,204,0.836,0.163,0.085,0.078,0.0,0.0,0.0,0.0,normal
2.116,tcp,http,SF,338,2150,0,0,0,0,0,1,0,0,0,0,0,0,0,0,0,0,7,2,0.0,0.126,0.0,0.0,0.979,0.118,0.097,183,39,0.896,0.069,0.043,0.045,0.0,0.0,0.0,0.0,normal
0.022,udp,dns,SF,47,146,0,0,0,0,0,0,0,0,0,0,0,0,0,0,0,0,5,3,0.0,0.001,0.0,0.0,0.904,0.063,0.048,252,145,0.926,0.042,0.135,0.083,0.0,0.0,0.0,0.0,normal
1.747,tcp,http,SF,397,7847,0,0,0,0,0,1,0,0,0,0,0,0,0,0,0,0,7,4,0.007,0.001,0.0,0.0,0.905,0.038,0.049,54,230,0.926,0.179,0.071,0.095,0.0,0.0,0.0,0.0,normal
1.213,tcp,http,SF,234,1590,0,0,0,1,0,1,0,0,0,0,0,0,0,0,0,0,7,3,0.003,0.0,0.0,0.0,0.857,0.075,0.027,195,148,0.945,0.009,0.03,0.039,0.0,0.0,0.0,0.0,normal
5.79,tcp,smtp,SF,920,1616,0,0,0,0,0,1,0,0,0,0,0,0,0,0,0,0,4,6,0.0,0.0,0.0,0.0,0.97,0.065,0.066,10,84,0.878,0.016,0.015,0.082,0.0,0.0,0.0,0.0,normal
3.37,tcp,http,SF,647,988,0,0,0,0,0,1,0,0,0,0,0,0,0,0,0,0,2,4,0.002,0.0,0.0,0.0,0.982,0.007,0.097,187,211,0.922,0.013,0.036,0.035,0.0,0.0,0.0,0.0,normal
1.314,tcp,http,SF,325,4012,0,0,0,0,0,1,0,0,0,0,0,0,0,0,0,0,2,3,0.008,0.0,0.0,0.0,0.897,0.07,0.05,156,209,0.939,0.055,0.041,0.032,0.0,0.0,0.0,0.0,normal
0.639,tcp,http,SF,318,3486,0,0,0,0,0,1,0,0,0,0,0,0,0,0,0,0,6,4,0.0,0.0,0.0,0.0,0.932,0.06,0.098,158,143,0.815,0.162,0.008,0.084,0.0,0.0,0.0,0.0,normal
0.108,udp,dns,SF,77,181,0,0,0,0,0,0,0,0,0,0,0,0,0,0,0,0,5,1,0.0,0.0,0.0,0.0,0.886,0.072,0.035,110,158,0.873,0.019,0.092,0.004,0.0,0.0,0.0,0.0,normal
0.4,tcp,http,SF,338,238,0,0,0,0,0,1,0,0,0,0,0,0,0,0,0,0,5,4,0.022,0.0,0.0,0.0,0.975,0.065,0.045,91,235,0.916,0.077,0.148,0.046,0.0,0.0,0.0,0.0,normal
2.195,tcp,http,SF,334,5869,0,0,0,0,0,1,0,0,0,0,0,0,0,0,0,0,5,3,0.0,0.001,0.0,0.0,0.925,0.149,0.081,30,241,0.965,0.132,0.011,0.086,0.0,0.0,0.0,0.0,normal
4.445,tcp,http,SF,284,1610,0,0,0,0,0,1,0,0,0,0,0,0,0,0,0,0,3,1,0.0,0.043,0.0,0.0,0.916,0.082,0.06,65,27,0.973,0.067,0.039,0.069,0.0,0.0,0.0,0.0,normal
0.107,udp,dns,SF,52,133,0,0,0,0,0,0,0,0,0,0,0,0,0,0,0,0,3,7,0.008,0.0,0.0,0.0,0.858,0.135,0.069,243,174,0.989,0.134,0.093,0.071,0.0,0.0,0.0,0.0,normal
2.425,tcp,http,SF,287,2762,0,0,0,0,0,1,0,0,0,0,0,0,0,0,0,0,4,3,0.0,0.007,0.0,0.0,0.858,0.029,0.056,33,229,0.922,0.077,0.125,0.045,0.0,0.0,0.0,0.0,normal
1.254,tcp,http,SF,284,8188,0,0,0,0,0,1,0,0,0,0,0,0,0,0,0,0,5,2,0.0,0.014,0.0,0.0,0.989,0.061,0.038,144,54,0.901,0.064,0.025,0.075,0.0,0.0,0.0,0.0,normal
0.122,udp,dns,SF,58,160,0,0,0,0,0,0,0,0,0,0,0,0,0,0,0,0,5,2,0.002,0.004,0.0,0.0,0.992,0.102,0.045,49,187,0.831,0.192,0.098,0.088,0.0,0.0,0.0,0.0,normal
2.748,tcp,http,SF,307,1113,0,0,0,0,0,1,0,0,0,0,0,0,0,0,0,0,5,4,0.0,0.0,0.0,0.0,0.974,0.117,0.068,232,79,0.804,0.063,0.09,0.01,0.0,0.0,0.0,0.0,normal
3.661,tcp,http,SF,139,1892,0,0,0,0,0,1,0,0,0,0,0,0,0,0,0,0,5,2,0.0,0.0,0.0,0.0,0.997,0.064,0.097,232,167,0.919,0.034,0.143,0.086,0.0,0.0,0.0,0.0,normal
0.726,tcp,http,SF,425,1234,0,0,0,0,0,1,0,0,0,0,0,0,0,0,0,0,6,4,0.014,0.0,0.0,0.0,0.946,0.045,0.064,134,154,0.933,0.199,0.042,0.098,0.0,0.0,0.0,0.0,normal
0.044,udp,dns,SF,82,165,0,0,0,0,0,0,0,0,0,0,0,0,0,0,0,0,3,1,0.026,0.019,0.0,0.0,0.986,0.015,0.071,36,145,0.904,0.02,0.109,0.06,0.0,0.0,0.0,0.0,normal
4.487,tcp,smtp,SF,1284,1380,0,0,0,0,0,1,0,0,0,0,0,0,0,0,0,0,3,4,0.0,0.0,0.0,0.0,0.932,0.094,0.047,123,16,0.937,0.145,0.027,0.065,0.0,0.0,0.0,0.0,normal
0.053,udp,dns,SF,41,174,0,0,0,0,0,0,0,0,0,0,0,0,0,0,0,0,3,2,0.073,0.0,0.0,0.0,0.997,0.101,0.087,12,68,0.846,0.088,0.132,0.004,0.0,0.0,0.0,0.0,normal
0.743,tcp,other,REJ,276,252,0,0,0,0,0,0,0,0,0,0,0,0,0,0,0,0,1,2,0.0,0.0,0.0,0.0,0.954,0.081,0.035,247,130,0.976,0.155,0.085,0.018,0.0,0.0,0.0,0.0,normal
0.026,udp,dns,SF,36,110,0,0,0,0,0,0,0,0,0,0,0,0,0,0,0,0,7,2,0.008,0.0,0.0,0.0,0.991,0.026,0.047,66,82,0.87,0.074,0.039,0.076,0.0,0.0,0.0,0.0,normal
4.352,tcp,smtp,SF,950,1141,0,0,0,0,0,1,0,0,0,0,0,0,0,0,0,0,6,1,0.0,0.212,0.0,0.0,0.963,0.139,0.074,86,38,0.906,0.081,0.136,0.076,0.0,0.0,0.0,0.0,normal
7.314,tcp,http,SF,357,40,0,0,0,0,0,1,0,0,0,0,0,0,0,0,0,0,3,2,0.008,0.033,0.0,0.0,0.973,0.048,0.047,187,37,0.985,0.18,0.041,0.058,0.0,0.0,0.0,0.0,normal
0.012,udp,dns,SF,59,173,0,0,0,0,0,0,0,0,0,0,0,0,0,0,0,0,3,4,0.003,0.024,0.0,0.0,0.863,0.09,0.096,229,169,0.816,0.182,0.019,0.037,0.0,0.0,0.0,0.0,normal
2.137,tcp,http,SF,476,2731,0,0,0,0,0,1,0,0,0,0,0,0,0,0,0,0,5,3,0.112,0.0,0.0,0.0,0.902,0.118,0.052,246,37,0.874,0.179,0.127,0.076,0.0,0.0,0.0,0.0,normal
0.547,tcp,http,SF,509,563,0,0,0,0,0,1,0,0,0,0,0,0,0,0,0,0,2,5,0.057,0.0,0.0,0.0,0.893,0.04,0.098,219,142,0.994,0.123,0.044,0.059,0.0,0.0,0.0,0.0,normal
0.957,tcp,http,SF,243,503,0,0,0,0,0,1,0,0,0,0,0,0,0,0,0,0,5,2,0.004,0.01,0.0,0.0,0.912,0.141,0.019,169,51,0.94,0.109,0.031,0.062,0.0,0.0,0.0,0.0,normal
5.078,tcp,http,SF,538,53,0,0,0,0,0,1,0,0,0,0,0,0,0,0,0,0,2,1,0.0,0.004,0.0,0.0,0.855,0.134,0.056,197,115,0.805,0.118,0.024,0.055,0.0,0.0,0.0,0.0,normal
0.302,tcp,http,SF,410,535,0,0,0,0,0,1,0,0,0,0,0,0,0,0,0,0,8,4,0.001,0.002,0.0,0.0,0.957,0.055,0.048,224,92,0.97,0.062,0.036,0.021,0.0,0.0,0.0,0.0,normal
28.806,tcp,ssh,SF,1099,3209,0,0,0,0,0,1,0,0,0,0,0,0,0,0,0,0,1,3,0.0,0.0,0.0,0.0,0.958,0.055,0.061,19,48,0.804,0.02,0.016,0.098,0.0,0.0,0.0,0.0,normal
0.692,tcp,http,SF,344,5194,0,0,0,0,0,1,0,0,0,0,0,0,0,0,0,0,2,2,0.0,0.0,0.0,0.0,0.86,0.072,0.084,203,128,0.816,0.061,0.067,0.028,0.0,0.0,0.0,0.0,normal
0.464,tcp,other,REJ,200,264,0,0,0,0,0,0,0,0,0,0,0,0,0,0,0,0,6,4,0.0,0.0,0.0,0.0,0.995,0.073,0.077,153,118,0.838,0.004,0.056,0.092,0.0,0.0,0.0,0.0,normal
0.707,tcp,http,SF,619,12905,0,0,0,0,0,1,0,0,0,0,0,0,0,0,0,0,5,7,0.0,0.018,0.0,0.0,0.963,0.061,0.009,55,190,0.859,0.027,0.006,0.033,0.0,0.0,0.0,0.0,normal
0.121,udp,dns,SF,60,105,0,0,0,0,0,0,0,0,0,0,0,0,0,0,0,0,5,4,0.109,0.0,0.0,0.0,0.852,0.013,0.021,182,145,0.866,0.113,0.097,0.0,0.0,0.0,0.0,0.0,normal
2.918,tcp,http,SF,384,12308,0,0,0,0,0,1,0,0,0,0,0,0,0,0,0,0,5,5,0.007,0.0,0.0,0.0,0.87,0.128,0.026,117,155,0.857,0.14,0.018,0.034,0.0,0.0,0.0,0.0,normal
0.901,tcp,http,SF,194,2926,0,0,0,0,0,1,0,0,0,0,0,0,0,0,0,0,1,1,0.0,0.0,0.0,0.0,0.855,0.081,0.025,54,149,0.982,0.12,0.141,0.021,0.0,0.0,0.0,0.0,normal
0.027,udp,dns,SF,58,88,0,0,0,0,0,0,0,0,0,0,0,0,0,0,0,0,10,3,0.0,0.0,0.0,0.0,0.907,0.125,0.024,218,143,0.986,0.121,0.14,0.044,0.0,0.0,0.0,0.0,normal
1.407,tcp,smtp,SF,693,1077,0,0,0,0,0,1,0,0,0,0,0,0,0,0,0,0,2,5,0.0,0.0,0.0,0.0,0.951,0.132,0.073,151,117,0.908,0.107,0.059,0.009,0.0,0.0,0.0,0.0,normal
2.31,tcp,http,SF,372,1114,0,0,0,0,0,1,0,0,0,0,0,0,0,0,0,0,5,1,0.0,0.0,0.0,0.0,0.957,0.04,0.013,252,152,0.981,0.179,0.046,0.027,0.0,0.0,0.0,0.0,normal
1.31,tcp,http,SF,155,3930,0,0,0,0,0,1,0,0,0,0,0,0,0,0,0,0,1,3,0.0,0.002,0.0,0.0,0.858,0.1,0.055,119,85,0.843,0.172,0.14,0.01,0.0,0.0,0.0,0.0,normal
0.53,tcp,http,SF,478,4802,0,0,0,0,0,1,0,0,0,0,0,0,0,0,0,0,3,2,0.031,0.0,0.0,0.0,0.936,0.01,0.052,186,236,0.891,0.095,0.105,0.078,0.0,0.0,0.0,0.0,normal
6.793,tcp,smtp,SF,945,937,0,0,0,0,0,1,0,0,0,0,0,0,0,0,0,0,6,2,0.0,0.0,0.0,0.0,0.999,0.092,0.043,41,156,0.934,0.099,0.099,0.071,0.0,0.0,0.0,0.0,normal
0.026,udp,dns,SF,57,134,0,0,0,0,0,0,0,0,0,0,0,0,0,0,0,0,7,5,0.0,0.005,0.0,0.0,0.924,0.04,0.032,215,164,0.886,0.098,0.15,0.012,0.0,0.0,0.0,0.0,normal
0.841,tcp,smtp,SF,845,916,0,0,0,0,0,1,0,0,0,0,0,0,0,0,0,0,4,2,0.0,0.067,0.0,0.0,0.935,0.087,0.082,77,106,0.884,0.17,0.074,0.074,0.0,0.0,0.0,0.0,normal
3.452,tcp,http,SF,364,2315,0,0,0,0,0,1,0,0,0,0,0,0,0,0,0,0,8,1,0.0,0.0,0.0,0.0,0.865,0.135,0.089,95,162,0.879,0.178,0.073,0.019,0.0,0.0,0.0,0.0,normal
46.441,tcp,ssh,SF,3246,5189,0,0,0,0,0,1,0,0,0,0,0,0,0,0,0,0,5,2,0.0,0.009,0.0,0.0,0.938,0.144,0.028,157,111,0.933,0.183,0.119,0.064,0.0,0.0,0.0,0.0,normal
3.927,tcp,http,SF,181,9579,0,0,0,0,0,1,0,0,0,0,0,0,0,0,0,0,3,1,0.002,0.0,0.0,0.0,0.938,0.088,0.006,211,114,0.861,0.095,0.143,0.079,0.0,0.0,0.0,0.0,normal
0.921,tcp,http,SF,244,3807,0,0,0,0,0,1,0,0,0,0,0,0,0,0,0,0,3,2,0.002,0.0,0.0,0.0,0.856,0.052,0.013,166,57,0.974,0.199,0.121,0.023,0.0,0.0,0.0,0.0,normal
15.709,tcp,ssh,SF,3829,3226,0,0,0,0,0,1,0,0,0,0,0,0,0,0,0,0,4,2,0.0,0.0,0.0,0.0,0.887,0.076,0.093,96,77,0.97,0.1,0.063,0.066,0.0,0.0,0.0,0.0,normal
0.55,tcp,http,SF,277,1120,0,0,0,0,0,1,0,0,0,0,0,0,0,0,0,0,2,2,0.0,0.021,0.0,0.0,0.884,0.071,0.018,251,113,0.879,0.193,0.081,0.07,0.0,0.0,0.0,0.0,normal
0.635,tcp,smtp,SF,1424,696,0,0,0,0,0,1,0,0,0,0,0,0,0,0,0,0,3,3,0.0,0.0,0.0,0.0,0.86,0.087,0.05,173,35,0.979,0.135,0.074,0.054,0.0,0.0,0.0,0.0,normal
0.097,udp,dns,SF,102,116,0,0,0,0,0,0,0,0,0,0,0,0,0,0,0,0,5,3,0.0,0.0,0.0,0.0,0.971,0.004,0.034,247,84,0.945,0.133,0.124,0.055,0.0,0.0,0.0,0.0,normal
0.462,tcp,http,SF,387,3150,0,0,0,0,0,1,0,0,0,0,0,0,0,0,0,0,6,6,0.151,0.0,0.0,0.0,0.934,0.045,0.061,48,195,0.979,0.099,0.045,0.008,0.0,0.0,0.0,0.0,normal
0.182,udp,dns,SF,56,287,0,0,0,0,0,0,0,0,0,0,0,0,0,0,0,0,5,1,0.0,0.007,0.0,0.0,0.983,0.082,0.025,225,189,0.951,0.103,0.014,0.041,0.0,0.0,0.0,0.0,normal
1.711,tcp,smtp,SF,658,929,0,0,0,0,0,1,0,0,0,0,0,0,0,0,0,0,2,3,0.002,0.0,0.0,0.0,0.886,0.133,0.002,106,181,0.951,0.067,0.039,0.016,0.0,0.0,0.0,0.0,normal
4.82,tcp,http,SF,415,58,0,0,0,0,0,1,0,0,0,0,0,0,0,0,0,0,4,2,0.008,0.0,0.0,0.0,0.87,0.063,0.092,198,62,0.895,0.013,0.045,0.037,0.0,0.0,0.0,0.0,normal
1.622,tcp,http,SF,258,82,0,0,0,0,0,1,0,0,0,0,0,0,0,0,0,0,3,1,0.012,0.0,0.0,0.0,0.9,0.036,0.026,185,95,0.894,0.151,0.03,0.071,0.0,0.0,0.0,0.0,normal
3.574,tcp,http,SF,463,3103,0,0,0,0,0,1,0,0,0,0,0,0,0,0,0,0,9,2,0.0,0.0,0.0,0.0,0.923,0.097,0.034,40,100,0.821,0.155,0.036,0.043,0.0,0.0,0.0,0.0,normal
0.095,udp,dns,SF,78,115,0,0,0,0,0,0,0,0,0,0,0,0,0,0,0,0,3,1,0.0,0.0,0.0,0.0,0.857,0.05,0.04,131,36,0.927,0.029,0.12,0.059,0.0,0.0,0.0,0.0,normal
1.037,tcp,http,SF,273,5060,0,0,0,0,0,1,0,0,0,0,0,0,0,0,0,0,5,2,0.0,0.002,0.0,0.0,0.924,0.141,0.071,117,230,0.951,0.132,0.084,0.058,0.0,0.0,0.0,0.0,normal
0.026,udp,dns,SF,48,94,0,0,0,0,0,0,0,0,0,0,0,0,0,0,0,0,3,2,0.0,0.0,0.0,0.0,0.953,0.079,0.082,191,89,0.874,0.041,0.038,0.014,0.0,0.0,0.0,0.0,normal
0.93,tcp,http,SF,327,902,0,0,0,0,0,1,0,0,0,0,0,0,0,0,0,0,7,3,0.0,0.044,0.0,0.0,0.863,0.04,0.056,70,233,0.974,0.061,0.055,0.031,0.0,0.0,0.0,0.0,normal
0.028,udp,dns,SF,76,171,0,0,0,0,0,0,0,0,0,0,0,0,0,0,0,0,5,1,0.0,0.0,0.0,0.0,0.944,0.079,0.0,68,197,0.885,0.11,0.101,0.005,0.0,0.0,0.0,0.0,normal
1.053,tcp,http,SF,518,506,0,0,0,0,0,1,0,0,0,0,0,0,0,0,0,0,6,1,0.0,0.0,0.0,0.0,0.973,0.046,0.024,64,253,0.964,0.185,0.003,0.06,0.0,0.0,0.0,0.0,normal
2.349,tcp,http,SF,258,9781,0,0,0,0,0,1,0,0,0,0,0,0,0,0,0,0,6,3,0.044,0.001,0.0,0.0,0.995,0.03,0.041,46,141,0.849,0.08,0.008,0.004,0.0,0.0,0.0,0.0,normal
7.309,tcp,smtp,SF,1022,812,0,0,0,0,0,1,0,0,0,0,0,0,0,0,0,0,6,1,0.141,0.0,0.0,0.0,0.914,0.005,0.057,127,163,0.801,0.103,0.142,0.04,0.0,0.0,0.0,0.0,normal
5.052,tcp,http,SF,220,1362,0,0,0,0,0,1,0,0,0,0,0,0,0,0,0,0,6,6,0.0,0.0,0.0,0.0,0.984,0.015,0.049,225,203,0.974,0.139,0.04,0.012,0.0,0.0,0.0,0.0,normal
0.317,tcp,other,SF,183,172,0,0,0,0,0,0,0,0,0,0,0,0,0,0,0,0,3,1,0.0,0.0,0.0,0.0,0.904,0.022,0.099,204,106,0.891,0.019,0.101,0.028,0.0,0.0,0.0,0.0,normal
0.006,udp,dns,SF,55,131,0,0,0,0,0,0,0,0,0,0,0,0,0,0,0,0,1,5,0.006,0.0,0.0,0.0,0.903,0.112,0.015,30,226,0.893,0.158,0.051,0.036,0.0,0.0,0.0,0.0,normal
0.174,udp,dns,SF,56,179,0,0,0,0,0,0,0,0,0,0,0,0,0,0,0,0,5,2,0.0,0.003,0.0,0.0,0.921,0.148,0.006,182,76,0.904,0.027,0.053,0.052,0.0,0.0,0.0,0.0,normal
2.339,tcp,http,SF,308,2766,0,0,0,0,0,1,0,0,0,0,0,0,0,0,0,0,1,2,0.088,0.042,0.0,0.0,0.995,0.07,0.081,81,37,0.94,0.198,0.001,0.026,0.0,0.0,0.0,0.0,normal
0.034,udp,dns,SF,86,240,0,0,0,1,0,0,0,0,0,0,0,0,0,0,0,0,3,4,0.003,0.001,0.0,0.0,0.988,0.064,0.054,76,233,0.86,0.145,0.087,0.041,0.0,0.0,0.0,0.0,normal
5.048,tcp,http,SF,275,191,0,0,0,0,0,1,0,0,0,0,0,0,0,0,0,0,5,2,0.0,0.0,0.0,0.0,0.991,0.079,0.08,64,33,0.913,0.071,0.109,0.088,0.0,0.0,0.0,0.0,normal
3.893,tcp,http,SF,358,1784,0,0,0,0,0,1,0,0,0,0,0,0,0,0,0,0,1,2,0.009,0.005,0.0,0.0,0.879,0.065,0.019,177,15,0.891,0.066,0.014,0.087,0.0,0.0,0.0,0.0,normal
0.009,udp,dns,SF,65,167,0,0,0,0,0,0,0,0,0,0,0,0,0,0,0,0,4,2,0.008,0.0,0.0,0.0,0.939,0.071,0.049,25,254,0.806,0.032,0.13,0.053,0.0,0.0,0.0,0.0,normal
7.497,tcp,http,SF,229,132,0,0,0,0,0,1,0,0,0,0,0,0,0,0,0,0,1,2,0.0,0.0,0.0,0.0,0.85,0.149,0.027,154,74,0.86,0.192,0.126,0.064,0.0,0.0,0.0,0.0,normal
0.854,tcp,http,SF,503,1691,0,0,0,0,0,1,0,0,0,0,0,0,0,0,0,0,5,2,0.0,0.003,0.0,0.0,0.872,0.039,0.08,100,206,0.834,0.076,0.021,0.047,0.0,0.0,0.0,0.0,normal
3.796,tcp,smtp,SF,678,1127,0,0,0,0,0,1,0,0,0,0,0,0,0,0,0,0,6,4,0.0,0.0,0.0,0.0,0.894,0.019,0.083,199,228,0.86,0.11,0.118,0.002,0.0,0.0,0.0,0.0,normal
0.28,udp,dns,SF,49,168,0,0,0,0,0,0,0,0,0,0,0,0,0,0,0,0,3,2,0.001,0.0,0.0,0.0,0.874,0.038,0.092,122,211,0.994,0.149,0.137,0.036,0.0,0.0,0.0,0.0,normal
3.472,tcp,http,SF,372,2116,0,0,0,1,0,1,0,0,0,0,0,0,0,0,0,0,5,3,0.021,0.0,0.0,0.0,0.862,0.044,0.001,86,189,0.92,0.102,0.148,0.048,0.0,0.0,0.0,0.0,normal
6.347,tcp,http,SF,406,2377,0,0,0,0,0,1,0,0,0,0,0,0,0,0,0,0,6,3,0.0,0.0,0.0,0.0,0.898,0.081,0.048,72,42,0.856,0.111,0.125,0.006,0.0,0.0,0.0,0.0,normal
0.059,tcp,http,SF,247,1986,0,0,0,0,0,1,0,0,0,0,0,0,0,0,0,0,4,1,0.098,0.0,0.0,0.0,0.907,0.073,0.002,109,11,0.881,0.03,0.119,0.095,0.0,0.0,0.0,0.0,normal
0.094,udp,dns,SF,88,119,0,0,0,0,0,0,0,0,0,0,0,0,0,0,0,0,4,5,0.0,0.171,0.0,0.0,0.943,0.048,0.025,69,143,0.908,0.108,0.044,0.016,0.0,0.0,0.0,0.0,normal
0.182,tcp,http,SF,259,475,0,0,0,0,0,1,0,0,0,0,0,0,0,0,0,0,4,2,0.113,0.0,0.0,0.0,0.949,0.071,0.051,75,139,0.875,0.017,0.024,0.072,0.0,0.0,0.0,0.0,normal
337.357,tcp,ssh,SF,2428,2474,0,0,0,0,0,1,0,0,0,0,0,0,0,0,0,0,1,2,0.038,0.009,0.0,0.0,0.918,0.004,0.028,173,105,0.911,0.132,0.148,0.051,0.0,0.0,0.0,0.0,normal
6.495,tcp,http,SF,510,1666,0,0,0,0,0,1,0,0,0,0,0,0,0,0,0,0,7,1,0.0,0.001,0.0,0.0,0.979,0.109,0.05,227,211,0.973,0.075,0.022,0.012,0.0,0.0,0.0,0.0,normal
2.282,tcp,http,SF,402,295,0,0,0,0,0,1,0,0,0,0,0,0,0,0,0,0,8,2,0.0,0.0,0.0,0.0,0.872,0.093,0.096,171,16,0.845,0.175,0.01,0.001,0.0,0.0,0.0,0.0,normal
0.916,tcp,http,SF,338,591,0,0,0,0,0,1,0,0,0,0,0,0,0,0,0,0,5,3,0.028,0.014,0.0,0.0,0.938,0.132,0.034,53,55,0.974,0.096,0.087,0.016,0.0,0.0,0.0,0.0,normal
1.22,tcp,http,SF,359,156,0,0,0,0,0,1,0,0,0,0,0,0,0,0,0,0,4,4,0.0,0.0,0.0,0.0,0.988,0.098,0.078,218,142,0.834,0.03,0.115,0.043,0.0,0.0,0.0,0.0,normal
2.896,tcp,http,SF,254,5879,0,0,0,0,0,1,0,0,0,0,0,0,0,0,0,0,6,1,0.013,0.0,0.0,0.0,0.86,0.142,0.053,157,118,0.825,0.014,0.082,0.06,0.0,0.0,0.0,0.0,normal
4.92,tcp,http,SF,301,102,0,0,0,0,0,1,0,0,0,0,0,0,0,0,0,0,4,3,0.005,0.005,0.0,0.0,0.878,0.112,0.02,148,29,0.835,0.166,0.052,0.053,0.0,0.0,0.0,0.0,normal
0.412,tcp,http,SF,518,183,0,0,0,0,0,1,0,0,0,0,0,0,0,0,0,0,5,6,0.025,0.0,0.0,0.0,0.868,0.006,0.042,228,121,0.989,0.151,0.09,0.021,0.0,0.0,0.0,0.0,normal
4.097,tcp,http,SF,222,3788,0,0,0,0,0,1,0,0,0,0,0,0,0,0,0,0,4,3,0.0,0.011,0.0,0.0,0.981,0.074,0.079,30,25,0.942,0.017,0.004,0.05,0.0,0.0,0.0,0.0,normal
0.219,tcp,http,SF,462,2834,0,0,0,0,0,1,0,0,0,0,0,0,0,0,0,0,5,2,0.0,0.0,0.0,0.0,0.875,0.108,0.024,72,54,0.868,0.159,0.111,0.048,0.0,0.0,0.0,0.0,normal
0.867,tcp,http,SF,368,2719,0,0,0,0,0,1,0,0,0,0,0,0,0,0,0,0,4,1,0.001,0.0,0.0,0.0,0.95,0.073,0.094,169,210,0.947,0.087,0.074,0.026,0.0,0.0,0.0,0.0,normal
209.15,tcp,ssh,SF,2383,6282,0,0,0,0,0,1,0,0,0,0,0,0,0,0,0,0,2,2,0.0,0.001,0.0,0.0,0.862,0.079,0.017,55,54,0.922,0.134,0.091,0.092,0.0,0.0,0.0,0.0,normal
1.459,tcp,http,SF,518,15447,0,0,0,0,0,1,0,0,0,0,0,0,0,0,0,0,7,1,0.0,0.021,0.0,0.0,0.979,0.15,0.005,24,25,0.811,0.092,0.118,0.009,0.0,0.0,0.0,0.0,normal
1.441,tcp,http,SF,265,81,0,0,0,0,0,1,0,0,0,0,0,0,0,0,0,0,4,4,0.0,0.0,0.0,0.0,0.888,0.128,0.059,60,53,0.884,0.036,0.069,0.008,0.0,0.0,0.0,0.0,normal
1.834,tcp,http,SF,241,940,0,0,0,0,0,1,0,0,0,0,0,0,0,0,0,0,3,4,0.0,0.001,0.0,0.0,0.88,0.077,0.092,126,26,0.846,0.053,0.091,0.095,0.0,0.0,0.0,0.0,normal
177.907,tcp,ssh,SF,1640,3853,0,0,0,0,0,1,0,0,0,0,0,0,0,0,0,0,5,3,0.0,0.008,0.0,0.0,0.913,0.142,0.012,80,38,0.887,0.117,0.076,0.095,0.0,0.0,0.0,0.0,normal
6.115,tcp,http,SF,273,6768,0,0,0,0,0,1,0,0,0,0,0,0,0,0,0,0,4,1,0.001,0.0,0.0,0.0,0.869,0.047,0.044,172,34,0.968,0.073,0.101,0.064,0.0,0.0,0.0,0.0,normal
0.03,udp,dns,SF,102,131,0,0,0,0,0,0,0,0,0,0,0,0,0,0,0,0,2,3,0.0,0.067,0.0,0.0,0.996,0.026,0.027,78,216,0.911,0.045,0.1,0.037,0.0,0.0,0.0,0.0,normal
0.133,udp,dns,SF,95,142,0,0,0,0,0,0,0,0,0,0,0,0,0,0,0,0,1,3,0.0,0.014,0.0,0.0,0.933,0.133,0.066,242,155,0.962,0.061,0.067,0.069,0.0,0.0,0.0,0.0,normal
1.963,tcp,http,SF,409,35,0,0,0,0,0,1,0,0,0,0,0,0,0,0,0,0,3,5,0.0,0.0,0.0,0.0,0.977,0.041,0.057,75,249,0.863,0.087,0.149,0.014,0.0,0.0,0.0,0.0,normal
0.046,udp,dns,SF,52,130,0,0,0,0,0,0,0,0,0,0,0,0,0,0,0,0,3,3,0.0,0.0,0.0,0.0,0.967,0.137,0.06,201,219,0.96,0.032,0.012,0.063,0.0,0.0,0.0,0.0,normal
0.045,udp,dns,SF,74,214,0,0,0,0,0,0,0,0,0,0,0,0,0,0,0,0,6,4,0.0,0.0,0.0,0.0,0.939,0.121,0.027,15,59,0.935,0.035,0.073,0.092,0.0,0.0,0.0,0.0,normal
0.123,tcp,other,SF,225,181,0,0,0,0,0,0,0,0,0,0,0,0,0,0,0,0,7,5,0.001,0.001,0.0,0.0,0.882,0.146,0.043,240,235,0.869,0.058,0.116,0.062,0.0,0.0,0.0,0.0,normal
1.019,tcp,http,SF,235,4571,0,0,0,0,0,1,0,0,0,0,0,0,0,0,0,0,1,1,0.0,0.001,0.0,0.0,0.852,0.07,0.041,116,243,0.837,0.005,0.095,0.063,0.0,0.0,0.0,0.0,normal
1.828,tcp,smtp,SF,620,1052,0,0,0,0,0,1,0,0,0,0,0,0,0,0,0,0,3,2,0.004,0.026,0.0,0.0,0.904,0.039,0.059,214,191,0.899,0.179,0.058,0.038,0.0,0.0,0.0,0.0,normal
0.433,tcp,http,SF,250,387,0,0,0,0,0,1,0,0,0,0,0,0,0,0,0,0,7,3,0.095,0.0,0.0,0.0,0.955,0.15,0.009,173,196,0.839,0.102,0.029,0.094,0.0,0.0,0.0,0.0,normal
1.753,tcp,smtp,SF,721,1547,0,0,0,0,0,1,0,0,0,0,0,0,0,0,0,0,3,1,0.0,0.0,0.0,0.0,0.916,0.094,0.036,120,249,0.939,0.116,0.075,0.049,0.0,0.0,0.0,0.0,normal
1.188,tcp,http,SF,245,4898,0,0,0,0,0,1,0,0,0,0,0,0,0,0,0,0,11,2,0.0,0.0,0.0,0.0,0.982,0.074,0.039,142,72,0.999,0.121,0.126,0.098,0.0,0.0,0.0,0.0,normal
1.444,tcp,http,SF,365,4644,0,0,0,0,0,1,0,0,0,0,0,0,0,0,0,0,6,1,0.0,0.0,0.0,0.0,0.887,0.003,0.01,249,186,0.896,0.147,0.04,0.044,0.0,0.0,0.0,0.0,normal
0.119,udp,dns,SF,54,132,0,0,0,0,0,0,0,0,0,0,0,0,0,0,0,0,4,4,0.0,0.0,0.0,0.0,0.875,0.089,0.045,123,29,0.815,0.171,0.014,0.027,0.0,0.0,0.0,0.0,normal
2.462,tcp,smtp,SF,1032,1317,0,0,0,0,0,1,0,0,0,0,0,0,0,0,0,0,3,5,0.0,0.0,0.0,0.0,0.973,0.115,0.09,206,102,0.87,0.047,0.016,0.048,0.0,0.0,0.0,0.0,normal
0.84,tcp,http,SF,109,290,0,0,0,0,0,1,0,0,0,0,0,0,0,0,0,0,5,1,0.008,0.025,0.0,0.0,0.988,0.033,0.068,69,208,0.819,0.187,0.144,0.073,0.0,0.0,0.0,0.0,normal
1.91,tcp,http,SF,222,2495,0,0,0,0,0,1,0,0,0,0,0,0,0,0,0,0,2,5,0.005,0.109,0.0,0.0,0.945,0.064,0.029,189,11,0.804,0.194,0.112,0.069,0.0,0.0,0.0,0.0,normal
5.605,tcp,http,SF,432,937,0,0,0,0,0,1,0,0,0,0,0,0,0,0,0,0,2,3,0.0,0.0,0.0,0.0,0.904,0.14,0.074,199,161,0.991,0.173,0.011,0.05,0.0,0.0,0.0,0.0,normal
1.606,tcp,http,SF,225,179,0,0,0,0,0,1,0,0,0,0,0,0,0,0,0,0,4,3,0.001,0.0,0.0,0.0,0.893,0.064,0.063,61,208,0.96,0.002,0.08,0.037,0.0,0.0,0.0,0.0,normal
11.278,tcp,smtp,SF,819,1326,0,0,0,0,0,1,0,0,0,0,0,0,0,0,0,0,2,2,0.0,0.0,0.0,0.0,0.964,0.042,0.076,245,66,0.951,0.039,0.143,0.015,0.0,0.0,0.0,0.0,normal
4.131,tcp,smtp,SF,1173,729,0,0,0,0,0,1,0,0,0,0,0,0,0,0,0,0,3,2,0.014,0.0,0.0,0.0,0.905,0.085,0.052,222,248,0.965,0.023,0.062,0.059,0.0,0.0,0.0,0.0,normal
0.062,udp,dns,SF,75,95,0,0,0,0,0,0,0,0,0,0,0,0,0,0,0,0,1,3,0.0,0.008,0.0,0.0,0.875,0.138,0.071,150,227,0.869,0.173,0.072,0.019,0.0,0.0,0.0,0.0,normal
19.663,tcp,ssh,SF,3006,2629,0,0,0,0,0,1,0,0,0,0,0,0,0,0,0,0,4,2,0.001,0.0,0.0,0.0,0.99,0.031,0.078,159,153,0.881,0.092,0.062,0.083,0.0,0.0,0.0,0.0,normal
0.036,udp,dns,SF,92,201,0,0,0,0,0,0,0,0,0,0,0,0,0,0,0,0,2,2,0.0,0.0,0.0,0.0,0.898,0.144,0.0,66,213,0.852,0.04,0.133,0.03,0.0,0.0,0.0,0.0,normal
0.006,udp,dns,SF,51,157,0,0,0,0,0,0,0,0,0,0,0,0,0,0,0,0,6,5,0.0,0.0,0.0,0.0,0.874,0.068,0.023,25,109,0.876,0.188,0.028,0.029,0.0,0.0,0.0,0.0,normal
3.626,tcp,http,SF,389,1000,0,0,0,0,0,1,0,0,0,0,0,0,0,0,0,0,1,6,0.0,0.0,0.0,0.0,0.872,0.093,0.014,46,200,0.839,0.129,0.087,0.043,0.0,0.0,0.0,0.0,normal
2.045,tcp,http,SF,810,3657,0,0,0,0,0,1,0,0,0,0,0,0,0,0,0,0,5,2,0.002,0.0,0.0,0.0,0.919,0.126,0.016,89,109,0.853,0.01,0.051,0.072,0.0,0.0,0.0,0.0,normal
3.508,tcp,http,SF,272,1143,0,0,0,0,0,1,0,0,0,0,0,0,0,0,0,0,4,3,0.0,0.001,0.0,0.0,0.876,0.06,0.005,194,15,0.946,0.042,0.09,0.072,0.0,0.0,0.0,0.0,normal
0.268,tcp,http,SF,269,2621,0,0,0,0,0,1,0,0,0,0,0,0,0,0,0,0,4,4,0.0,0.0,0.0,0.0,0.895,0.131,0.068,101,159,1.0,0.069,0.128,0.011,0.0,0.0,0.0,0.0,normal
0.009,udp,dns,SF,86,177,0,0,0,0,0,0,0,0,0,0,0,0,0,0,0,0,5,2,0.0,0.0,0.0,0.0,0.862,0.021,0.043,192,109,0.987,0.024,0.022,0.075,0.0,0.0,0.0,0.0,normal
0.275,tcp,http,SF,269,3447,0,0,0,0,0,1,0,0,0,0,0,0,0,0,0,0,5,2,0.078,0.0,0.0,0.0,0.921,0.028,0.026,21,110,0.904,0.185,0.014,0.08,0.0,0.0,0.0,0.0,normal
0.169,tcp,http,SF,220,6274,0,0,0,0,0,1,0,0,0,0,0,0,0,0,0,0,4,2,0.004,0.001,0.0,0.0,0.941,0.056,0.096,183,29,0.962,0.052,0.091,0.098,0.0,0.0,0.0,0.0,normal
4.837,tcp,http,SF,228,7871,0,0,0,0,0,1,0,0,0,0,0,0,0,0,0,0,4,2,0.001,0.001,0.0,0.0,0.861,0.043,0.01,55,107,0.801,0.157,0.065,0.053,0.0,0.0,0.0,0.0,normal
2.177,tcp,smtp,SF,697,1727,0,0,0,0,0,1,0,0,0,0,0,0,0,0,0,0,2,2,0.0,0.0,0.0,0.0,0.935,0.091,0.092,71,242,0.804,0.046,0.092,0.0,0.0,0.0,0.0,0.0,normal
1.029,tcp,http,SF,268,2292,0,0,0,0,0,1,0,0,0,0,0,0,0,0,0,0,4,4,0.0,0.0,0.0,0.0,0.931,0.068,0.06,106,26,0.909,0.102,0.027,0.053,0.0,0.0,0.0,0.0,normal
0.045,udp,dns,SF,85,156,0,0,0,0,0,0,0,0,0,0,0,0,0,0,0,0,6,1,0.0,0.001,0.0,0.0,0.929,0.132,0.051,146,251,0.874,0.0,0.094,0.022,0.0,0.0,0.0,0.0,normal
1.1,tcp,http,SF,297,2992,0,0,0,0,0,1,0,0,0,0,0,0,0,0,0,0,4,1,0.0,0.0,0.0,0.0,0.912,0.105,0.012,62,227,0.85,0.026,0.09,0.028,0.0,0.0,0.0,0.0,normal
0.987,tcp,http,SF,392,2404,0,0,0,0,0,1,0,0,0,0,0,0,0,0,0,0,4,5,0.036,0.0,0.0,0.0,0.926,0.133,0.017,35,161,0.905,0.065,0.032,0.007,0.0,0.0,0.0,0.0,normal
0.836,tcp,other,REJ,296,226,0,0,0,0,0,0,0,0,0,0,0,0,0,0,0,0,10,5,0.069,0.0,0.0,0.0,0.927,0.046,0.019,113,71,0.875,0.155,0.018,0.064,0.0,0.0,0.0,0.0,normal
0.081,tcp,http,SF,380,1575,0,0,0,0,0,1,0,0,0,0,0,0,0,0,0,0,5,3,0.011,0.0,0.0,0.0,0.877,0.146,0.066,104,155,0.944,0.151,0.062,0.058,0.0,0.0,0.0,0.0,normal
0.017,udp,dns,SF,64,136,0,0,0,0,0,0,0,0,0,0,0,0,0,0,0,0,6,3,0.003,0.0,0.0,0.0,0.908,0.06,0.002,37,99,0.879,0.119,0.072,0.017,0.0,0.0,0.0,0.0,normal
2.636,tcp,smtp,SF,936,1784,0,0,0,0,0,1,0,0,0,0,0,0,0,0,0,0,3,3,0.006,0.02,0.0,0.0,0.895,0.044,0.017,123,171,0.916,0.123,0.078,0.022,0.0,0.0,0.0,0.0,normal
5.083,tcp,http,SF,354,419,0,0,0,1,0,1,0,0,0,0,0,0,0,0,0,0,6,1,0.141,0.0,0.0,0.0,0.976,0.142,0.071,179,155,0.934,0.147,0.129,0.066,0.0,0.0,0.0,0.0,normal
33.699,tcp,ssh,SF,2626,6312,0,0,0,0,0,1,0,0,0,0,0,0,0,0,0,0,5,4,0.003,0.0,0.0,0.0,0.975,0.12,0.036,195,82,0.816,0.151,0.074,0.034,0.0,0.0,0.0,0.0,normal
0.041,udp,dns,SF,67,162,0,0,0,0,0,0,0,0,0,0,0,0,0,0,0,0,5,4,0.0,0.0,0.0,0.0,0.864,0.091,0.069,75,56,0.95,0.02,0.116,0.07,0.0,0.0,0.0,0.0,normal
6.734,tcp,http,SF,229,8706,0,0,0,0,0,1,0,0,0,0,0,0,0,0,0,0,7,1,0.0,0.0,0.0,0.0,0.932,0.001,0.067,52,216,0.833,0.169,0.102,0.01,0.0,0.0,0.0,0.0,normal
0.048,udp,dns,SF,51,95,0,0,0,0,0,0,0,0,0,0,0,0,0,0,0,0,8,2,0.0,0.005,0.0,0.0,0.852,0.058,0.018,122,54,0.91,0.049,0.056,0.072,0.0,0.0,0.0,0.0,normal
3.564,tcp,http,SF,255,431,0,0,0,0,0,1,0,0,0,0,0,0,0,0,0,0,3,4,0.0,0.0,0.0,0.0,0.926,0.036,0.087,225,223,0.932,0.015,0.035,0.062,0.0,0.0,0.0,0.0,normal
5.581,tcp,smtp,SF,577,1474,0,0,0,0,0,1,0,0,0,0,0,0,0,0,0,0,4,4,0.0,0.0,0.0,0.0,0.97,0.144,0.052,34,84,0.996,0.016,0.139,0.01,0.0,0.0,0.0,0.0,normal
0.099,udp,dns,SF,67,151,0,0,0,0,0,0,0,0,0,0,0,0,0,0,0,0,2,2,0.0,0.0,0.0,0.0,0.974,0.039,0.05,87,90,0.891,0.058,0.051,0.027,0.0,0.0,0.0,0.0,normal
0.009,udp,dns,SF,50,125,0,0,0,0,0,0,0,0,0,0,0,0,0,0,0,0,7,2,0.001,0.002,0.0,0.0,0.862,0.1,0.044,192,141,0.96,0.036,0.031,0.09,0.0,0.0,0.0,0.0,normal
5.289,tcp,http,SF,348,10026,0,0,0,0,0,1,0,0,0,0,0,0,0,0,0,0,3,4,0.0,0.0,0.0,0.0,0.872,0.112,0.063,153,218,0.995,0.161,0.038,0.083,0.0,0.0,0.0,0.0,normal
8.017,tcp,ssh,SF,2643,4373,0,0,0,0,0,1,0,0,0,0,0,0,0,0,0,0,4,3,0.002,0.018,0.0,0.0,0.947,0.044,0.016,87,248,0.973,0.182,0.115,0.006,0.0,0.0,0.0,0.0,normal
1.367,tcp,http,SF,315,1881,0,0,0,0,0,1,0,0,0,0,0,0,0,0,0,0,2,3,0.0,0.0,0.0,0.0,0.99,0.078,0.022,23,148,0.883,0.183,0.046,0.089,0.0,0.0,0.0,0.0,normal
44.216,tcp,ssh,SF,2048,5502,0,0,0,0,0,1,0,0,0,0,0,0,0,0,0,0,9,5,0.004,0.0,0.0,0.0,0.908,0.101,0.09,38,34,0.966,0.116,0.063,0.005,0.0,0.0,0.0,0.0,normal
0.763,tcp,http,SF,429,5839,0,0,0,0,0,1,0,0,0,0,0,0,0,0,0,0,3,3,0.0,0.0,0.0,0.0,0.926,0.076,0.017,150,209,0.943,0.17,0.122,0.079,0.0,0.0,0.0,0.0,normal
2.627,tcp,http,SF,218,2887,0,0,0,0,0,1,0,0,0,0,0,0,0,0,0,0,4,1,0.0,0.001,0.0,0.0,0.928,0.114,0.06,40,23,0.893,0.192,0.136,0.074,0.0,0.0,0.0,0.0,normal
0.289,tcp,http,SF,295,1517,0,0,0,0,0,1,0,0,0,0,0,0,0,0,0,0,6,3,0.0,0.001,0.0,0.0,0.991,0.061,0.055,243,12,0.942,0.174,0.003,0.084,0.0,0.0,0.0,0.0,normal
0.934,tcp,http,SF,515,4185,0,0,0,0,0,1,0,0,0,0,0,0,0,0,0,0,3,2,0.0,0.0,0.0,0.0,0.856,0.126,0.075,83,204,0.859,0.17,0.104,0.097,0.0,0.0,0.0,0.0,normal
0.044,tcp,http,SF,314,5509,0,0,0,1,0,1,0,0,0,0,0,0,0,0,0,0,5,4,0.0,0.001,0.0,0.0,0.983,0.125,0.089,231,92,0.935,0.181,0.103,0.1,0.0,0.0,0.0,0.0,normal
0.019,udp,dns,SF,69,138,0,0,0,0,0,0,0,0,0,0,0,0,0,0,0,0,4,3,0.004,0.0,0.0,0.0,0.931,0.111,0.026,223,166,0.909,0.02,0.036,0.024,0.0,0.0,0.0,0.0,normal
3.739,tcp,http,SF,337,1869,0,0,0,0,0,1,0,0,0,0,0,0,0,0,0,0,1,5,0.0,0.001,0.0,0.0,0.851,0.022,0.058,130,108,0.868,0.149,0.08,0.053,0.0,0.0,0.0,0.0,normal
7.323,tcp,ssh,SF,3260,6895,0,0,0,0,0,1,0,0,0,0,0,0,0,0,0,0,3,1,0.0,0.059,0.0,0.0,0.926,0.026,0.014,154,230,0.977,0.05,0.093,0.017,0.0,0.0,0.0,0.0,normal
0.88,tcp,smtp,SF,662,1449,0,0,0,0,0,1,0,0,0,0,0,0,0,0,0,0,11,6,0.0,0.007,0.0,0.0,0.851,0.14,0.026,213,214,0.876,0.2,0.075,0.096,0.0,0.0,0.0,0.0,normal
7.004,tcp,smtp,SF,601,1540,0,0,0,0,0,1,0,0,0,0,0,0,0,0,0,0,5,4,0.001,0.004,0.0,0.0,0.888,0.091,0.026,140,136,0.888,0.117,0.053,0.092,0.0,0.0,0.0,0.0,normal
2.74,tcp,http,SF,245,5186,0,0,0,0,0,1,0,0,0,0,0,0,0,0,0,0,6,6,0.0,0.0,0.0,0.0,0.958,0.068,0.06,23,77,0.9,0.129,0.066,0.076,0.0,0.0,0.0,0.0,normal
0.014,udp,dns,SF,63,122,0,0,0,0,0,0,0,0,0,0,0,0,0,0,0,0,4,4,0.0,0.028,0.0,0.0,0.864,0.07,0.096,149,60,0.817,0.056,0.082,0.087,0.0,0.0,0.0,0.0,normal
2.379,tcp,http,SF,477,1230,0,0,0,0,0,1,0,0,0,0,0,0,0,0,0,0,3,2,0.066,0.063,0.0,0.0,0.966,0.055,0.034,252,188,0.97,0.019,0.021,0.066,0.0,0.0,0.0,0.0,normal
0.489,tcp,http,SF,271,1016,0,0,0,0,0,1,0,0,0,0,0,0,0,0,0,0,3,6,0.005,0.001,0.0,0.0,0.884,0.035,0.077,18,89,0.906,0.043,0.032,0.059,0.0,0.0,0.0,0.0,normal
3.688,tcp,http,SF,337,3872,0,0,0,0,0,1,0,0,0,0,0,0,0,0,0,0,1,2,0.0,0.063,0.0,0.0,0.996,0.028,0.053,70,192,0.896,0.043,0.098,0.097,0.0,0.0,0.0,0.0,normal
1.367,tcp,http,SF,507,160,0,0,0,0,0,1,0,0,0,0,0,0,0,0,0,0,7,3,0.06,0.001,0.0,0.0,0.977,0.138,0.078,205,55,0.878,0.066,0.039,0.079,0.0,0.0,0.0,0.0,normal
0.185,tcp,http,SF,221,4726,0,0,0,0,0,1,0,0,0,0,0,0,0,0,0,0,1,4,0.002,0.0,0.0,0.0,0.91,0.11,0.017,197,68,0.82,0.052,0.076,0.019,0.0,0.0,0.0,0.0,normal
0.212,tcp,http,SF,497,1666,0,0,0,0,0,1,0,0,0,0,0,0,0,0,0,0,4,1,0.0,0.0,0.0,0.0,0.966,0.066,0.032,202,84,0.866,0.023,0.087,0.062,0.0,0.0,0.0,0.0,normal
76.106,tcp,ssh,SF,1673,4578,0,0,0,0,0,1,0,0,0,0,0,0,0,0,0,0,4,3,0.032,0.0,0.0,0.0,0.913,0.062,0.085,177,221,0.955,0.164,0.033,0.072,0.0,0.0,0.0,0.0,normal
3.211,tcp,http,SF,393,2313,0,0,0,0,0,1,0,0,0,0,0,0,0,0,0,0,3,3,0.0,0.018,0.0,0.0,0.861,0.134,0.025,119,68,0.879,0.021,0.003,0.091,0.0,0.0,0.0,0.0,normal
0.066,udp,dns,SF,75,183,0,0,0,0,0,0,0,0,0,0,0,0,0,0,0,0,11,2,0.001,0.008,0.0,0.0,0.986,0.046,0.082,172,225,0.835,0.077,0.116,0.001,0.0,0.0,0.0,0.0,normal
0.035,udp,dns,SF,66,146,0,0,0,0,0,0,0,0,0,0,0,0,0,0,0,0,4,2,0.0,0.0,0.0,0.0,0.974,0.146,0.009,133,64,0.945,0.007,0.043,0.084,0.0,0.0,0.0,0.0,normal
0.13,udp,dns,SF,67,91,0,0,0,0,0,0,0,0,0,0,0,0,0,0,0,0,8,2,0.0,0.001,0.0,0.0,0.962,0.107,0.077,142,66,0.914,0.155,0.015,0.025,0.0,0.0,0.0,0.0,normal
3.016,tcp,smtp,SF,661,1399,0,0,0,0,0,1,0,0,0,0,0,0,0,0,0,0,2,2,0.046,0.009,0.0,0.0,0.992,0.074,0.039,177,85,0.836,0.182,0.026,0.005,0.0,0.0,0.0,0.0,normal
0.82,tcp,http,SF,280,4793,0,0,0,0,0,1,0,0,0,0,0,0,0,0,0,0,2,5,0.0,0.0,0.0,0.0,0.874,0.105,0.017,193,14,0.837,0.015,0.042,0.076,0.0,0.0,0.0,0.0,normal
0.857,tcp,smtp,SF,625,793,0,0,0,0,0,1,0,0,0,0,0,0,0,0,0,0,5,6,0.167,0.07,0.0,0.0,0.895,0.033,0.013,131,174,0.879,0.019,0.049,0.014,0.0,0.0,0.0,0.0,normal
1.022,tcp,http,SF,438,4055,0,0,0,0,0,1,0,0,0,0,0,0,0,0,0,0,10,8,0.0,0.002,0.0,0.0,0.85,0.035,0.02,234,214,0.951,0.133,0.106,0.066,0.0,0.0,0.0,0.0,normal
0.944,tcp,http,SF,431,69,0,0,0,0,0,1,0,0,0,0,0,0,0,0,0,0,5,4,0.0,0.002,0.0,0.0,0.984,0.111,0.046,11,131,0.823,0.053,0.124,0.013,0.0,0.0,0.0,0.0,normal
0.006,udp,dns,SF,58,109,0,0,0,0,0,0,0,0,0,0,0,0,0,0,0,0,9,1,0.0,0.0,0.0,0.0,0.988,0.046,0.076,192,32,0.867,0.032,0.033,0.056,0.0,0.0,0.0,0.0,normal
0.439,tcp,http,SF,272,10129,0,0,0,0,0,1,0,0,0,0,0,0,0,0,0,0,7,3,0.004,0.0,0.0,0.0,0.984,0.127,0.028,57,103,0.992,0.078,0.049,0.02,0.0,0.0,0.0,0.0,normal
0.057,udp,dns,SF,52,100,0,0,0,0,0,0,0,0,0,0,0,0,0,0,0,0,3,2,0.052,0.0,0.0,0.0,0.932,0.047,0.004,165,18,0.916,0.141,0.058,0.029,0.0,0.0,0.0,0.0,normal
0.021,udp,dns,SF,73,143,0,0,0,0,0,0,0,0,0,0,0,0,0,0,0,0,4,1,0.017,0.053,0.0,0.0,0.891,0.142,0.098,222,78,0.925,0.044,0.059,0.062,0.0,0.0,0.0,0.0,normal
0.142,tcp,http,SF,307,1998,0,0,0,0,0,1,0,0,0,0,0,0,0,0,0,0,2,2,0.0,0.009,0.0,0.0,0.858,0.015,0.053,218,233,0.903,0.09,0.116,0.023,0.0,0.0,0.0,0.0,normal
0.035,udp,dns,SF,57,152,0,0,0,0,0,0,0,0,0,0,0,0,0,0,0,0,3,2,0.003,0.0,0.0,0.0,0.984,0.084,0.08,33,221,0.939,0.029,0.018,0.043,0.0,0.0,0.0,0.0,normal
0.611,tcp,http,SF,248,1218,0,0,0,0,0,1,0,0,0,0,0,0,0,0,0,0,2,5,0.0,0.0,0.0,0.0,0.901,0.006,0.001,112,114,0.897,0.046,0.12,0.072,0.0,0.0,0.0,0.0,normal
0.007,udp,dns,SF,55,107,0,0,0,0,0,0,0,0,0,0,0,0,0,0,0,0,4,1,0.0,0.0,0.0,0.0,0.86,0.037,0.05,224,73,0.955,0.187,0.026,0.001,0.0,0.0,0.0,0.0,normal
1.033,tcp,http,SF,379,57,0,0,0,0,0,1,0,0,0,0,0,0,0,0,0,0,5,4,0.0,0.001,0.0,0.0,0.882,0.004,0.025,183,226,0.879,0.04,0.055,0.038,0.0,0.0,0.0,0.0,normal
87.838,tcp,ssh,SF,2669,3374,0,0,0,0,0,1,0,0,0,0,0,0,0,0,0,0,5,3,0.006,0.0,0.0,0.0,0.937,0.022,0.095,114,175,0.89,0.192,0.05,0.044,0.0,0.0,0.0,0.0,normal
2.457,tcp,http,SF,336,1982,0,0,0,0,0,1,0,0,0,0,0,0,0,0,0,0,3,1,0.003,0.0,0.0,0.0,0.962,0.119,0.031,43,152,0.948,0.01,0.095,0.029,0.0,0.0,0.0,0.0,normal
6.983,tcp,smtp,SF,883,947,0,0,0,0,0,1,0,0,0,0,0,0,0,0,0,0,7,5,0.002,0.0,0.0,0.0,0.906,0.007,0.06,107,193,0.923,0.156,0.121,0.004,0.0,0.0,0.0,0.0,normal
0.0,udp,dns,SF,53,228,0,0,0,0,0,0,0,0,0,0,0,0,0,0,0,0,5,2,0.0,0.0,0.0,0.0,0.906,0.075,0.006,104,149,0.842,0.003,0.103,0.015,0.0,0.0,0.0,0.0,normal
0.043,tcp,http,SF,166,1756,0,0,0,0,0,1,0,0,0,0,0,0,0,0,0,0,4,6,0.0,0.005,0.0,0.0,0.922,0.003,0.087,245,242,0.894,0.038,0.104,0.03,0.0,0.0,0.0,0.0,normal
5.705,tcp,http,SF,238,3760,0,0,0,0,0,1,0,0,0,0,0,0,0,0,0,0,5,3,0.0,0.001,0.0,0.0,0.863,0.148,0.049,68,13,0.868,0.1,0.144,0.071,0.0,0.0,0.0,0.0,normal
3.577,tcp,http,SF,501,3901,0,0,0,0,0,1,0,0,0,0,0,0,0,0,0,0,5,4,0.0,0.0,0.0,0.0,0.925,0.041,0.093,218,100,0.833,0.189,0.059,0.048,0.0,0.0,0.0,0.0,normal
4.765,tcp,http,SF,399,5097,0,0,0,0,0,1,0,0,0,0,0,0,0,0,0,0,4,3,0.003,0.0,0.0,0.0,0.931,0.014,0.028,59,107,0.914,0.034,0.051,0.006,0.0,0.0,0.0,0.0,normal
2.89,tcp,http,SF,317,1315,0,0,0,0,0,1,0,0,0,0,0,0,0,0,0,0,1,3,0.038,0.009,0.0,0.0,0.872,0.123,0.027,50,106,0.916,0.13,0.064,0.045,0.0,0.0,0.0,0.0,normal
2.644,tcp,http,SF,604,1384,0,0,0,0,0,1,0,0,0,0,0,0,0,0,0,0,5,7,0.029,0.0,0.0,0.0,0.93,0.022,0.075,173,56,0.946,0.005,0.103,0.04,0.0,0.0,0.0,0.0,normal
0.08,udp,dns,SF,42,142,0,0,0,0,0,0,0,0,0,0,0,0,0,0,0,0,6,3,0.0,0.0,0.0,0.0,0.907,0.035,0.04,20,76,0.983,0.058,0.028,0.076,0.0,0.0,0.0,0.0,normal
1.664,tcp,http,SF,439,371,0,0,0,0,0,1,0,0,0,0,0,0,0,0,0,0,3,1,0.0,0.0,0.0,0.0,0.996,0.074,0.018,191,228,0.884,0.083,0.106,0.037,0.0,0.0,0.0,0.0,normal
0.019,udp,dns,SF,95,172,0,0,0,0,0,0,0,0,0,0,0,0,0,0,0,0,1,5,0.0,0.002,0.0,0.0,0.899,0.022,0.046,147,184,0.808,0.161,0.038,0.068,0.0,0.0,0.0,0.0,normal
0.004,udp,dns,SF,61,190,0,0,0,0,0,0,0,0,0,0,0,0,0,0,0,0,3,2,0.0,0.0,0.0,0.0,0.954,0.133,0.097,83,83,0.957,0.066,0.093,0.051,0.0,0.0,0.0,0.0,normal
7.86,tcp,smtp,SF,1014,2464,0,0,0,0,0,1,0,0,0,0,0,0,0,0,0,0,6,1,0.027,0.003,0.0,0.0,0.862,0.051,0.021,238,251,0.89,0.094,0.007,0.049,0.0,0.0,0.0,0.0,normal
13.846,tcp,ssh,SF,2454,6902,0,0,0,0,0,1,0,0,0,0,0,0,0,0,0,0,8,2,0.0,0.001,0.0,0.0,0.987,0.129,0.058,91,104,0.993,0.013,0.015,0.062,0.0,0.0,0.0,0.0,normal
0.703,tcp,http,SF,627,4149,0,0,0,0,0,1,0,0,0,0,0,0,0,0,0,0,6,4,0.002,0.0,0.0,0.0,0.889,0.019,0.077,237,27,0.908,0.078,0.113,0.064,0.0,0.0,0.0,0.0,normal
1.208,tcp,http,SF,336,10130,0,0,0,0,0,1,0,0,0,0,0,0,0,0,0,0,1,3,0.082,0.0,0.0,0.0,0.859,0.004,0.03,55,233,0.839,0.013,0.093,0.096,0.0,0.0,0.0,0.0,normal
0.055,tcp,http,SF,124,825,0,0,0,0,0,1,0,0,0,0,0,0,0,0,0,0,5,4,0.007,0.0,0.0,0.0,0.905,0.077,0.02,144,241,0.824,0.181,0.134,0.005,0.0,0.0,0.0,0.0,normal
5.724,tcp,http,SF,727,2064,0,0,0,0,0,1,0,0,0,0,0,0,0,0,0,0,5,1,0.0,0.016,0.0,0.0,0.954,0.084,0.004,60,13,0.913,0.176,0.097,0.001,0.0,0.0,0.0,0.0,normal
0.935,tcp,http,SF,231,529,0,0,0,0,0,1,0,0,0,0,0,0,0,0,0,0,3,6,0.0,0.078,0.0,0.0,0.939,0.019,0.056,211,31,0.986,0.057,0.06,0.064,0.0,0.0,0.0,0.0,normal
0.021,tcp,http,SF,285,159,0,0,0,0,0,1,0,0,0,0,0,0,0,0,0,0,4,2,0.0,0.0,0.0,0.0,0.999,0.089,0.026,213,214,0.93,0.197,0.082,0.053,0.0,0.0,0.0,0.0,normal
0.207,tcp,http,SF,242,1736,0,0,0,1,0,1,0,0,0,0,0,0,0,0,0,0,1,2,0.0,0.003,0.0,0.0,0.857,0.005,0.047,143,117,0.89,0.011,0.008,0.006,0.0,0.0,0.0,0.0,normal
5.182,tcp,http,SF,205,1284,0,0,0,0,0,1,0,0,0,0,0,0,0,0,0,0,2,2,0.074,0.0,0.0,0.0,0.985,0.122,0.032,18,91,0.935,0.11,0.058,0.005,0.0,0.0,0.0,0.0,normal
0.033,tcp,http,SF,616,1927,0,0,0,0,0,1,0,0,0,0,0,0,0,0,0,0,4,5,0.0,0.0,0.0,0.0,0.877,0.031,0.04,252,38,0.932,0.033,0.113,0.052,0.0,0.0,0.0,0.0,normal
0.429,tcp,http,SF,505,2057,0,0,0,0,0,1,0,0,0,0,0,0,0,0,0,0,2,3,0.0,0.0,0.0,0.0,0.969,0.063,0.02,216,120,0.882,0.125,0.137,0.024,0.0,0.0,0.0,0.0,normal
0.008,udp,dns,SF,77,140,0,0,0,0,0,0,0,0,0,0,0,0,0,0,0,0,3,4,0.0,0.0,0.0,0.0,0.885,0.102,0.071,43,82,0.857,0.149,0.084,0.039,0.0,0.0,0.0,0.0,normal
0.282,tcp,http,SF,310,819,0,0,0,0,0,1,0,0,0,0,0,0,0,0,0,0,3,8,0.001,0.0,0.0,0.0,0.902,0.11,0.055,98,95,0.982,0.032,0.121,0.021,0.0,0.0,0.0,0.0,normal
10.165,tcp,smtp,SF,664,933,0,0,0,0,0,1,0,0,0,0,0,0,0,0,0,0,3,2,0.002,0.0,0.0,0.0,0.867,0.054,0.06,96,89,0.858,0.086,0.029,0.06,0.0,0.0,0.0,0.0,normal
4.96,tcp,http,SF,310,1172,0,0,0,0,0,1,0,0,0,0,0,0,0,0,0,0,3,2,0.002,0.023,0.0,0.0,0.88,0.056,0.096,163,228,0.851,0.146,0.049,0.001,0.0,0.0,0.0,0.0,normal
4.5,tcp,http,SF,220,1198,0,0,0,0,0,1,0,0,0,0,0,0,0,0,0,0,1,6,0.0,0.001,0.0,0.0,0.97,0.145,0.05,248,58,0.978,0.08,0.082,0.005,0.0,0.0,0.0,0.0,normal
0.541,tcp,http,SF,450,2355,0,0,0,0,0,1,0,0,0,0,0,0,0,0,0,0,3,2,0.0,0.0,0.0,0.0,0.882,0.051,0.047,25,115,0.816,0.048,0.093,0.068,0.0,0.0,0.0,0.0,normal
0.953,tcp,http,SF,245,6148,0,0,0,0,0,1,0,0,0,0,0,0,0,0,0,0,5,4,0.0,0.0,0.0,0.0,0.903,0.104,0.027,83,14,0.88,0.044,0.117,0.082,0.0,0.0,0.0,0.0,normal
0.05,udp,dns,SF,53,225,0,0,0,0,0,0,0,0,0,0,0,0,0,0,0,0,7,5,0.0,0.017,0.0,0.0,0.897,0.149,0.02,177,208,0.883,0.13,0.138,0.059,0.0,0.0,0.0,0.0,normal
3.764,tcp,http,SF,371,544,0,0,0,0,0,1,0,0,0,0,0,0,0,0,0,0,3,4,0.0,0.024,0.0,0.0,0.923,0.15,0.017,219,199,0.846,0.148,0.03,0.053,0.0,0.0,0.0,0.0,normal
1.111,tcp,http,SF,278,4194,0,0,0,0,0,1,0,0,0,0,0,0,0,0,0,0,3,1,0.02,0.0,0.0,0.0,0.912,0.106,0.047,23,208,0.819,0.114,0.016,0.012,0.0,0.0,0.0,0.0,normal
1.153,tcp,http,SF,256,4332,0,0,0,0,0,1,0,0,0,0,0,0,0,0,0,0,2,1,0.0,0.0,0.0,0.0,0.886,0.147,0.085,236,144,0.837,0.044,0.129,0.068,0.0,0.0,0.0,0.0,normal
1.668,tcp,http,SF,382,632,0,0,0,0,0,1,0,0,0,0,0,0,0,0,0,0,5,1,0.0,0.0,0.0,0.0,0.856,0.031,0.097,176,56,0.892,0.059,0.114,0.058,0.0,0.0,0.0,0.0,normal
0.886,tcp,http,SF,310,4817,0,0,0,0,0,1,0,0,0,0,0,0,0,0,0,0,9,6,0.001,0.0,0.0,0.0,0.965,0.011,0.029,72,92,0.836,0.169,0.101,0.067,0.0,0.0,0.0,0.0,normal
82.024,tcp,ssh,SF,2525,4843,0,0,0,0,0,1,0,0,0,0,0,0,0,0,0,0,3,1,0.003,0.0,0.0,0.0,0.9,0.115,0.025,91,124,0.9,0.061,0.052,0.044,0.0,0.0,0.0,0.0,normal
1.517,tcp,http,SF,330,72,0,0,0,0,0,1,0,0,0,0,0,0,0,0,0,0,3,4,0.001,0.025,0.0,0.0,0.999,0.121,0.045,113,174,0.816,0.184,0.033,0.072,0.0,0.0,0.0,0.0,normal
139.262,tcp,ssh,SF,3377,2987,0,0,0,0,0,1,0,0,0,0,0,0,0,0,0,0,2,5,0.0,0.0,0.0,0.0,0.959,0.021,0.062,203,181,0.952,0.142,0.094,0.073,0.0,0.0,0.0,0.0,normal
2.977,tcp,http,SF,243,181,0,0,0,0,0,1,0,0,0,0,0,0,0,0,0,0,4,1,0.0,0.0,0.0,0.0,0.995,0.074,0.08,166,19,0.858,0.057,0.01,0.095,0.0,0.0,0.0,0.0,normal
1.375,tcp,http,SF,485,2952,0,0,0,0,0,1,0,0,0,0,0,0,0,0,0,0,4,4,0.0,0.0,0.0,0.0,0.941,0.048,0.021,244,246,0.916,0.113,0.005,0.092,0.0,0.0,0.0,0.0,normal
2.283,tcp,http,SF,516,521,0,0,0,0,0,1,0,0,0,0,0,0,0,0,0,0,6,6,0.0,0.0,0.0,0.0,0.901,0.064,0.015,231,130,0.989,0.046,0.103,0.004,0.0,0.0,0.0,0.0,normal
2.905,tcp,http,SF,214,4093,0,0,0,0,0,1,0,0,0,0,0,0,0,0,0,0,2,3,0.0,0.014,0.0,0.0,0.908,0.039,0.038,134,153,0.895,0.01,0.053,0.049,0.0,0.0,0.0,0.0,normal
3.379,tcp,smtp,SF,617,849,0,0,0,0,0,1,0,0,0,0,0,0,0,0,0,0,8,2,0.002,0.0,0.0,0.0,0.909,0.051,0.062,202,24,0.929,0.175,0.109,0.042,0.0,0.0,0.0,0.0,normal
0.025,udp,dns,SF,50,146,0,0,0,0,0,0,0,0,0,0,0,0,0,0,0,0,3,3,0.0,0.013,0.0,0.0,0.976,0.092,0.084,187,89,0.99,0.035,0.034,0.016,0.0,0.0,0.0,0.0,normal
3.48,tcp,http,SF,287,2176,0,0,0,0,0,1,0,0,0,0,0,0,0,0,0,0,5,2,0.0,0.0,0.0,0.0,0.942,0.13,0.054,75,47,0.862,0.157,0.093,0.077,0.0,0.0,0.0,0.0,normal
1.09,tcp,http,SF,198,1297,0,0,0,0,0,1,0,0,0,0,0,0,0,0,0,0,3,5,0.0,0.06,0.0,0.0,0.869,0.001,0.071,132,210,0.886,0.085,0.126,0.019,0.0,0.0,0.0,0.0,normal
0.427,tcp,smtp,SF,1279,1059,0,0,0,0,0,1,0,0,0,0,0,0,0,0,0,0,7,4,0.0,0.0,0.0,0.0,0.907,0.109,0.081,80,205,0.934,0.149,0.085,0.046,0.0,0.0,0.0,0.0,normal
0.093,tcp,http,SF,643,1680,0,0,0,0,0,1,0,0,0,0,0,0,0,0,0,0,3,4,0.014,0.0,0.0,0.0,0.924,0.101,0.045,184,47,0.885,0.106,0.098,0.085,0.0,0.0,0.0,0.0,normal
2.423,tcp,smtp,SF,574,1034,0,0,0,0,0,1,0,0,0,0,0,0,0,0,0,0,3,4,0.222,0.0,0.0,0.0,0.992,0.139,0.082,40,47,0.979,0.061,0.086,0.097,0.0,0.0,0.0,0.0,normal
0.009,udp,dns,SF,74,121,0,0,0,0,0,0,0,0,0,0,0,0,0,0,0,0,4,5,0.056,0.0,0.0,0.0,0.925,0.013,0.015,168,113,0.836,0.155,0.048,0.005,0.0,0.0,0.0,0.0,normal
0.012,udp,dns,SF,57,148,0,0,0,0,0,0,0,0,0,0,0,0,0,0,0,0,5,3,0.0,0.004,0.0,0.0,0.91,0.065,0.016,112,125,0.956,0.014,0.048,0.093,0.0,0.0,0.0,0.0,normal
0.366,tcp,http,SF,430,25190,0,0,0,0,0,1,0,0,0,0,0,0,0,0,0,0,2,1,0.004,0.002,0.0,0.0,0.991,0.032,0.024,182,152,0.885,0.178,0.064,0.014,0.0,0.0,0.0,0.0,normal
5.4,tcp,http,SF,518,2367,0,0,0,0,0,1,0,0,0,0,0,0,0,0,0,0,3,3,0.001,0.0,0.0,0.0,0.862,0.031,0.079,142,94,0.8,0.064,0.1,0.097,0.0,0.0,0.0,0.0,normal
11.067,tcp,http,SF,323,3159,0,0,0,0,0,1,0,0,0,0,0,0,0,0,0,0,3,2,0.015,0.0,0.0,0.0,0.929,0.11,0.07,142,144,0.957,0.122,0.128,0.012,0.0,0.0,0.0,0.0,normal
1.696,tcp,http,SF,333,4199,0,0,0,0,0,1,0,0,0,0,0,0,0,0,0,0,2,6,0.002,0.0,0.0,0.0,0.952,0.044,0.078,249,25,0.947,0.077,0.045,0.052,0.0,0.0,0.0,0.0,normal
3.169,tcp,http,SF,348,314,0,0,0,0,0,1,0,0,0,0,0,0,0,0,0,0,7,3,0.0,0.0,0.0,0.0,0.857,0.091,0.038,36,205,0.959,0.137,0.04,0.017,0.0,0.0,0.0,0.0,normal
1.952,tcp,http,SF,393,5902,0,0,0,0,0,1,0,0,0,0,0,0,0,0,0,0,4,1,0.0,0.003,0.0,0.0,0.95,0.064,0.031,241,86,0.979,0.015,0.047,0.05,0.0,0.0,0.0,0.0,normal
2.404,tcp,http,SF,389,539,0,0,0,0,0,1,0,0,0,0,0,0,0,0,0,0,6,4,0.03,0.0,0.0,0.0,0.927,0.138,0.079,211,25,0.963,0.014,0.002,0.055,0.0,0.0,0.0,0.0,normal
0.086,udp,dns,SF,89,166,0,0,0,0,0,0,0,0,0,0,0,0,0,0,0,0,4,2,0.0,0.001,0.0,0.0,0.963,0.146,0.026,212,166,0.953,0.109,0.044,0.021,0.0,0.0,0.0,0.0,normal
0.845,tcp,http,SF,205,1529,0,0,0,0,0,1,0,0,0,0,0,0,0,0,0,0,1,2,0.001,0.0,0.0,0.0,0.996,0.0,0.029,116,21,0.909,0.113,0.096,0.014,0.0,0.0,0.0,0.0,normal
0.021,tcp,other,SF,207,247,0,0,0,0,0,0,0,0,0,0,0,0,0,0,0,0,6,3,0.0,0.022,0.0,0.0,0.927,0.101,0.079,90,154,0.808,0.102,0.09,0.088,0.0,0.0,0.0,0.0,normal
0.03,tcp,http,SF,246,588,0,0,0,0,0,1,0,0,0,0,0,0,0,0,0,0,5,1,0.0,0.0,0.0,0.0,0.892,0.024,0.098,212,20,0.963,0.004,0.073,0.064,0.0,0.0,0.0,0.0,normal
1.537,tcp,http,SF,229,5,0,0,0,0,0,1,0,0,0,0,0,0,0,0,0,0,6,2,0.0,0.0,0.0,0.0,0.948,0.091,0.013,152,32,0.837,0.175,0.14,0.052,0.0,0.0,0.0,0.0,normal
1.18,tcp,http,SF,342,5038,0,0,0,0,0,1,0,0,0,0,0,0,0,0,0,0,5,1,0.0,0.0,0.0,0.0,0.899,0.036,0.045,237,51,0.864,0.185,0.092,0.099,0.0,0.0,0.0,0.0,normal
1.073,tcp,other,SF,138,166,0,0,0,0,0,0,0,0,0,0,0,0,0,0,0,0,4,1,0.0,0.004,0.0,0.0,0.957,0.046,0.039,236,181,0.962,0.072,0.094,0.066,0.0,0.0,0.0,0.0,normal
0.153,udp,dns,SF,73,107,0,0,0,0,0,0,0,0,0,0,0,0,0,0,0,0,6,4,0.008,0.005,0.0,0.0,0.899,0.004,0.0,156,190,0.967,0.161,0.084,0.063,0.0,0.0,0.0,0.0,normal
5.297,tcp,http,SF,259,544,0,0,0,0,0,1,0,0,0,0,0,0,0,0,0,0,8,1,0.0,0.0,0.0,0.0,0.968,0.054,0.022,11,63,0.933,0.155,0.118,0.087,0.0,0.0,0.0,0.0,normal
3.354,tcp,http,SF,429,4848,0,0,0,0,0,1,0,0,0,0,0,0,0,0,0,0,2,1,0.0,0.0,0.0,0.0,0.977,0.141,0.079,46,154,0.86,0.007,0.11,0.096,0.0,0.0,0.0,0.0,normal
3.619,tcp,http,SF,363,2311,0,0,0,0,0,1,0,0,0,0,0,0,0,0,0,0,3,1,0.0,0.0,0.0,0.0,0.933,0.117,0.006,113,56,0.941,0.067,0.036,0.003,0.0,0.0,0.0,0.0,normal
3.642,tcp,http,SF,212,932,0,0,0,0,0,1,0,0,0,0,0,0,0,0,0,0,2,3,0.0,0.0,0.0,0.0,0.962,0.052,0.089,38,131,0.826,0.039,0.132,0.013,0.0,0.0,0.0,0.0,normal
1.392,tcp,http,SF,416,5774,0,0,0,0,0,1,0,0,0,0,0,0,0,0,0,0,3,2,0.0,0.0,0.0,0.0,0.989,0.138,0.049,51,202,0.84,0.079,0.034,0.008,0.0,0.0,0.0,0.0,normal
1.184,tcp,http,SF,221,357,0,0,0,0,0,1,0,0,0,0,0,0,0,0,0,0,4,7,0.0,0.0,0.0,0.0,0.945,0.093,0.032,175,53,0.855,0.178,0.039,0.049,0.0,0.0,0.0,0.0,normal
3.172,tcp,http,SF,157,7407,0,0,0,0,0,1,0,0,0,0,0,0,0,0,0,0,4,1,0.0,0.0,0.0,0.0,0.95,0.101,0.01,235,62,0.947,0.096,0.095,0.006,0.0,0.0,0.0,0.0,normal
0.866,tcp,http,SF,395,11711,0,0,0,0,0,1,0,0,0,0,0,0,0,0,0,0,6,4,0.009,0.0,0.0,0.0,0.888,0.063,0.074,220,180,0.988,0.16,0.049,0.086,0.0,0.0,0.0,0.0,normal
0.069,udp,dns,SF,48,130,0,0,0,0,0,0,0,0,0,0,0,0,0,0,0,0,5,2,0.0,0.0,0.0,0.0,0.859,0.139,0.006,207,36,0.981,0.13,0.049,0.059,0.0,0.0,0.0,0.0,normal
0.739,tcp,http,SF,410,270,0,0,0,0,0,1,0,0,0,0,0,0,0,0,0,0,4,2,0.0,0.0,0.0,0.0,0.944,0.051,0.055,36,238,0.933,0.03,0.146,0.09,0.0,0.0,0.0,0.0,normal
0.576,tcp,http,SF,320,3948,0,0,0,0,0,1,0,0,0,0,0,0,0,0,0,0,5,8,0.0,0.0,0.0,0.0,0.971,0.012,0.025,28,79,0.805,0.133,0.105,0.041,0.0,0.0,0.0,0.0,normal
0.015,udp,dns,SF,45,104,0,0,0,0,0,0,0,0,0,0,0,0,0,0,0,0,3,1,0.0,0.0,0.0,0.0,0.891,0.09,0.003,55,129,0.93,0.093,0.147,0.016,0.0,0.0,0.0,0.0,normal
0.714,tcp,http,SF,402,6774,0,0,0,0,0,1,0,0,0,0,0,0,0,0,0,0,7,2,0.0,0.0,0.0,0.0,0.949,0.15,0.003,249,196,0.971,0.049,0.114,0.01,0.0,0.0,0.0,0.0,normal
1.163,tcp,other,SF,252,290,0,0,0,0,0,0,0,0,0,0,0,0,0,0,0,0,4,9,0.016,0.009,0.0,0.0,0.872,0.035,0.099,60,189,0.954,0.163,0.088,0.044,0.0,0.0,0.0,0.0,normal
1.163,tcp,http,SF,279,12922,0,0,0,0,0,1,0,0,0,0,0,0,0,0,0,0,5,2,0.001,0.0,0.0,0.0,0.924,0.053,0.015,107,229,0.85,0.159,0.113,0.067,0.0,0.0,0.0,0.0,normal
0.137,tcp,http,SF,339,8255,0,0,0,0,0,1,0,0,0,0,0,0,0,0,0,0,1,3,0.0,0.001,0.0,0.0,0.977,0.087,0.025,132,148,0.849,0.107,0.121,0.073,0.0,0.0,0.0,0.0,normal
4.703,tcp,http,SF,134,718,0,0,0,0,0,1,0,0,0,0,0,0,0,0,0,0,4,4,0.003,0.007,0.0,0.0,0.915,0.088,0.068,52,38,0.954,0.003,0.147,0.057,0.0,0.0,0.0,0.0,normal
0.528,tcp,http,SF,310,1829,0,0,0,0,0,1,0,0,0,0,0,0,0,0,0,0,2,2,0.023,0.0,0.0,0.0,0.98,0.031,0.003,11,159,0.996,0.136,0.038,0.087,0.0,0.0,0.0,0.0,normal
0.976,tcp,http,SF,323,86,0,0,0,0,0,1,0,0,0,0,0,0,0,0,0,0,8,3,0.0,0.001,0.0,0.0,0.935,0.149,0.077,56,178,0.973,0.198,0.122,0.081,0.0,0.0,0.0,0.0,normal
2.351,tcp,http,SF,742,6026,0,0,0,0,0,1,0,0,0,0,0,0,0,0,0,0,4,5,0.0,0.001,0.0,0.0,0.891,0.121,0.035,157,147,0.923,0.059,0.053,0.004,0.0,0.0,0.0,0.0,normal
1.605,tcp,http,SF,274,140,0,0,0,0,0,1,0,0,0,0,0,0,0,0,0,0,4,1,0.002,0.008,0.0,0.0,0.881,0.078,0.036,75,39,0.947,0.06,0.018,0.088,0.0,0.0,0.0,0.0,normal
0.401,tcp,http,SF,503,154,0,0,0,0,0,1,0,0,0,0,0,0,0,0,0,0,9,5,0.0,0.0,0.0,0.0,0.876,0.029,0.041,217,97,0.82,0.172,0.139,0.014,0.0,0.0,0.0,0.0,normal
0.573,tcp,http,SF,367,304,0,0,0,0,0,1,0,0,0,0,0,0,0,0,0,0,4,1,0.0,0.0,0.0,0.0,0.912,0.065,0.09,87,158,0.902,0.147,0.047,0.003,0.0,0.0,0.0,0.0,normal
3.03,tcp,http,SF,303,3591,0,0,0,0,0,1,0,0,0,0,0,0,0,0,0,0,5,5,0.11,0.048,0.0,0.0,0.859,0.116,0.013,191,137,0.872,0.11,0.104,0.021,0.0,0.0,0.0,0.0,normal
0.298,tcp,http,SF,488,20110,0,0,0,0,0,1,0,0,0,0,0,0,0,0,0,0,4,4,0.0,0.018,0.0,0.0,0.929,0.101,0.022,220,105,0.966,0.022,0.069,0.032,0.0,0.0,0.0,0.0,normal
7.811,tcp,smtp,SF,1357,972,0,0,0,0,0,1,0,0,0,0,0,0,0,0,0,0,2,2,0.0,0.001,0.0,0.0,0.949,0.101,0.085,51,34,0.942,0.024,0.006,0.064,0.0,0.0,0.0,0.0,normal
0.999,tcp,smtp,SF,873,1735,0,0,0,0,0,1,0,0,0,0,0,0,0,0,0,0,4,4,0.0,0.0,0.0,0.0,0.962,0.114,0.009,78,253,0.816,0.177,0.029,0.002,0.0,0.0,0.0,0.0,normal
0.055,udp,dns,SF,63,100,0,0,0,0,0,0,0,0,0,0,0,0,0,0,0,0,3,2,0.004,0.0,0.0,0.0,0.982,0.062,0.061,232,44,0.905,0.085,0.073,0.018,0.0,0.0,0.0,0.0,normal
3.795,tcp,http,SF,251,3572,0,0,0,0,0,1,0,0,0,0,0,0,0,0,0,0,5,4,0.0,0.093,0.0,0.0,0.915,0.016,0.05,27,244,0.855,0.011,0.111,0.045,0.0,0.0,0.0,0.0,normal
2.006,tcp,http,SF,194,15413,0,0,0,0,0,1,0,0,0,0,0,0,0,0,0,0,3,4,0.0,0.001,0.0,0.0,0.865,0.008,0.003,125,16,0.899,0.036,0.101,0.048,0.0,0.0,0.0,0.0,normal
0.02,udp,dns,SF,63,147,0,0,0,0,0,0,0,0,0,0,0,0,0,0,0,0,2,4,0.004,0.0,0.0,0.0,0.982,0.031,0.056,192,88,0.987,0.11,0.098,0.008,0.0,0.0,0.0,0.0,normal
225.227,tcp,ssh,SF,3208,3403,0,0,0,0,0,1,0,0,0,0,0,0,0,0,0,0,4,5,0.0,0.0,0.0,0.0,0.872,0.057,0.094,155,65,0.94,0.184,0.118,0.095,0.0,0.0,0.0,0.0,normal
1.009,tcp,http,SF,211,962,0,0,0,0,0,1,0,0,0,0,0,0,0,0,0,0,6,8,0.002,0.002,0.0,0.0,0.875,0.021,0.094,90,122,0.907,0.076,0.004,0.007,0.0,0.0,0.0,0.0,normal
0.118,tcp,http,SF,279,751,0,0,0,0,0,1,0,0,0,0,0,0,0,0,0,0,3,4,0.0,0.0,0.0,0.0,0.888,0.063,0.089,105,96,0.857,0.183,0.048,0.012,0.0,0.0,0.0,0.0,normal
2.813,tcp,http,SF,291,831,0,0,0,0,0,1,0,0,0,0,0,0,0,0,0,0,4,5,0.003,0.001,0.0,0.0,0.93,0.107,0.031,86,63,0.826,0.053,0.1,0.061,0.0,0.0,0.0,0.0,normal
0.758,tcp,http,SF,476,1603,0,0,0,0,0,1,0,0,0,0,0,0,0,0,0,0,4,5,0.003,0.0,0.0,0.0,0.894,0.079,0.064,126,184,0.842,0.123,0.127,0.08,0.0,0.0,0.0,0.0,normal
0.954,tcp,http,SF,513,60,0,0,0,0,0,1,0,0,0,0,0,0,0,0,0,0,6,4,0.0,0.001,0.0,0.0,0.873,0.123,0.015,133,50,0.847,0.142,0.029,0.032,0.0,0.0,0.0,0.0,normal
0.054,udp,dns,SF,83,151,0,0,0,0,0,0,0,0,0,0,0,0,0,0,0,0,3,1,0.0,0.0,0.0,0.0,0.999,0.018,0.041,221,69,0.913,0.072,0.132,0.094,0.0,0.0,0.0,0.0,normal
0.026,udp,dns,SF,73,123,0,0,0,0,0,0,0,0,0,0,0,0,0,0,0,0,2,4,0.0,0.0,0.0,0.0,0.992,0.01,0.094,172,100,0.94,0.081,0.092,0.067,0.0,0.0,0.0,0.0,normal
0.186,tcp,http,SF,285,1180,0,0,0,0,0,1,0,0,0,0,0,0,0,0,0,0,3,3,0.001,0.0,0.0,0.0,0.933,0.077,0.047,85,127,0.867,0.051,0.04,0.091,0.0,0.0,0.0,0.0,normal
2.172,tcp,smtp,SF,453,2004,0,0,0,0,0,1,0,0,0,0,0,0,0,0,0,0,7,3,0.001,0.011,0.0,0.0,0.953,0.131,0.023,38,155,0.934,0.177,0.116,0.091,0.0,0.0,0.0,0.0,normal
0.337,tcp,http,SF,376,2860,0,0,0,0,0,1,0,0,0,0,0,0,0,0,0,0,2,1,0.0,0.0,0.0,0.0,0.852,0.123,0.075,101,79,0.852,0.038,0.143,0.085,0.0,0.0,0.0,0.0,normal
8.681,tcp,http,SF,201,3245,0,0,0,0,0,1,0,0,0,0,0,0,0,0,0,0,4,2,0.0,0.034,0.0,0.0,0.898,0.041,0.087,231,228,0.883,0.052,0.02,0.072,0.0,0.0,0.0,0.0,normal
0.146,udp,dns,SF,63,100,0,0,0,0,0,0,0,0,0,0,0,0,0,0,0,0,4,5,0.0,0.0,0.0,0.0,0.979,0.133,0.081,192,196,0.833,0.054,0.106,0.03,0.0,0.0,0.0,0.0,normal
0.98,tcp,http,SF,232,4004,0,0,0,0,0,1,0,0,0,0,0,0,0,0,0,0,6,5,0.0,0.0,0.0,0.0,0.891,0.026,0.035,201,28,0.972,0.083,0.139,0.005,0.0,0.0,0.0,0.0,normal
0.189,tcp,http,SF,282,907,0,0,0,0,0,1,0,0,0,0,0,0,0,0,0,0,2,6,0.0,0.0,0.0,0.0,0.922,0.007,0.026,12,87,0.946,0.079,0.057,0.045,0.0,0.0,0.0,0.0,normal
0.987,tcp,http,SF,448,2052,0,0,0,0,0,1,0,0,0,0,0,0,0,0,0,0,3,1,0.0,0.01,0.0,0.0,0.966,0.104,0.021,239,197,0.901,0.197,0.078,0.029,0.0,0.0,0.0,0.0,normal
5.433,tcp,http,SF,403,4529,0,0,0,0,0,1,0,0,0,0,0,0,0,0,0,0,1,1,0.0,0.0,0.0,0.0,0.864,0.126,0.073,104,46,0.868,0.067,0.02,0.038,0.0,0.0,0.0,0.0,normal
2.741,tcp,http,SF,119,1613,0,0,0,0,0,1,0,0,0,0,0,0,0,0,0,0,1,2,0.0,0.031,0.0,0.0,0.886,0.015,0.041,44,59,0.948,0.151,0.044,0.08,0.0,0.0,0.0,0.0,normal
0.576,tcp,http,SF,275,1862,0,0,0,0,0,1,0,0,0,0,0,0,0,0,0,0,1,4,0.0,0.008,0.0,0.0,0.866,0.071,0.02,119,153,0.814,0.101,0.026,0.042,0.0,0.0,0.0,0.0,normal
0.082,udp,dns,SF,54,160,0,0,0,0,0,0,0,0,0,0,0,0,0,0,0,0,6,5,0.0,0.001,0.0,0.0,0.915,0.06,0.09,170,240,0.907,0.053,0.12,0.018,0.0,0.0,0.0,0.0,normal
2.757,tcp,http,SF,143,2446,0,0,0,0,0,1,0,0,0,0,0,0,0,0,0,0,3,4,0.032,0.001,0.0,0.0,0.938,0.093,0.094,253,76,0.958,0.162,0.01,0.072,0.0,0.0,0.0,0.0,normal
4.985,tcp,smtp,SF,737,769,0,0,0,0,0,1,0,0,0,0,0,0,0,0,0,0,1,5,0.018,0.042,0.0,0.0,0.918,0.049,0.035,35,114,0.987,0.099,0.061,0.064,0.0,0.0,0.0,0.0,normal
0.016,udp,dns,SF,64,93,0,0,0,0,0,0,0,0,0,0,0,0,0,0,0,0,3,4,0.003,0.0,0.0,0.0,0.945,0.085,0.046,210,143,0.847,0.1,0.091,0.038,0.0,0.0,0.0,0.0,normal
0.166,udp,dns,SF,108,114,0,0,0,0,0,0,0,0,0,0,0,0,0,0,0,0,2,4,0.0,0.0,0.0,0.0,0.979,0.023,0.061,67,86,0.871,0.002,0.08,0.099,0.0,0.0,0.0,0.0,normal
0.241,tcp,http,SF,541,1722,0,0,0,0,0,1,0,0,0,0,0,0,0,0,0,0,4,6,0.018,0.0,0.0,0.0,0.923,0.003,0.048,251,102,0.803,0.125,0.047,0.058,0.0,0.0,0.0,0.0,normal
7.34,tcp,http,SF,406,5236,0,0,0,0,0,1,0,0,0,0,0,0,0,0,0,0,3,2,0.0,0.0,0.0,0.0,0.933,0.03,0.085,218,126,0.954,0.001,0.067,0.034,0.0,0.0,0.0,0.0,normal
0.086,tcp,other,REJ,279,289,0,0,0,0,0,0,0,0,0,0,0,0,0,0,0,0,8,3,0.0,0.007,0.0,0.0,0.913,0.101,0.095,251,253,0.938,0.082,0.01,0.059,0.0,0.0,0.0,0.0,normal
0.728,tcp,http,SF,410,5065,0,0,0,0,0,1,0,0,0,0,0,0,0,0,0,0,3,1,0.0,0.0,0.0,0.0,0.898,0.097,0.049,242,228,0.912,0.132,0.022,0.025,0.0,0.0,0.0,0.0,normal
0.046,tcp,http,SF,248,2638,0,0,0,0,0,1,0,0,0,0,0,0,0,0,0,0,2,7,0.0,0.0,0.0,0.0,0.886,0.073,0.011,99,55,0.805,0.101,0.123,0.081,0.0,0.0,0.0,0.0,normal
1.765,tcp,http,SF,453,14563,0,0,0,0,0,1,0,0,0,0,0,0,0,0,0,0,4,1,0.0,0.0,0.0,0.0,0.999,0.087,0.006,231,37,0.903,0.184,0.015,0.057,0.0,0.0,0.0,0.0,normal
235.171,tcp,ssh,SF,1236,3598,0,0,0,0,0,1,0,0,0,0,0,0,0,0,0,0,1,5,0.0,0.01,0.0,0.0,0.948,0.067,0.012,70,25,0.989,0.17,0.048,0.064,0.0,0.0,0.0,0.0,normal
0.288,tcp,http,SF,310,2309,0,0,0,0,0,1,0,0,0,0,0,0,0,0,0,0,2,1,0.0,0.014,0.0,0.0,0.973,0.103,0.095,87,199,0.834,0.013,0.069,0.044,0.0,0.0,0.0,0.0,normal
5.536,tcp,http,SF,385,3798,0,0,0,1,0,1,0,0,0,0,0,0,0,0,0,0,5,4,0.002,0.001,0.0,0.0,0.86,0.043,0.07,40,61,0.824,0.197,0.085,0.027,0.0,0.0,0.0,0.0,normal
0.025,udp,dns,SF,66,157,0,0,0,0,0,0,0,0,0,0,0,0,0,0,0,0,5,1,0.0,0.0,0.0,0.0,0.99,0.113,0.018,123,169,0.919,0.17,0.03,0.072,0.0,0.0,0.0,0.0,normal
0.231,udp,dns,SF,88,163,0,0,0,0,0,0,0,0,0,0,0,0,0,0,0,0,3,3,0.0,0.0,0.0,0.0,0.908,0.136,0.037,100,76,0.992,0.143,0.055,0.075,0.0,0.0,0.0,0.0,normal
0.028,udp,dns,SF,50,302,0,0,0,0,0,0,0,0,0,0,0,0,0,0,0,0,6,5,0.008,0.111,0.0,0.0,0.939,0.067,0.045,125,120,0.864,0.108,0.005,0.085,0.0,0.0,0.0,0.0,normal
0.125,udp,dns,SF,66,170,0,0,0,0,0,0,0,0,0,0,0,0,0,0,0,0,6,2,0.0,0.071,0.0,0.0,0.938,0.138,0.075,73,190,0.855,0.159,0.116,0.008,0.0,0.0,0.0,0.0,normal
0.001,udp,dns,SF,65,75,0,0,0,0,0,0,0,0,0,0,0,0,0,0,0,0,2,2,0.0,0.0,0.0,0.0,0.949,0.068,0.042,155,73,0.98,0.143,0.079,0.042,0.0,0.0,0.0,0.0,normal
2.865,tcp,http,SF,289,3253,0,0,0,0,0,1,0,0,0,0,0,0,0,0,0,0,1,3,0.0,0.0,0.0,0.0,0.874,0.14,0.026,19,194,0.928,0.11,0.127,0.061,0.0,0.0,0.0,0.0,normal
8.33,tcp,http,SF,219,2069,0,0,0,0,0,1,0,0,0,0,0,0,0,0,0,0,8,1,0.026,0.001,0.0,0.0,0.939,0.021,0.095,77,229,0.998,0.102,0.052,0.038,0.0,0.0,0.0,0.0,normal
4.618,tcp,http,SF,376,763,0,0,0,0,0,1,0,0,0,0,0,0,0,0,0,0,7,3,0.0,0.011,0.0,0.0,0.918,0.131,0.052,118,108,0.852,0.146,0.093,0.081,0.0,0.0,0.0,0.0,normal
3.397,tcp,http,SF,556,2840,0,0,0,0,0,1,0,0,0,0,0,0,0,0,0,0,3,1,0.185,0.0,0.0,0.0,0.911,0.088,0.009,47,164,0.98,0.132,0.098,0.049,0.0,0.0,0.0,0.0,normal
32.312,tcp,ssh,SF,2877,3787,0,0,0,0,0,1,0,0,0,0,0,0,0,0,0,0,2,2,0.11,0.0,0.0,0.0,0.993,0.043,0.023,156,230,0.865,0.145,0.005,0.092,0.0,0.0,0.0,0.0,normal
1.2,tcp,http,SF,281,3203,0,0,0,0,0,1,0,0,0,0,0,0,0,0,0,0,4,1,0.009,0.0,0.0,0.0,0.972,0.081,0.046,250,42,0.903,0.053,0.019,0.053,0.0,0.0,0.0,0.0,normal
6.218,tcp,http,SF,435,687,0,0,0,0,0,1,0,0,0,0,0,0,0,0,0,0,3,4,0.0,0.012,0.0,0.0,0.938,0.081,0.048,13,206,0.976,0.051,0.02,0.081,0.0,0.0,0.0,0.0,normal
0.597,tcp,http,SF,230,973,0,0,0,0,0,1,0,0,0,0,0,0,0,0,0,0,1,5,0.0,0.0,0.0,0.0,0.992,0.125,0.088,116,184,0.931,0.18,0.081,0.092,0.0,0.0,0.0,0.0,normal
0.005,udp,dns,SF,40,193,0,0,0,0,0,0,0,0,0,0,0,0,0,0,0,0,3,5,0.0,0.0,0.0,0.0,0.895,0.071,0.066,206,248,0.869,0.065,0.094,0.067,0.0,0.0,0.0,0.0,normal
1.123,tcp,http,SF,202,2140,0,0,0,0,0,1,0,0,0,0,0,0,0,0,0,0,2,1,0.0,0.001,0.0,0.0,0.855,0.017,0.076,159,50,0.899,0.02,0.035,0.088,0.0,0.0,0.0,0.0,normal
4.722,tcp,http,SF,307,567,0,0,0,0,0,1,0,0,0,0,0,0,0,0,0,0,7,2,0.0,0.001,0.0,0.0,0.95,0.102,0.06,239,236,0.842,0.053,0.012,0.094,0.0,0.0,0.0,0.0,normal
9.294,tcp,ssh,SF,2283,3560,0,0,0,0,0,1,0,0,0,0,0,0,0,0,0,0,5,1,0.013,0.0,0.0,0.0,0.992,0.014,0.045,26,126,0.851,0.099,0.053,0.025,0.0,0.0,0.0,0.0,normal
0.036,udp,dns,SF,67,188,0,0,0,0,0,0,0,0,0,0,0,0,0,0,0,0,5,3,0.0,0.0,0.0,0.0,0.874,0.016,0.046,170,94,0.809,0.013,0.045,0.078,0.0,0.0,0.0,0.0,normal
3.393,tcp,http,SF,504,328,0,0,0,0,0,1,0,0,0,0,0,0,0,0,0,0,4,2,0.0,0.0,0.0,0.0,0.982,0.133,0.053,239,223,0.815,0.025,0.061,0.069,0.0,0.0,0.0,0.0,normal
0.025,tcp,http,SF,488,5864,0,0,0,0,0,1,0,0,0,0,0,0,0,0,0,0,4,4,0.079,0.0,0.0,0.0,0.901,0.068,0.037,162,19,0.939,0.154,0.047,0.097,0.0,0.0,0.0,0.0,normal
0.126,udp,dns,SF,58,157,0,0,0,0,0,0,0,0,0,0,0,0,0,0,0,0,1,4,0.0,0.0,0.0,0.0,0.978,0.118,0.004,232,91,0.901,0.015,0.087,0.098,0.0,0.0,0.0,0.0,normal
0.7,tcp,http,SF,183,881,0,0,0,0,0,1,0,0,0,0,0,0,0,0,0,0,2,5,0.017,0.0,0.0,0.0,0.867,0.026,0.006,156,169,0.923,0.085,0.02,0.002,0.0,0.0,0.0,0.0,normal
0.413,tcp,other,SF,198,356,0,0,0,0,0,0,0,0,0,0,0,0,0,0,0,0,5,1,0.003,0.001,0.0,0.0,0.887,0.031,0.011,57,171,0.98,0.027,0.016,0.09,0.0,0.0,0.0,0.0,normal
35.444,tcp,ssh,SF,2922,2795,0,0,0,0,0,1,0,0,0,0,0,0,0,0,0,0,4,3,0.0,0.0,0.0,0.0,0.857,0.077,0.065,249,13,0.814,0.055,0.057,0.035,0.0,0.0,0.0,0.0,normal
7.741,tcp,smtp,SF,646,1225,0,0,0,0,0,1,0,0,0,0,0,0,0,0,0,0,4,4,0.002,0.0,0.0,0.0,0.996,0.04,0.069,59,97,0.92,0.163,0.138,0.043,0.0,0.0,0.0,0.0,normal
6.529,tcp,http,SF,461,653,0,0,0,0,0,1,0,0,0,0,0,0,0,0,0,0,7,7,0.0,0.0,0.0,0.0,0.969,0.078,0.017,74,69,0.87,0.096,0.126,0.099,0.0,0.0,0.0,0.0,normal
2.063,tcp,http,SF,322,2517,0,0,0,0,0,1,0,0,0,0,0,0,0,0,0,0,5,2,0.0,0.0,0.0,0.0,0.919,0.038,0.067,56,200,0.987,0.08,0.103,0.027,0.0,0.0,0.0,0.0,normal
0.068,udp,dns,SF,56,142,0,0,0,0,0,0,0,0,0,0,0,0,0,0,0,0,7,1,0.0,0.0,0.0,0.0,0.906,0.089,0.097,229,166,0.979,0.033,0.043,0.089,0.0,0.0,0.0,0.0,normal
0.021,tcp,http,SF,431,2979,0,0,0,0,0,1,0,0,0,0,0,0,0,0,0,0,4,1,0.0,0.207,0.0,0.0,0.974,0.095,0.021,188,193,0.97,0.15,0.131,0.006,0.0,0.0,0.0,0.0,normal
2.955,tcp,http,SF,431,6727,0,0,0,0,0,1,0,0,0,0,0,0,0,0,0,0,6,3,0.004,0.0,0.0,0.0,0.924,0.115,0.075,153,70,0.982,0.154,0.013,0.057,0.0,0.0,0.0,0.0,normal
1.835,tcp,http,SF,525,7558,0,0,0,0,0,1,0,0,0,0,0,0,0,0,0,0,4,2,0.0,0.0,0.0,0.0,0.943,0.125,0.05,239,240,0.989,0.067,0.132,0.042,0.0,0.0,0.0,0.0,normal
0.985,tcp,http,SF,229,3408,0,0,0,0,0,1,0,0,0,0,0,0,0,0,0,0,6,4,0.0,0.0,0.0,0.0,0.963,0.135,0.016,22,234,0.908,0.09,0.119,0.078,0.0,0.0,0.0,0.0,normal
1.486,tcp,http,SF,321,6060,0,0,0,0,0,1,0,0,0,0,0,0,0,0,0,0,9,2,0.001,0.009,0.0,0.0,0.983,0.015,0.065,66,177,0.844,0.046,0.125,0.042,0.0,0.0,0.0,0.0,normal
0.509,tcp,http,SF,280,2824,0,0,0,0,0,1,0,0,0,0,0,0,0,0,0,0,2,2,0.035,0.0,0.0,0.0,0.886,0.024,0.094,117,71,0.986,0.118,0.089,0.04,0.0,0.0,0.0,0.0,normal
49.445,tcp,ssh,SF,3477,5157,0,0,0,0,0,1,0,0,0,0,0,0,0,0,0,0,5,5,0.0,0.018,0.0,0.0,0.918,0.139,0.078,80,207,0.941,0.145,0.022,0.035,0.0,0.0,0.0,0.0,normal
0.041,udp,dns,SF,70,164,0,0,0,0,0,0,0,0,0,0,0,0,0,0,0,0,3,1,0.004,0.0,0.0,0.0,0.897,0.084,0.004,93,10,0.803,0.019,0.131,0.064,0.0,0.0,0.0,0.0,normal
7.667,tcp,http,SF,379,4888,0,0,0,0,0,1,0,0,0,0,0,0,0,0,0,0,1,1,0.0,0.0,0.0,0.0,0.931,0.13,0.075,242,238,0.871,0.169,0.108,0.094,0.0,0.0,0.0,0.0,normal
0.031,udp,dns,SF,55,134,0,0,0,0,0,0,0,0,0,0,0,0,0,0,0,0,6,2,0.001,0.0,0.0,0.0,0.853,0.116,0.021,38,103,0.929,0.027,0.12,0.084,0.0,0.0,0.0,0.0,normal
4.92,tcp,http,SF,245,3080,0,0,0,0,0,1,0,0,0,0,0,0,0,0,0,0,4,4,0.0,0.0,0.0,0.0,0.977,0.005,0.069,216,186,0.874,0.182,0.12,0.037,0.0,0.0,0.0,0.0,normal
1.496,tcp,http,SF,190,1834,0,0,0,0,0,1,0,0,0,0,0,0,0,0,0,0,3,3,0.052,0.0,0.0,0.0,0.997,0.077,0.046,21,182,0.951,0.012,0.066,0.05,0.0,0.0,0.0,0.0,normal
0.02,udp,dns,SF,67,142,0,0,0,0,0,0,0,0,0,0,0,0,0,0,0,0,3,5,0.0,0.0,0.0,0.0,0.852,0.005,0.062,251,217,0.926,0.155,0.075,0.026,0.0,0.0,0.0,0.0,normal
0.105,tcp,http,SF,501,5063,0,0,0,0,0,1,0,0,0,0,0,0,0,0,0,0,5,1,0.0,0.0,0.0,0.0,0.86,0.043,0.069,103,15,0.808,0.041,0.004,0.039,0.0,0.0,0.0,0.0,normal
0.037,udp,dns,SF,49,192,0,0,0,0,0,0,0,0,0,0,0,0,0,0,0,0,1,2,0.0,0.0,0.0,0.0,0.948,0.106,0.041,76,150,0.941,0.071,0.125,0.077,0.0,0.0,0.0,0.0,normal
0.146,tcp,http,SF,245,471,0,0,0,0,0,1,0,0,0,0,0,0,0,0,0,0,6,7,0.049,0.192,0.0,0.0,0.942,0.144,0.031,105,194,0.956,0.139,0.088,0.057,0.0,0.0,0.0,0.0,normal
0.578,tcp,http,SF,306,1553,0,0,0,0,0,1,0,0,0,0,0,0,0,0,0,0,4,2,0.033,0.021,0.0,0.0,0.926,0.068,0.077,114,214,0.825,0.082,0.042,0.09,0.0,0.0,0.0,0.0,normal
0.146,udp,dns,SF,67,160,0,0,0,0,0,0,0,0,0,0,0,0,0,0,0,0,2,2,0.0,0.029,0.0,0.0,0.933,0.08,0.009,185,131,0.845,0.16,0.127,0.002,0.0,0.0,0.0,0.0,normal
1.305,tcp,http,SF,273,103,0,0,0,0,0,1,0,0,0,0,0,0,0,0,0,0,5,4,0.002,0.0,0.0,0.0,0.958,0.045,0.042,69,120,0.957,0.115,0.111,0.099,0.0,0.0,0.0,0.0,normal
0.099,udp,dns,SF,61,148,0,0,0,0,0,0,0,0,0,0,0,0,0,0,0,0,3,4,0.007,0.0,0.0,0.0,0.979,0.102,0.001,217,174,0.842,0.089,0.104,0.066,0.0,0.0,0.0,0.0,normal
1.157,tcp,http,SF,532,3883,0,0,0,0,0,1,0,0,0,0,0,0,0,0,0,0,1,3,0.0,0.0,0.0,0.0,0.973,0.04,0.014,144,131,0.94,0.169,0.036,0.099,0.0,0.0,0.0,0.0,normal
0.434,tcp,http,SF,327,2335,0,0,0,0,0,1,0,0,0,0,0,0,0,0,0,0,3,6,0.0,0.0,0.0,0.0,0.903,0.086,0.013,178,32,0.964,0.025,0.063,0.041,0.0,0.0,0.0,0.0,normal
201.769,tcp,ssh,SF,4727,4451,0,0,0,0,0,1,0,0,0,0,0,0,0,0,0,0,2,1,0.0,0.002,0.0,0.0,0.979,0.111,0.03,186,20,0.921,0.095,0.052,0.065,0.0,0.0,0.0,0.0,normal
3.657,tcp,http,SF,272,4347,0,0,0,0,0,1,0,0,0,0,0,0,0,0,0,0,2,5,0.001,0.0,0.0,0.0,0.983,0.121,0.073,104,37,0.889,0.036,0.007,0.04,0.0,0.0,0.0,0.0,normal
32.155,tcp,ssh,SF,2068,3621,0,0,0,0,0,1,0,0,0,0,0,0,0,0,0,0,1,1,0.0,0.0,0.0,0.0,0.978,0.004,0.022,29,234,0.974,0.071,0.121,0.015,0.0,0.0,0.0,0.0,normal
2.789,tcp,smtp,SF,833,860,0,0,0,0,0,1,0,0,0,0,0,0,0,0,0,0,6,1,0.0,0.0,0.0,0.0,0.984,0.032,0.091,168,226,0.873,0.163,0.077,0.081,0.0,0.0,0.0,0.0,normal
1.774,tcp,http,SF,203,1116,0,0,0,0,0,1,0,0,0,0,0,0,0,0,0,0,1,4,0.002,0.055,0.0,0.0,0.991,0.109,0.043,67,132,0.837,0.188,0.038,0.018,0.0,0.0,0.0,0.0,normal
1.776,tcp,http,SF,823,5157,0,0,0,0,0,1,0,0,0,0,0,0,0,0,0,0,5,4,0.0,0.03,0.0,0.0,0.949,0.01,0.089,19,195,0.959,0.148,0.019,0.073,0.0,0.0,0.0,0.0,normal
77.039,tcp,ssh,SF,1903,3235,0,0,0,0,0,1,0,0,0,0,0,0,0,0,0,0,4,2,0.11,0.0,0.0,0.0,0.933,0.107,0.02,149,47,0.884,0.071,0.076,0.075,0.0,0.0,0.0,0.0,normal
8.007,tcp,http,SF,745,2952,0,0,0,0,0,1,0,0,0,0,0,0,0,0,0,0,2,1,0.004,0.0,0.0,0.0,0.915,0.075,0.099,16,175,0.897,0.064,0.076,0.092,0.0,0.0,0.0,0.0,normal
0.001,udp,dns,SF,54,109,0,0,0,0,0,0,0,0,0,0,0,0,0,0,0,0,6,5,0.003,0.0,0.0,0.0,0.968,0.087,0.073,209,192,0.938,0.152,0.033,0.01,0.0,0.0,0.0,0.0,normal
26.439,tcp,ssh,SF,3654,5386,0,0,0,0,0,1,0,0,0,0,0,0,0,0,0,0,1,5,0.12,0.0,0.0,0.0,0.991,0.03,0.037,36,232,0.988,0.161,0.057,0.013,0.0,0.0,0.0,0.0,normal
4.458,tcp,http,SF,462,3933,0,0,0,0,0,1,0,0,0,0,0,0,0,0,0,0,4,4,0.001,0.061,0.0,0.0,0.916,0.063,0.019,176,147,0.95,0.099,0.125,0.029,0.0,0.0,0.0,0.0,normal
0.222,tcp,http,SF,308,4281,0,0,0,0,0,1,0,0,0,0,0,0,0,0,0,0,1,4,0.0,0.008,0.0,0.0,0.982,0.054,0.065,213,149,0.957,0.066,0.09,0.054,0.0,0.0,0.0,0.0,normal
0.049,tcp,http,SF,375,4450,0,0,0,0,0,1,0,0,0,0,0,0,0,0,0,0,2,4,0.001,0.0,0.0,0.0,0.967,0.101,0.036,15,198,0.825,0.032,0.061,0.066,0.0,0.0,0.0,0.0,normal
0.069,udp,dns,SF,50,91,0,0,0,0,0,0,0,0,0,0,0,0,0,0,0,0,2,2,0.0,0.0,0.0,0.0,0.872,0.143,0.021,163,84,0.985,0.063,0.089,0.034,0.0,0.0,0.0,0.0,normal
81.018,tcp,ssh,SF,1831,3473,0,0,0,0,0,1,0,0,0,0,0,0,0,0,0,0,6,3,0.0,0.001,0.0,0.0,0.985,0.113,0.016,246,52,0.894,0.004,0.003,0.025,0.0,0.0,0.0,0.0,normal
4.037,tcp,ssh,SF,2827,3677,0,0,0,0,0,1,0,0,0,0,0,0,0,0,0,0,2,1,0.0,0.002,0.0,0.0,0.911,0.046,0.007,39,95,0.893,0.027,0.136,0.001,0.0,0.0,0.0,0.0,normal
0.811,tcp,http,SF,374,7508,0,0,0,0,0,1,0,0,0,0,0,0,0,0,0,0,4,2,0.0,0.004,0.0,0.0,0.982,0.083,0.048,106,168,0.961,0.045,0.024,0.065,0.0,0.0,0.0,0.0,normal
0.814,tcp,smtp,SF,551,1375,0,0,0,0,0,1,0,0,0,0,0,0,0,0,0,0,5,4,0.0,0.008,0.0,0.0,0.913,0.124,0.075,46,54,0.813,0.131,0.067,0.041,0.0,0.0,0.0,0.0,normal
0.094,tcp,http,SF,335,990,0,0,0,0,0,1,0,0,0,0,0,0,0,0,0,0,5,3,0.022,0.002,0.0,0.0,0.996,0.074,0.055,194,28,0.822,0.035,0.018,0.014,0.0,0.0,0.0,0.0,normal
19.557,tcp,ssh,SF,2695,2933,0,0,0,0,0,1,0,0,0,0,0,0,0,0,0,0,3,2,0.041,0.0,0.0,0.0,0.891,0.141,0.004,155,46,0.916,0.192,0.141,0.026,0.0,0.0,0.0,0.0,normal
3.365,tcp,other,REJ,261,196,0,0,0,0,0,0,0,0,0,0,0,0,0,0,0,0,4,3,0.001,0.001,0.0,0.0,0.92,0.079,0.08,74,192,0.839,0.196,0.145,0.028,0.0,0.0,0.0,0.0,normal
0.008,udp,dns,SF,55,161,0,0,0,0,0,0,0,0,0,0,0,0,0,0,0,0,4,5,0.0,0.001,0.0,0.0,0.968,0.081,0.087,193,194,0.959,0.159,0.109,0.086,0.0,0.0,0.0,0.0,normal
0.46,tcp,http,SF,333,1922,0,0,0,0,0,1,0,0,0,0,0,0,0,0,0,0,4,2,0.024,0.001,0.0,0.0,0.907,0.037,0.044,15,171,0.819,0.018,0.094,0.038,0.0,0.0,0.0,0.0,normal
0.126,udp,dns,SF,67,162,0,0,0,0,0,0,0,0,0,0,0,0,0,0,0,0,1,1,0.012,0.0,0.0,0.0,0.994,0.019,0.084,12,77,0.84,0.033,0.11,0.004,0.0,0.0,0.0,0.0,normal
2.768,tcp,smtp,SF,633,1141,0,0,0,0,0,1,0,0,0,0,0,0,0,0,0,0,1,7,0.0,0.0,0.0,0.0,0.948,0.023,0.079,254,166,0.838,0.083,0.096,0.073,0.0,0.0,0.0,0.0,normal
1.054,tcp,http,SF,195,1702,0,0,0,0,0,1,0,0,0,0,0,0,0,0,0,0,1,5,0.004,0.0,0.0,0.0,0.891,0.112,0.084,139,61,0.938,0.089,0.042,0.052,0.0,0.0,0.0,0.0,normal
3.357,tcp,http,SF,485,297,0,0,0,0,0,1,0,0,0,0,0,0,0,0,0,0,3,1,0.002,0.0,0.0,0.0,0.944,0.003,0.023,34,120,0.926,0.041,0.132,0.092,0.0,0.0,0.0,0.0,normal
2.285,tcp,http,SF,393,73,0,0,0,0,0,1,0,0,0,0,0,0,0,0,0,0,2,1,0.0,0.0,0.0,0.0,0.942,0.023,0.062,89,205,0.999,0.134,0.065,0.082,0.0,0.0,0.0,0.0,normal
0.003,udp,dns,SF,61,176,0,0,0,0,0,0,0,0,0,0,0,0,0,0,0,0,1,5,0.006,0.261,0.0,0.0,0.865,0.082,0.016,211,131,0.959,0.058,0.023,0.031,0.0,0.0,0.0,0.0,normal
30.959,tcp,ssh,SF,3195,6359,0,0,0,0,0,1,0,0,0,0,0,0,0,0,0,0,5,2,0.002,0.0,0.0,0.0,0.929,0.099,0.084,109,212,0.9,0.015,0.028,0.0,0.0,0.0,0.0,0.0,normal
1.339,tcp,http,SF,370,6835,0,0,0,0,0,1,0,0,0,0,0,0,0,0,0,0,2,1,0.0,0.001,0.0,0.0,0.985,0.003,0.03,144,21,0.849,0.163,0.019,0.02,0.0,0.0,0.0,0.0,normal
0.591,tcp,http,SF,295,10656,0,0,0,0,0,1,0,0,0,0,0,0,0,0,0,0,1,7,0.0,0.005,0.0,0.0,0.933,0.134,0.063,195,238,0.81,0.043,0.033,0.008,0.0,0.0,0.0,0.0,normal
0.142,udp,dns,SF,57,84,0,0,0,0,0,0,0,0,0,0,0,0,0,0,0,0,2,3,0.008,0.024,0.0,0.0,0.9,0.046,0.006,103,210,0.892,0.079,0.037,0.056,0.0,0.0,0.0,0.0,normal
4.636,tcp,http,SF,326,368,0,0,0,0,0,1,0,0,0,0,0,0,0,0,0,0,3,1,0.003,0.0,0.0,0.0,0.865,0.055,0.099,71,176,1.0,0.016,0.061,0.023,0.0,0.0,0.0,0.0,normal
13.017,tcp,smtp,SF,699,864,0,0,0,0,0,1,0,0,0,0,0,0,0,0,0,0,5,3,0.0,0.005,0.0,0.0,0.876,0.058,0.033,129,109,0.845,0.198,0.013,0.074,0.0,0.0,0.0,0.0,normal
2.118,tcp,http,SF,419,6921,0,0,0,0,0,1,0,0,0,0,0,0,0,0,0,0,5,5,0.0,0.001,0.0,0.0,0.884,0.033,0.067,86,248,0.861,0.042,0.148,0.083,0.0,0.0,0.0,0.0,normal
3.127,tcp,http,SF,375,8380,0,0,0,0,0,1,0,0,0,0,0,0,0,0,0,0,3,5,0.002,0.0,0.0,0.0,0.923,0.114,0.019,29,167,0.975,0.145,0.132,0.063,0.0,0.0,0.0,0.0,normal
4.858,tcp,http,SF,285,1567,0,0,0,0,0,1,0,0,0,0,0,0,0,0,0,0,4,3,0.001,0.001,0.0,0.0,0.886,0.049,0.081,207,239,0.963,0.177,0.073,0.042,0.0,0.0,0.0,0.0,normal
2.027,tcp,smtp,SF,834,1367,0,0,0,0,0,1,0,0,0,0,0,0,0,0,0,0,2,2,0.0,0.0,0.0,0.0,0.998,0.091,0.055,244,222,0.924,0.092,0.111,0.022,0.0,0.0,0.0,0.0,normal
3.08,tcp,http,SF,309,3677,0,0,0,0,0,1,0,0,0,0,0,0,0,0,0,0,4,5,0.016,0.0,0.0,0.0,0.853,0.033,0.085,234,245,0.912,0.166,0.007,0.085,0.0,0.0,0.0,0.0,normal
0.061,udp,dns,SF,57,121,0,0,0,0,0,0,0,0,0,0,0,0,0,0,0,0,1,3,0.0,0.0,0.0,0.0,0.983,0.096,0.027,83,248,0.818,0.19,0.083,0.071,0.0,0.0,0.0,0.0,normal
0.014,udp,dns,SF,58,102,0,0,0,0,0,0,0,0,0,0,0,0,0,0,0,0,4,5,0.0,0.001,0.0,0.0,0.878,0.054,0.019,224,78,0.883,0.159,0.029,0.02,0.0,0.0,0.0,0.0,normal
0.007,udp,dns,SF,70,83,0,0,0,0,0,0,0,0,0,0,0,0,0,0,0,0,3,6,0.005,0.0,0.0,0.0,0.856,0.018,0.004,214,163,0.861,0.179,0.089,0.078,0.0,0.0,0.0,0.0,normal
0.242,tcp,http,SF,398,139,0,0,0,0,0,1,0,0,0,0,0,0,0,0,0,0,8,2,0.0,0.0,0.0,0.0,0.876,0.027,0.016,227,38,0.888,0.037,0.117,0.0,0.0,0.0,0.0,0.0,normal
1.019,tcp,http,SF,308,1462,0,0,0,0,0,1,0,0,0,0,0,0,0,0,0,0,5,2,0.0,0.0,0.0,0.0,0.996,0.147,0.021,94,96,0.912,0.009,0.029,0.085,0.0,0.0,0.0,0.0,normal
0.524,tcp,http,SF,217,5287,0,0,0,0,0,1,0,0,0,0,0,0,0,0,0,0,4,5,0.0,0.0,0.0,0.0,0.948,0.138,0.003,113,231,0.976,0.102,0.146,0.075,0.0,0.0,0.0,0.0,normal
0.106,udp,dns,SF,54,185,0,0,0,0,0,0,0,0,0,0,0,0,0,0,0,0,3,2,0.0,0.077,0.0,0.0,0.877,0.099,0.077,30,28,0.877,0.041,0.009,0.01,0.0,0.0,0.0,0.0,normal
0.708,tcp,http,SF,282,15218,0,0,0,0,0,1,0,0,0,0,0,0,0,0,0,0,3,9,0.143,0.0,0.0,0.0,0.979,0.009,0.095,40,158,0.904,0.198,0.004,0.051,0.0,0.0,0.0,0.0,normal
0.035,udp,dns,SF,41,135,0,0,0,0,0,0,0,0,0,0,0,0,0,0,0,0,4,1,0.005,0.0,0.0,0.0,0.894,0.145,0.022,81,27,0.923,0.075,0.136,0.091,0.0,0.0,0.0,0.0,normal
0.021,udp,dns,SF,63,122,0,0,0,0,0,0,0,0,0,0,0,0,0,0,0,0,1,4,0.0,0.002,0.0,0.0,0.993,0.14,0.014,252,21,0.945,0.076,0.027,0.045,0.0,0.0,0.0,0.0,normal
4.632,tcp,http,SF,302,165,0,0,0,0,0,1,0,0,0,0,0,0,0,0,0,0,5,3,0.001,0.0,0.0,0.0,0.921,0.136,0.058,59,137,0.971,0.089,0.091,0.033,0.0,0.0,0.0,0.0,normal
0.73,tcp,http,SF,266,6260,0,0,0,0,0,1,0,0,0,0,0,0,0,0,0,0,2,2,0.0,0.002,0.0,0.0,0.929,0.135,0.053,223,74,0.94,0.053,0.013,0.059,0.0,0.0,0.0,0.0,normal
0.249,tcp,http,SF,425,6647,0,0,0,0,0,1,0,0,0,0,0,0,0,0,0,0,4,2,0.039,0.001,0.0,0.0,0.903,0.024,0.083,32,148,0.903,0.185,0.124,0.099,0.0,0.0,0.0,0.0,normal
1.388,tcp,http,SF,563,5507,0,0,0,0,0,1,0,0,0,0,0,0,0,0,0,0,2,3,0.0,0.0,0.0,0.0,0.987,0.129,0.035,180,68,0.821,0.141,0.018,0.067,0.0,0.0,0.0,0.0,normal
1.201,tcp,http,SF,188,6392,0,0,0,0,0,1,0,0,0,0,0,0,0,0,0,0,5,1,0.001,0.032,0.0,0.0,0.86,0.057,0.055,189,64,0.869,0.182,0.026,0.054,0.0,0.0,0.0,0.0,normal
0.114,tcp,other,REJ,295,316,0,0,0,0,0,0,0,0,0,0,0,0,0,0,0,0,1,3,0.001,0.0,0.0,0.0,0.861,0.047,0.02,241,55,0.884,0.125,0.082,0.084,0.0,0.0,0.0,0.0,normal
2.084,tcp,http,SF,295,37,0,0,0,0,0,1,0,0,0,0,0,0,0,0,0,0,2,2,0.007,0.0,0.0,0.0,0.873,0.074,0.087,19,49,0.807,0.048,0.039,0.041,0.0,0.0,0.0,0.0,normal
3.786,tcp,http,SF,252,2504,0,0,0,0,0,1,0,0,0,0,0,0,0,0,0,0,4,2,0.018,0.0,0.0,0.0,0.927,0.009,0.015,248,35,0.81,0.13,0.003,0.046,0.0,0.0,0.0,0.0,normal
1.782,tcp,http,SF,191,839,0,0,0,0,0,1,0,0,0,0,0,0,0,0,0,0,2,2,0.001,0.009,0.0,0.0,0.957,0.088,0.056,144,229,0.839,0.116,0.053,0.047,0.0,0.0,0.0,0.0,normal
0.03,tcp,http,SF,238,1707,0,0,0,0,0,1,0,0,0,0,0,0,0,0,0,0,4,3,0.0,0.0,0.0,0.0,0.929,0.012,0.017,141,198,0.801,0.046,0.147,0.066,0.0,0.0,0.0,0.0,normal
0.012,udp,dns,SF,82,161,0,0,0,0,0,0,0,0,0,0,0,0,0,0,0,0,2,4,0.0,0.0,0.0,0.0,0.972,0.02,0.082,209,72,0.882,0.004,0.07,0.065,0.0,0.0,0.0,0.0,normal
23.958,tcp,ssh,SF,2175,3630,0,0,0,0,0,1,0,0,0,0,0,0,0,0,0,0,3,2,0.0,0.013,0.0,0.0,0.886,0.056,0.035,201,116,0.969,0.082,0.008,0.074,0.0,0.0,0.0,0.0,normal
1.047,tcp,http,SF,520,4135,0,0,0,0,0,1,0,0,0,0,0,0,0,0,0,0,1,4,0.0,0.0,0.0,0.0,0.944,0.131,0.092,125,237,0.878,0.024,0.1,0.092,0.0,0.0,0.0,0.0,normal
0.142,udp,dns,SF,71,164,0,0,0,0,0,0,0,0,0,0,0,0,0,0,0,0,4,5,0.0,0.002,0.0,0.0,0.859,0.136,0.026,173,90,0.88,0.028,0.015,0.024,0.0,0.0,0.0,0.0,normal
0.027,tcp,http,SF,246,1462,0,0,0,0,0,1,0,0,0,0,0,0,0,0,0,0,5,6,0.0,0.0,0.0,0.0,0.874,0.033,0.053,201,48,0.966,0.147,0.148,0.032,0.0,0.0,0.0,0.0,normal
0.008,udp,dns,SF,55,219,0,0,0,0,0,0,0,0,0,0,0,0,0,0,0,0,7,2,0.052,0.0,0.0,0.0,0.947,0.13,0.099,175,62,0.935,0.016,0.036,0.085,0.0,0.0,0.0,0.0,normal
0.018,udp,dns,SF,76,246,0,0,0,0,0,0,0,0,0,0,0,0,0,0,0,0,2,2,0.014,0.0,0.0,0.0,0.887,0.03,0.097,92,15,0.826,0.161,0.114,0.047,0.0,0.0,0.0,0.0,normal
2.27,tcp,http,SF,405,4189,0,0,0,0,0,1,0,0,0,0,0,0,0,0,0,0,4,6,0.009,0.0,0.0,0.0,0.927,0.009,0.062,120,56,0.987,0.139,0.001,0.087,0.0,0.0,0.0,0.0,normal
0.1,tcp,http,SF,346,3287,0,0,0,0,0,1,0,0,0,0,0,0,0,0,0,0,6,3,0.001,0.054,0.0,0.0,0.94,0.017,0.086,191,85,0.985,0.104,0.073,0.083,0.0,0.0,0.0,0.0,normal
1.701,tcp,http,SF,190,1100,0,0,0,0,0,1,0,0,0,0,0,0,0,0,0,0,4,4,0.011,0.002,0.0,0.0,0.958,0.13,0.07,92,132,0.97,0.148,0.115,0.091,0.0,0.0,0.0,0.0,normal
0.251,tcp,http,SF,201,571,0,0,0,0,0,1,0,0,0,0,0,0,0,0,0,0,4,4,0.0,0.035,0.0,0.0,0.965,0.149,0.042,151,203,0.829,0.046,0.021,0.067,0.0,0.0,0.0,0.0,normal
2.209,tcp,http,SF,416,688,0,0,0,0,0,1,0,0,0,0,0,0,0,0,0,0,7,5,0.0,0.0,0.0,0.0,0.903,0.03,0.083,94,75,0.905,0.039,0.106,0.074,0.0,0.0,0.0,0.0,normal
1.279,tcp,smtp,SF,597,1029,0,0,0,0,0,1,0,0,0,0,0,0,0,0,0,0,6,2,0.0,0.005,0.0,0.0,0.943,0.103,0.065,88,180,0.978,0.054,0.023,0.003,0.0,0.0,0.0,0.0,normal
0.139,udp,dns,SF,55,136,0,0,0,0,0,0,0,0,0,0,0,0,0,0,0,0,4,6,0.0,0.021,0.0,0.0,0.859,0.017,0.072,27,71,0.85,0.081,0.112,0.064,0.0,0.0,0.0,0.0,normal
0.597,tcp,http,SF,353,5267,0,0,0,0,0,1,0,0,0,0,0,0,0,0,0,0,3,3,0.0,0.0,0.0,0.0,0.876,0.14,0.034,212,136,0.891,0.196,0.039,0.096,0.0,0.0,0.0,0.0,normal
2.443,tcp,http,SF,225,1689,0,0,0,0,0,1,0,0,0,0,0,0,0,0,0,0,3,6,0.0,0.097,0.0,0.0,0.99,0.057,0.039,72,125,0.939,0.013,0.08,0.097,0.0,0.0,0.0,0.0,normal
14.739,tcp,ssh,SF,1680,5090,0,0,0,0,0,1,0,0,0,0,0,0,0,0,0,0,1,2,0.0,0.0,0.0,0.0,0.96,0.147,0.023,193,49,0.941,0.065,0.076,0.071,0.0,0.0,0.0,0.0,normal
0.312,tcp,http,SF,600,934,0,0,0,0,0,1,0,0,0,0,0,0,0,0,0,0,1,2,0.0,0.027,0.0,0.0,0.877,0.011,0.012,250,218,0.994,0.118,0.142,0.077,0.0,0.0,0.0,0.0,normal
0.135,udp,dns,SF,61,96,0,0,0,0,0,0,0,0,0,0,0,0,0,0,0,0,5,2,0.0,0.0,0.0,0.0,0.974,0.071,0.029,93,201,0.832,0.185,0.141,0.034,0.0,0.0,0.0,0.0,normal
7.043,tcp,http,SF,464,8000,0,0,0,0,0,1,0,0,0,0,0,0,0,0,0,0,3,1,0.0,0.0,0.0,0.0,0.889,0.01,0.063,204,165,0.864,0.192,0.118,0.09,0.0,0.0,0.0,0.0,normal
1.124,tcp,http,SF,355,6353,0,0,0,0,0,1,0,0,0,0,0,0,0,0,0,0,4,4,0.0,0.0,0.0,0.0,0.858,0.057,0.046,154,120,0.828,0.142,0.034,0.063,0.0,0.0,0.0,0.0,normal
0.872,tcp,http,SF,368,1946,0,0,0,0,0,1,0,0,0,0,0,0,0,0,0,0,3,2,0.057,0.0,0.0,0.0,0.95,0.025,0.058,146,105,0.995,0.181,0.001,0.081,0.0,0.0,0.0,0.0,normal
0.012,udp,dns,SF,72,182,0,0,0,0,0,0,0,0,0,0,0,0,0,0,0,0,4,1,0.006,0.001,0.0,0.0,0.967,0.066,0.005,98,229,0.877,0.015,0.063,0.095,0.0,0.0,0.0,0.0,normal
0.01,udp,dns,SF,63,122,0,0,0,0,0,0,0,0,0,0,0,0,0,0,0,0,4,3,0.0,0.0,0.0,0.0,0.926,0.046,0.053,248,176,0.812,0.095,0.052,0.09,0.0,0.0,0.0,0.0,normal
1.157,tcp,http,SF,326,811,0,0,0,0,0,1,0,0,0,0,0,0,0,0,0,0,2,6,0.0,0.106,0.0,0.0,0.883,0.084,0.027,58,221,0.827,0.044,0.037,0.044,0.0,0.0,0.0,0.0,normal
0.454,tcp,http,SF,439,4580,0,0,0,0,0,1,0,0,0,0,0,0,0,0,0,0,3,4,0.004,0.0,0.0,0.0,0.928,0.09,0.097,232,95,0.843,0.194,0.138,0.001,0.0,0.0,0.0,0.0,normal
1.077,tcp,http,SF,231,482,0,0,0,0,0,1,0,0,0,0,0,0,0,0,0,0,2,1,0.01,0.078,0.0,0.0,0.917,0.006,0.058,54,139,0.972,0.071,0.115,0.079,0.0,0.0,0.0,0.0,normal
0.087,tcp,http,SF,382,7518,0,0,0,0,0,1,0,0,0,0,0,0,0,0,0,0,4,4,0.062,0.0,0.0,0.0,0.878,0.125,0.007,101,15,0.826,0.077,0.099,0.048,0.0,0.0,0.0,0.0,normal
0.017,udp,dns,SF,95,110,0,0,0,0,0,0,0,0,0,0,0,0,0,0,0,0,3,2,0.022,0.02,0.0,0.0,0.896,0.057,0.004,152,146,0.891,0.099,0.02,0.038,0.0,0.0,0.0,0.0,normal
2.025,tcp,http,SF,257,11179,0,0,0,0,0,1,0,0,0,0,0,0,0,0,0,0,5,2,0.0,0.0,0.0,0.0,0.961,0.109,0.007,39,117,0.969,0.119,0.128,0.095,0.0,0.0,0.0,0.0,normal
1.577,tcp,http,SF,339,225,0,0,0,0,0,1,0,0,0,0,0,0,0,0,0,0,6,2,0.002,0.0,0.0,0.0,0.997,0.122,0.016,199,31,0.985,0.117,0.07,0.008,0.0,0.0,0.0,0.0,normal
0.012,udp,dns,SF,64,154,0,0,0,0,0,0,0,0,0,0,0,0,0,0,0,0,2,1,0.0,0.004,0.0,0.0,0.904,0.068,0.086,196,46,0.913,0.021,0.147,0.031,0.0,0.0,0.0,0.0,normal
22.37,tcp,smtp,SF,439,802,0,0,0,0,0,1,0,0,0,0,0,0,0,0,0,0,3,2,0.001,0.001,0.0,0.0,0.89,0.102,0.033,32,235,0.948,0.197,0.1,0.002,0.0,0.0,0.0,0.0,normal
0.311,tcp,http,SF,290,4976,0,0,0,0,0,1,0,0,0,0,0,0,0,0,0,0,4,4,0.0,0.0,0.0,0.0,0.853,0.048,0.038,83,199,0.995,0.038,0.021,0.062,0.0,0.0,0.0,0.0,normal
1.947,tcp,http,SF,318,348,0,0,0,0,0,1,0,0,0,0,0,0,0,0,0,0,4,6,0.0,0.07,0.0,0.0,0.913,0.053,0.061,164,94,0.95,0.025,0.108,0.051,0.0,0.0,0.0,0.0,normal
0.001,udp,dns,SF,50,194,0,0,0,0,0,0,0,0,0,0,0,0,0,0,0,0,2,3,0.109,0.0,0.0,0.0,0.923,0.064,0.091,170,169,0.814,0.029,0.088,0.023,0.0,0.0,0.0,0.0,normal
0.625,tcp,http,SF,733,6081,0,0,0,0,0,1,0,0,0,0,0,0,0,0,0,0,2,3,0.004,0.0,0.0,0.0,0.945,0.091,0.037,41,101,0.896,0.199,0.12,0.037,0.0,0.0,0.0,0.0,normal
0.721,tcp,http,SF,367,6152,0,0,0,0,0,1,0,0,0,0,0,0,0,0,0,0,2,5,0.005,0.007,0.0,0.0,0.903,0.061,0.002,249,54,0.872,0.133,0.01,0.035,0.0,0.0,0.0,0.0,normal
1.762,tcp,http,SF,286,873,0,0,0,0,0,1,0,0,0,0,0,0,0,0,0,0,4,4,0.0,0.001,0.0,0.0,0.974,0.071,0.058,103,45,0.932,0.188,0.107,0.001,0.0,0.0,0.0,0.0,normal
0.338,tcp,http,SF,233,1945,0,0,0,0,0,1,0,0,0,0,0,0,0,0,0,0,4,1,0.001,0.021,0.0,0.0,0.879,0.129,0.008,223,206,0.884,0.02,0.009,0.099,0.0,0.0,0.0,0.0,normal
1.008,tcp,http,SF,431,2154,0,0,0,0,0,1,0,0,0,0,0,0,0,0,0,0,6,2,0.002,0.0,0.0,0.0,0.878,0.055,0.091,249,174,0.806,0.192,0.009,0.052,0.0,0.0,0.0,0.0,normal
0.491,tcp,http,SF,320,1683,0,0,0,0,0,1,0,0,0,0,0,0,0,0,0,0,6,2,0.0,0.0,0.0,0.0,0.933,0.035,0.096,94,186,0.939,0.176,0.131,0.008,0.0,0.0,0.0,0.0,normal
0.083,tcp,http,SF,729,8108,0,0,0,0,0,1,0,0,0,0,0,0,0,0,0,0,5,2,0.0,0.0,0.0,0.0,0.963,0.13,0.1,12,169,0.921,0.112,0.115,0.087,0.0,0.0,0.0,0.0,normal
1.298,tcp,http,SF,183,8249,0,0,0,0,0,1,0,0,0,0,0,0,0,0,0,0,2,2,0.016,0.018,0.0,0.0,0.911,0.131,0.066,165,23,0.908,0.1,0.103,0.076,0.0,0.0,0.0,0.0,normal
2.304,tcp,http,SF,330,3061,0,0,0,0,0,1,0,0,0,0,0,0,0,0,0,0,3,4,0.007,0.0,0.0,0.0,0.855,0.114,0.099,14,182,0.984,0.083,0.105,0.057,0.0,0.0,0.0,0.0,normal
0.07,tcp,http,SF,485,2479,0,0,0,0,0,1,0,0,0,0,0,0,0,0,0,0,7,2,0.225,0.001,0.0,0.0,0.981,0.021,0.05,93,222,0.878,0.177,0.084,0.04,0.0,0.0,0.0,0.0,normal
3.362,tcp,http,SF,306,555,0,0,0,0,0,1,0,0,0,0,0,0,0,0,0,0,2,2,0.0,0.001,0.0,0.0,0.958,0.059,0.094,54,208,0.917,0.09,0.003,0.099,0.0,0.0,0.0,0.0,normal
0.272,tcp,http,SF,356,1470,0,0,0,0,0,1,0,0,0,0,0,0,0,0,0,0,2,3,0.0,0.0,0.0,0.0,0.969,0.105,0.07,237,62,0.805,0.144,0.016,0.039,0.0,0.0,0.0,0.0,normal
1.531,tcp,http,SF,286,4311,0,0,0,0,0,1,0,0,0,0,0,0,0,0,0,0,5,4,0.0,0.001,0.0,0.0,0.907,0.071,0.011,35,30,0.854,0.098,0.148,0.092,0.0,0.0,0.0,0.0,normal
0.997,tcp,http,SF,251,17036,0,0,0,0,0,1,0,0,0,0,0,0,0,0,0,0,5,4,0.0,0.001,0.0,0.0,0.96,0.108,0.007,23,89,0.841,0.078,0.016,0.032,0.0,0.0,0.0,0.0,normal
3.061,tcp,smtp,SF,960,746,0,0,0,0,0,1,0,0,0,0,0,0,0,0,0,0,4,6,0.001,0.0,0.0,0.0,0.88,0.092,0.02,105,210,0.851,0.126,0.088,0.037,0.0,0.0,0.0,0.0,normal
6.806,tcp,http,SF,370,4930,0,0,0,0,0,1,0,0,0,0,0,0,0,0,0,0,3,2,0.0,0.0,0.0,0.0,0.961,0.078,0.06,195,117,0.835,0.164,0.082,0.04,0.0,0.0,0.0,0.0,normal
2.156,tcp,http,SF,484,11369,0,0,0,0,0,1,0,0,0,0,0,0,0,0,0,0,1,1,0.0,0.006,0.0,0.0,0.85,0.094,0.095,189,227,0.801,0.181,0.002,0.053,0.0,0.0,0.0,0.0,normal
3.575,tcp,http,SF,356,4981,0,0,0,0,0,1,0,0,0,0,0,0,0,0,0,0,3,1,0.0,0.001,0.0,0.0,0.877,0.018,0.014,192,138,0.919,0.158,0.121,0.084,0.0,0.0,0.0,0.0,normal
0.31,tcp,http,SF,209,266,0,0,0,0,0,1,0,0,0,0,0,0,0,0,0,0,7,1,0.0,0.012,0.0,0.0,0.993,0.009,0.036,62,229,0.807,0.184,0.148,0.039,0.0,0.0,0.0,0.0,normal
0.692,tcp,http,SF,203,297,0,0,0,0,0,1,0,0,0,0,0,0,0,0,0,0,4,4,0.0,0.027,0.0,0.0,0.988,0.131,0.047,115,11,0.997,0.099,0.111,0.045,0.0,0.0,0.0,0.0,normal
1.686,tcp,smtp,SF,1390,1862,0,0,0,0,0,1,0,0,0,0,0,0,0,0,0,0,5,4,0.202,0.16,0.0,0.0,0.921,0.0,0.1,248,149,0.917,0.036,0.065,0.022,0.0,0.0,0.0,0.0,normal
0.043,udp,dns,SF,53,93,0,0,0,0,0,0,0,0,0,0,0,0,0,0,0,0,6,4,0.0,0.0,0.0,0.0,0.947,0.03,0.022,239,207,0.936,0.131,0.139,0.087,0.0,0.0,0.0,0.0,normal
8.56,tcp,http,SF,325,701,0,0,0,1,0,1,0,0,0,0,0,0,0,0,0,0,5,1,0.036,0.05,0.0,0.0,0.956,0.007,0.016,18,188,0.983,0.061,0.059,0.087,0.0,0.0,0.0,0.0,normal
0.202,tcp,smtp,SF,603,1250,0,0,0,0,0,1,0,0,0,0,0,0,0,0,0,0,1,2,0.055,0.0,0.0,0.0,0.923,0.013,0.071,247,28,0.995,0.091,0.057,0.031,0.0,0.0,0.0,0.0,normal
0.047,udp,dns,SF,73,149,0,0,0,0,0,0,0,0,0,0,0,0,0,0,0,0,3,1,0.0,0.0,0.0,0.0,0.875,0.088,0.073,41,25,0.939,0.002,0.122,0.028,0.0,0.0,0.0,0.0,normal
1.176,tcp,http,SF,317,2360,0,0,0,0,0,1,0,0,0,0,0,0,0,0,0,0,3,2,0.015,0.002,0.0,0.0,0.886,0.123,0.042,124,99,0.9,0.146,0.099,0.071,0.0,0.0,0.0,0.0,normal
3.51,tcp,http,SF,343,413,0,0,0,0,0,1,0,0,0,0,0,0,0,0,0,0,4,2,0.0,0.0,0.0,0.0,0.979,0.131,0.017,115,20,0.941,0.002,0.059,0.005,0.0,0.0,0.0,0.0,normal
1.829,tcp,http,SF,230,1618,0,0,0,0,0,1,0,0,0,0,0,0,0,0,0,0,5,1,0.0,0.057,0.0,0.0,0.939,0.046,0.006,80,207,0.892,0.168,0.056,0.001,0.0,0.0,0.0,0.0,normal
0.263,tcp,http,SF,378,8170,0,0,0,0,0,1,0,0,0,0,0,0,0,0,0,0,5,5,0.028,0.0,0.0,0.0,0.932,0.037,0.077,251,38,0.829,0.03,0.126,0.087,0.0,0.0,0.0,0.0,normal
1.175,tcp,other,SF,246,180,0,0,0,0,0,0,0,0,0,0,0,0,0,0,0,0,1,2,0.0,0.0,0.0,0.0,0.895,0.048,0.089,17,172,0.973,0.075,0.089,0.052,0.0,0.0,0.0,0.0,normal
0.427,tcp,other,REJ,273,258,0,0,0,0,0,0,0,0,0,0,0,0,0,0,0,0,4,2,0.0,0.0,0.0,0.0,0.93,0.074,0.054,251,129,0.904,0.186,0.007,0.094,0.0,0.0,0.0,0.0,normal
2.517,tcp,http,SF,402,153,0,0,0,0,0,1,0,0,0,0,0,0,0,0,0,0,6,1,0.0,0.0,0.0,0.0,0.965,0.012,0.096,179,243,0.838,0.009,0.051,0.096,0.0,0.0,0.0,0.0,normal
0.669,tcp,http,SF,404,3108,0,0,0,0,0,1,0,0,0,0,0,0,0,0,0,0,12,1,0.0,0.0,0.0,0.0,0.995,0.044,0.016,109,72,0.976,0.03,0.005,0.029,0.0,0.0,0.0,0.0,normal
0.132,udp,dns,SF,50,153,0,0,0,0,0,0,0,0,0,0,0,0,0,0,0,0,7,2,0.0,0.0,0.0,0.0,0.956,0.088,0.011,148,64,0.921,0.106,0.051,0.017,0.0,0.0,0.0,0.0,normal
0.06,udp,dns,SF,45,114,0,0,0,0,0,0,0,0,0,0,0,0,0,0,0,0,5,4,0.0,0.0,0.0,0.0,0.985,0.076,0.029,184,150,0.876,0.198,0.116,0.066,0.0,0.0,0.0,0.0,normal
32.767,tcp,ssh,SF,2246,3405,0,0,0,0,0,1,0,0,0,0,0,0,0,0,0,0,4,2,0.0,0.0,0.0,0.0,0.86,0.03,0.027,197,55,0.838,0.122,0.068,0.025,0.0,0.0,0.0,0.0,normal
0.076,udp,dns,SF,70,164,0,0,0,0,0,0,0,0,0,0,0,0,0,0,0,0,3,1,0.0,0.017,0.0,0.0,0.921,0.005,0.058,35,108,0.936,0.148,0.065,0.061,0.0,0.0,0.0,0.0,normal
1.359,tcp,http,SF,226,416,0,0,0,0,0,1,0,0,0,0,0,0,0,0,0,0,8,3,0.0,0.017,0.0,0.0,0.922,0.125,0.008,157,61,0.8,0.09,0.132,0.065,0.0,0.0,0.0,0.0,normal
0.021,tcp,other,REJ,172,262,0,0,0,0,0,0,0,0,0,0,0,0,0,0,0,0,4,2,0.0,0.0,0.0,0.0,0.876,0.116,0.035,46,219,0.827,0.163,0.093,0.017,0.0,0.0,0.0,0.0,normal
0.042,tcp,http,SF,337,741,0,0,0,0,0,1,0,0,0,0,0,0,0,0,0,0,3,4,0.005,0.0,0.0,0.0,0.991,0.134,0.065,168,89,0.989,0.194,0.119,0.068,0.0,0.0,0.0,0.0,normal
13.125,tcp,ssh,SF,2562,4934,0,0,0,0,0,1,0,0,0,0,0,0,0,0,0,0,4,3,0.0,0.015,0.0,0.0,0.907,0.094,0.013,73,115,0.848,0.049,0.035,0.047,0.0,0.0,0.0,0.0,normal
1.337,tcp,http,SF,540,2034,0,0,0,0,0,1,0,0,0,0,0,0,0,0,0,0,2,2,0.0,0.058,0.0,0.0,0.945,0.124,0.065,123,56,0.967,0.032,0.013,0.094,0.0,0.0,0.0,0.0,normal
0.485,tcp,http,SF,508,1487,0,0,0,0,0,1,0,0,0,0,0,0,0,0,0,0,5,1,0.0,0.0,0.0,0.0,0.919,0.116,0.044,145,63,0.929,0.082,0.077,0.012,0.0,0.0,0.0,0.0,normal
81.492,tcp,ssh,SF,3891,4606,0,0,0,0,0,1,0,0,0,0,0,0,0,0,0,0,3,2,0.0,0.002,0.0,0.0,0.975,0.123,0.004,77,151,0.883,0.001,0.046,0.019,0.0,0.0,0.0,0.0,normal
1.395,tcp,smtp,SF,522,1249,0,0,0,0,0,1,0,0,0,0,0,0,0,0,0,0,2,4,0.0,0.011,0.0,0.0,0.994,0.147,0.07,176,174,0.813,0.057,0.118,0.036,0.0,0.0,0.0,0.0,normal
2.905,tcp,http,SF,216,2039,0,0,0,0,0,1,0,0,0,0,0,0,0,0,0,0,3,5,0.0,0.001,0.0,0.0,0.86,0.115,0.01,174,169,0.886,0.015,0.045,0.008,0.0,0.0,0.0,0.0,normal
2.093,tcp,smtp,SF,1001,1105,0,0,0,0,0,1,0,0,0,0,0,0,0,0,0,0,5,3,0.0,0.0,0.0,0.0,0.95,0.056,0.013,247,154,0.864,0.057,0.072,0.052,0.0,0.0,0.0,0.0,normal
2.21,tcp,http,SF,602,3640,0,0,0,0,0,1,0,0,0,0,0,0,0,0,0,0,3,3,0.0,0.0,0.0,0.0,0.867,0.125,0.061,249,244,0.957,0.093,0.129,0.032,0.0,0.0,0.0,0.0,normal
0.584,tcp,other,REJ,266,379,0,0,0,0,0,0,0,0,0,0,0,0,0,0,0,0,2,2,0.026,0.001,0.0,0.0,0.923,0.073,0.085,228,175,0.829,0.062,0.088,0.002,0.0,0.0,0.0,0.0,normal
0.217,tcp,http,SF,573,2723,0,0,0,0,0,1,0,0,0,0,0,0,0,0,0,0,6,4,0.0,0.012,0.0,0.0,0.982,0.027,0.094,129,80,0.994,0.019,0.082,0.004,0.0,0.0,0.0,0.0,normal
0.003,udp,dns,SF,54,177,0,0,0,0,0,0,0,0,0,0,0,0,0,0,0,0,6,4,0.0,0.0,0.0,0.0,0.953,0.145,0.021,248,233,0.925,0.191,0.059,0.069,0.0,0.0,0.0,0.0,normal
0.316,tcp,http,SF,493,724,0,0,0,0,0,1,0,0,0,0,0,0,0,0,0,0,3,1,0.005,0.001,0.0,0.0,0.996,0.146,0.011,73,121,0.918,0.143,0.045,0.098,0.0,0.0,0.0,0.0,normal
0.256,tcp,http,SF,280,1492,0,0,0,0,0,1,0,0,0,0,0,0,0,0,0,0,2,7,0.0,0.03,0.0,0.0,0.875,0.085,0.088,78,192,0.884,0.192,0.081,0.078,0.0,0.0,0.0,0.0,normal
3.779,tcp,http,SF,359,2993,0,0,0,0,0,1,0,0,0,0,0,0,0,0,0,0,5,2,0.0,0.012,0.0,0.0,0.974,0.001,0.061,222,241,0.986,0.08,0.092,0.062,0.0,0.0,0.0,0.0,normal
1.214,tcp,http,SF,484,1178,0,0,0,0,0,1,0,0,0,0,0,0,0,0,0,0,3,4,0.0,0.0,0.0,0.0,0.966,0.01,0.036,194,203,0.866,0.012,0.028,0.068,0.0,0.0,0.0,0.0,normal
0.181,udp,dns,SF,43,149,0,0,0,0,0,0,0,0,0,0,0,0,0,0,0,0,3,4,0.0,0.065,0.0,0.0,0.942,0.08,0.018,187,188,0.904,0.109,0.103,0.037,0.0,0.0,0.0,0.0,normal
4.298,tcp,http,SF,714,1945,0,0,0,1,0,1,0,0,0,0,0,0,0,0,0,0,5,4,0.174,0.002,0.0,0.0,0.93,0.121,0.034,232,225,0.822,0.106,0.102,0.097,0.0,0.0,0.0,0.0,normal
1.95,tcp,http,SF,412,11400,0,0,0,0,0,1,0,0,0,0,0,0,0,0,0,0,7,1,0.0,0.0,0.0,0.0,0.883,0.096,0.073,82,208,0.937,0.182,0.019,0.055,0.0,0.0,0.0,0.0,normal
1.844,tcp,smtp,SF,1192,1276,0,0,0,0,0,1,0,0,0,0,0,0,0,0,0,0,3,2,0.0,0.001,0.0,0.0,0.891,0.046,0.016,161,254,0.943,0.06,0.146,0.063,0.0,0.0,0.0,0.0,normal
0.36,tcp,http,SF,659,3142,0,0,0,0,0,1,0,0,0,0,0,0,0,0,0,0,3,4,0.0,0.0,0.0,0.0,0.97,0.016,0.012,209,181,0.81,0.142,0.035,0.023,0.0,0.0,0.0,0.0,normal
0.358,tcp,http,SF,271,2601,0,0,0,0,0,1,0,0,0,0,0,0,0,0,0,0,7,3,0.001,0.0,0.0,0.0,0.884,0.138,0.071,119,73,0.846,0.015,0.131,0.006,0.0,0.0,0.0,0.0,normal
2.805,tcp,http,SF,331,1308,0,0,0,0,0,1,0,0,0,0,0,0,0,0,0,0,4,5,0.031,0.004,0.0,0.0,0.939,0.083,0.097,111,23,0.89,0.037,0.003,0.078,0.0,0.0,0.0,0.0,normal
211.133,tcp,ssh,SF,1529,2785,0,0,0,0,0,1,0,0,0,0,0,0,0,0,0,0,3,5,0.0,0.0,0.0,0.0,0.977,0.027,0.036,231,12,0.893,0.005,0.048,0.083,0.0,0.0,0.0,0.0,normal
0.127,udp,dns,SF,103,166,0,0,0,0,0,0,0,0,0,0,0,0,0,0,0,0,7,3,0.0,0.0,0.0,0.0,0.903,0.071,0.014,21,159,0.986,0.184,0.111,0.039,0.0,0.0,0.0,0.0,normal
1.053,tcp,http,SF,256,3778,0,0,0,0,0,1,0,0,0,0,0,0,0,0,0,0,6,1,0.016,0.0,0.0,0.0,0.915,0.072,0.049,181,175,0.908,0.087,0.098,0.064,0.0,0.0,0.0,0.0,normal
18.411,tcp,smtp,SF,1131,826,0,0,0,0,0,1,0,0,0,0,0,0,0,0,0,0,5,4,0.0,0.0,0.0,0.0,0.973,0.024,0.064,58,120,0.833,0.059,0.016,0.01,0.0,0.0,0.0,0.0,normal
2.096,tcp,http,SF,320,910,0,0,0,0,0,1,0,0,0,0,0,0,0,0,0,0,3,3,0.0,0.0,0.0,0.0,0.916,0.002,0.071,135,108,0.88,0.192,0.05,0.004,0.0,0.0,0.0,0.0,normal
0.004,udp,dns,SF,55,115,0,0,0,0,0,0,0,0,0,0,0,0,0,0,0,0,6,2,0.022,0.0,0.0,0.0,0.863,0.076,0.038,141,199,0.919,0.012,0.101,0.049,0.0,0.0,0.0,0.0,normal
1.024,tcp,smtp,SF,700,1153,0,0,0,0,0,1,0,0,0,0,0,0,0,0,0,0,3,2,0.007,0.0,0.0,0.0,0.857,0.148,0.036,70,173,0.806,0.153,0.053,0.058,0.0,0.0,0.0,0.0,normal
0.313,tcp,http,SF,418,5375,0,0,0,0,0,1,0,0,0,0,0,0,0,0,0,0,5,3,0.0,0.0,0.0,0.0,0.926,0.031,0.086,232,239,0.906,0.082,0.116,0.008,0.0,0.0,0.0,0.0,normal
0.519,tcp,http,SF,222,1627,0,0,0,0,0,1,0,0,0,0,0,0,0,0,0,0,1,8,0.0,0.0,0.0,0.0,0.913,0.077,0.082,186,209,0.865,0.145,0.133,0.082,0.0,0.0,0.0,0.0,normal
0.757,tcp,http,SF,187,4679,0,0,0,0,0,1,0,0,0,0,0,0,0,0,0,0,2,1,0.0,0.0,0.0,0.0,0.984,0.1,0.067,130,121,0.913,0.153,0.054,0.004,0.0,0.0,0.0,0.0,normal
0.755,tcp,http,SF,327,378,0,0,0,0,0,1,0,0,0,0,0,0,0,0,0,0,4,2,0.007,0.075,0.0,0.0,0.993,0.134,0.048,180,107,0.819,0.072,0.071,0.083,0.0,0.0,0.0,0.0,normal
3.553,tcp,http,SF,353,165,0,0,0,0,0,1,0,0,0,0,0,0,0,0,0,0,3,3,0.0,0.0,0.0,0.0,0.947,0.143,0.071,47,14,0.83,0.08,0.061,0.033,0.0,0.0,0.0,0.0,normal
0.018,udp,dns,SF,55,153,0,0,0,0,0,0,0,0,0,0,0,0,0,0,0,0,3,7,0.0,0.0,0.0,0.0,0.893,0.072,0.006,197,214,0.82,0.181,0.06,0.046,0.0,0.0,0.0,0.0,normal
3.319,tcp,http,SF,182,592,0,0,0,0,0,1,0,0,0,0,0,0,0,0,0,0,4,1,0.062,0.011,0.0,0.0,0.961,0.094,0.021,24,54,0.973,0.048,0.037,0.085,0.0,0.0,0.0,0.0,normal
0.002,udp,dns,SF,56,277,0,0,0,0,0,0,0,0,0,0,0,0,0,0,0,0,2,3,0.0,0.0,0.0,0.0,0.965,0.015,0.057,81,86,0.884,0.047,0.092,0.054,0.0,0.0,0.0,0.0,normal
0.648,tcp,http,SF,202,762,0,0,0,0,0,1,0,0,0,0,0,0,0,0,0,0,6,3,0.0,0.037,0.0,0.0,0.998,0.131,0.089,82,225,0.968,0.017,0.137,0.017,0.0,0.0,0.0,0.0,normal
0.906,tcp,http,SF,419,2001,0,0,0,0,0,1,0,0,0,0,0,0,0,0,0,0,5,3,0.0,0.009,0.0,0.0,0.993,0.041,0.02,68,251,0.842,0.036,0.147,0.008,0.0,0.0,0.0,0.0,normal
0.173,tcp,http,SF,466,1695,0,0,0,0,0,1,0,0,0,0,0,0,0,0,0,0,2,3,0.0,0.0,0.0,0.0,0.907,0.059,0.008,250,216,0.843,0.073,0.096,0.08,0.0,0.0,0.0,0.0,normal
1.508,tcp,smtp,SF,442,1155,0,0,0,0,0,1,0,0,0,0,0,0,0,0,0,0,4,6,0.001,0.045,0.0,0.0,0.973,0.071,0.019,179,46,0.878,0.107,0.094,0.085,0.0,0.0,0.0,0.0,normal
1.08,tcp,http,SF,408,400,0,0,0,0,0,1,0,0,0,0,0,0,0,0,0,0,3,4,0.0,0.002,0.0,0.0,0.981,0.095,0.07,17,205,0.874,0.197,0.057,0.008,0.0,0.0,0.0,0.0,normal
3.211,tcp,http,SF,385,113,0,0,0,0,0,1,0,0,0,0,0,0,0,0,0,0,2,2,0.013,0.001,0.0,0.0,0.883,0.012,0.099,102,19,0.8,0.02,0.132,0.04,0.0,0.0,0.0,0.0,normal
6.743,tcp,http,SF,574,7058,0,0,0,0,0,1,0,0,0,0,0,0,0,0,0,0,8,3,0.0,0.048,0.0,0.0,0.905,0.069,0.091,82,135,0.808,0.137,0.042,0.021,0.0,0.0,0.0,0.0,normal
3.938,tcp,smtp,SF,933,1053,0,0,0,0,0,1,0,0,0,0,0,0,0,0,0,0,6,2,0.0,0.0,0.0,0.0,0.903,0.036,0.012,212,71,0.992,0.084,0.062,0.047,0.0,0.0,0.0,0.0,normal
0.076,udp,dns,SF,61,91,0,0,0,0,0,0,0,0,0,0,0,0,0,0,0,0,4,2,0.001,0.0,0.0,0.0,0.892,0.023,0.082,32,61,0.802,0.164,0.014,0.042,0.0,0.0,0.0,0.0,normal
1.566,tcp,http,SF,319,476,0,0,0,0,0,1,0,0,0,0,0,0,0,0,0,0,10,4,0.0,0.0,0.0,0.0,0.915,0.105,0.022,246,13,0.924,0.172,0.105,0.052,0.0,0.0,0.0,0.0,normal
0.359,tcp,http,SF,457,940,0,0,0,0,0,1,0,0,0,0,0,0,0,0,0,0,2,3,0.0,0.0,0.0,0.0,0.882,0.06,0.012,62,239,0.868,0.049,0.033,0.047,0.0,0.0,0.0,0.0,normal
0.054,udp,dns,SF,71,190,0,0,0,0,0,0,0,0,0,0,0,0,0,0,0,0,6,5,0.0,0.05,0.0,0.0,0.855,0.042,0.004,244,117,0.992,0.071,0.11,0.065,0.0,0.0,0.0,0.0,normal
0.109,tcp,http,SF,471,1205,0,0,0,0,0,1,0,0,0,0,0,0,0,0,0,0,5,4,0.004,0.0,0.0,0.0,0.933,0.002,0.013,179,21,0.981,0.063,0.125,0.045,0.0,0.0,0.0,0.0,normal
1.096,tcp,http,SF,169,5142,0,0,0,0,0,1,0,0,0,0,0,0,0,0,0,0,3,2,0.001,0.0,0.0,0.0,0.872,0.044,0.072,136,82,0.8,0.043,0.004,0.029,0.0,0.0,0.0,0.0,normal
0.614,tcp,http,SF,475,2988,0,0,0,0,0,1,0,0,0,0,0,0,0,0,0,0,5,3,0.0,0.0,0.0,0.0,0.981,0.04,0.006,57,140,0.947,0.191,0.094,0.01,0.0,0.0,0.0,0.0,normal
0.06,udp,dns,SF,105,177,0,0,0,0,0,0,0,0,0,0,0,0,0,0,0,0,2,1,0.0,0.037,0.0,0.0,0.888,0.132,0.072,122,115,0.963,0.084,0.074,0.037,0.0,0.0,0.0,0.0,normal
0.837,tcp,http,SF,388,451,0,0,0,0,0,1,0,0,0,0,0,0,0,0,0,0,3,5,0.0,0.0,0.0,0.0,0.936,0.046,0.094,60,246,0.874,0.046,0.034,0.044,0.0,0.0,0.0,0.0,normal
2.74,tcp,http,SF,536,2359,0,0,0,0,0,1,0,0,0,0,0,0,0,0,0,0,5,5,0.081,0.003,0.0,0.0,0.974,0.137,0.008,108,185,0.853,0.142,0.048,0.057,0.0,0.0,0.0,0.0,normal
1.238,tcp,http,SF,541,4976,0,0,0,0,0,1,0,0,0,0,0,0,0,0,0,0,5,2,0.0,0.0,0.0,0.0,0.956,0.041,0.054,93,104,0.807,0.086,0.101,0.095,0.0,0.0,0.0,0.0,normal
23.754,tcp,ssh,SF,1667,5173,0,0,0,0,0,1,0,0,0,0,0,0,0,0,0,0,6,3,0.0,0.0,0.0,0.0,0.959,0.045,0.071,170,137,0.818,0.133,0.149,0.026,0.0,0.0,0.0,0.0,normal
0.02,tcp,smtp,SF,800,1284,0,0,0,0,0,1,0,0,0,0,0,0,0,0,0,0,1,1,0.062,0.0,0.0,0.0,0.993,0.035,0.09,213,141,0.82,0.107,0.07,0.075,0.0,0.0,0.0,0.0,normal
163.926,tcp,ssh,SF,2269,4499,0,0,0,0,0,1,0,0,0,0,0,0,0,0,0,0,5,1,0.0,0.016,0.0,0.0,0.945,0.063,0.058,240,179,0.972,0.11,0.131,0.039,0.0,0.0,0.0,0.0,normal
0.031,udp,dns,SF,85,106,0,0,0,0,0,0,0,0,0,0,0,0,0,0,0,0,6,4,0.005,0.005,0.0,0.0,0.949,0.09,0.076,114,223,0.933,0.127,0.078,0.057,0.0,0.0,0.0,0.0,normal
3.689,tcp,http,SF,318,3422,0,0,0,0,0,1,0,0,0,0,0,0,0,0,0,0,8,6,0.0,0.001,0.0,0.0,0.853,0.113,0.093,77,199,0.823,0.191,0.075,0.057,0.0,0.0,0.0,0.0,normal
1.397,tcp,http,SF,528,1563,0,0,0,0,0,1,0,0,0,0,0,0,0,0,0,0,5,2,0.0,0.017,0.0,0.0,0.992,0.072,0.006,225,203,0.809,0.125,0.12,0.046,0.0,0.0,0.0,0.0,normal
104.82,tcp,ssh,SF,3257,3273,0,0,0,0,0,1,0,0,0,0,0,0,0,0,0,0,3,6,0.0,0.004,0.0,0.0,0.893,0.054,0.09,157,196,0.989,0.176,0.114,0.026,0.0,0.0,0.0,0.0,normal
23.259,tcp,ssh,SF,2790,4254,0,0,0,0,0,1,0,0,0,0,0,0,0,0,0,0,3,1,0.001,0.006,0.0,0.0,0.973,0.038,0.058,193,40,0.958,0.052,0.069,0.033,0.0,0.0,0.0,0.0,normal
0.076,udp,dns,SF,65,139,0,0,0,0,0,0,0,0,0,0,0,0,0,0,0,0,7,3,0.014,0.004,0.0,0.0,0.89,0.107,0.029,39,207,0.887,0.103,0.005,0.002,0.0,0.0,0.0,0.0,normal
0.023,udp,dns,SF,51,151,0,0,0,0,0,0,0,0,0,0,0,0,0,0,0,0,6,1,0.003,0.0,0.0,0.0,0.975,0.108,0.099,154,43,0.935,0.051,0.075,0.075,0.0,0.0,0.0,0.0,normal
0.188,tcp,http,SF,394,1304,0,0,0,0,0,1,0,0,0,0,0,0,0,0,0,0,5,1,0.0,0.0,0.0,0.0,0.959,0.004,0.088,194,142,0.898,0.043,0.02,0.037,0.0,0.0,0.0,0.0,normal
1.266,tcp,http,SF,445,2180,0,0,0,0,0,1,0,0,0,0,0,0,0,0,0,0,3,2,0.005,0.0,0.0,0.0,0.93,0.121,0.008,190,90,0.81,0.071,0.085,0.093,0.0,0.0,0.0,0.0,normal
0.745,tcp,http,SF,329,1300,0,0,0,0,0,1,0,0,0,0,0,0,0,0,0,0,7,1,0.0,0.0,0.0,0.0,0.943,0.061,0.01,56,120,0.87,0.038,0.028,0.085,0.0,0.0,0.0,0.0,normal
0.971,tcp,http,SF,594,837,0,0,0,0,0,1,0,0,0,0,0,0,0,0,0,0,2,1,0.026,0.0,0.0,0.0,0.998,0.106,0.019,16,245,0.825,0.056,0.125,0.052,0.0,0.0,0.0,0.0,normal
0.015,udp,dns,SF,67,152,0,0,0,0,0,0,0,0,0,0,0,0,0,0,0,0,3,4,0.001,0.044,0.0,0.0,0.913,0.12,0.081,215,112,0.857,0.11,0.112,0.069,0.0,0.0,0.0,0.0,normal
0.304,tcp,http,SF,330,6598,0,0,0,0,0,1,0,0,0,0,0,0,0,0,0,0,6,2,0.0,0.006,0.0,0.0,0.889,0.063,0.07,200,241,0.871,0.115,0.016,0.068,0.0,0.0,0.0,0.0,normal
1.181,tcp,smtp,SF,1059,933,0,0,0,0,0,1,0,0,0,0,0,0,0,0,0,0,7,5,0.001,0.14,0.0,0.0,0.898,0.003,0.007,56,186,0.909,0.139,0.107,0.007,0.0,0.0,0.0,0.0,normal
2.202,tcp,http,SF,527,166,0,0,0,0,0,1,0,0,0,0,0,0,0,0,0,0,7,3,0.0,0.0,0.0,0.0,0.879,0.096,0.088,105,245,0.93,0.19,0.022,0.004,0.0,0.0,0.0,0.0,normal
0.151,udp,dns,SF,77,160,0,0,0,0,0,0,0,0,0,0,0,0,0,0,0,0,3,3,0.0,0.0,0.0,0.0,0.944,0.103,0.086,53,175,0.827,0.077,0.078,0.019,0.0,0.0,0.0,0.0,normal
3.662,tcp,smtp,SF,1277,1245,0,0,0,0,0,1,0,0,0,0,0,0,0,0,0,0,4,6,0.0,0.0,0.0,0.0,0.901,0.014,0.056,218,55,0.854,0.096,0.057,0.032,0.0,0.0,0.0,0.0,normal
173.558,tcp,ssh,SF,2784,3886,0,0,0,0,0,1,0,0,0,0,0,0,0,0,0,0,5,2,0.0,0.0,0.0,0.0,0.962,0.021,0.045,233,124,0.88,0.068,0.07,0.071,0.0,0.0,0.0,0.0,normal
0.109,tcp,http,SF,424,961,0,0,0,0,0,1,0,0,0,0,0,0,0,0,0,0,4,4,0.0,0.0,0.0,0.0,0.885,0.077,0.03,47,63,0.988,0.054,0.094,0.063,0.0,0.0,0.0,0.0,normal
31.387,tcp,ssh,SF,1820,6742,0,0,0,0,0,1,0,0,0,0,0,0,0,0,0,0,1,2,0.0,0.0,0.0,0.0,0.874,0.058,0.02,221,176,0.805,0.103,0.029,0.063,0.0,0.0,0.0,0.0,normal
1.248,tcp,http,SF,610,7749,0,0,0,0,0,1,0,0,0,0,0,0,0,0,0,0,7,4,0.001,0.0,0.0,0.0,0.995,0.132,0.008,194,16,0.923,0.033,0.141,0.066,0.0,0.0,0.0,0.0,normal
3.136,tcp,http,SF,436,4851,0,0,0,0,0,1,0,0,0,0,0,0,0,0,0,0,4,4,0.0,0.0,0.0,0.0,0.931,0.08,0.044,51,200,0.867,0.048,0.066,0.033,0.0,0.0,0.0,0.0,normal
0.722,tcp,http,SF,273,4040,0,0,0,0,0,1,0,0,0,0,0,0,0,0,0,0,6,7,0.0,0.023,0.0,0.0,0.852,0.017,0.014,162,73,0.979,0.145,0.095,0.012,0.0,0.0,0.0,0.0,normal
3.639,tcp,http,SF,625,1642,0,0,0,0,0,1,0,0,0,0,0,0,0,0,0,0,4,2,0.004,0.011,0.0,0.0,0.861,0.028,0.047,17,225,0.979,0.141,0.126,0.053,0.0,0.0,0.0,0.0,normal
0.031,udp,dns,SF,54,166,0,0,0,0,0,0,0,0,0,0,0,0,0,0,0,0,7,1,0.013,0.0,0.0,0.0,0.988,0.117,0.097,194,51,0.937,0.104,0.13,0.074,0.0,0.0,0.0,0.0,normal
116.233,tcp,ssh,SF,2611,3431,0,0,0,0,0,1,0,0,0,0,0,0,0,0,0,0,1,3,0.011,0.0,0.0,0.0,0.879,0.149,0.057,165,38,0.923,0.076,0.028,0.03,0.0,0.0,0.0,0.0,normal
3.538,tcp,smtp,SF,965,1302,0,0,0,0,0,1,0,0,0,0,0,0,0,0,0,0,5,1,0.005,0.0,0.0,0.0,0.917,0.123,0.018,244,154,0.874,0.179,0.097,0.036,0.0,0.0,0.0,0.0,normal
2.36,tcp,http,SF,439,8187,0,0,0,0,0,1,0,0,0,0,0,0,0,0,0,0,6,3,0.001,0.0,0.0,0.0,0.992,0.125,0.028,42,80,0.866,0.045,0.136,0.053,0.0,0.0,0.0,0.0,normal
0.043,udp,dns,SF,61,142,0,0,0,0,0,0,0,0,0,0,0,0,0,0,0,0,3,3,0.0,0.0,0.0,0.0,0.978,0.127,0.099,171,99,0.87,0.022,0.129,0.093,0.0,0.0,0.0,0.0,normal
0.585,tcp,http,SF,266,1647,0,0,0,0,0,1,0,0,0,0,0,0,0,0,0,0,1,4,0.0,0.0,0.0,0.0,0.895,0.098,0.098,158,206,0.949,0.012,0.079,0.075,0.0,0.0,0.0,0.0,normal
3.699,tcp,http,SF,413,6284,0,0,0,0,0,1,0,0,0,0,0,0,0,0,0,0,7,4,0.0,0.0,0.0,0.0,0.999,0.12,0.025,115,243,0.969,0.195,0.06,0.067,0.0,0.0,0.0,0.0,normal
0.012,udp,dns,SF,53,157,0,0,0,0,0,0,0,0,0,0,0,0,0,0,0,0,5,4,0.091,0.001,0.0,0.0,0.897,0.035,0.089,17,82,0.822,0.031,0.054,0.088,0.0,0.0,0.0,0.0,normal
0.13,udp,dns,SF,64,116,0,0,0,0,0,0,0,0,0,0,0,0,0,0,0,0,6,3,0.036,0.052,0.0,0.0,0.965,0.072,0.073,190,235,0.942,0.186,0.036,0.08,0.0,0.0,0.0,0.0,normal
10.98,tcp,smtp,SF,621,1131,0,0,0,0,0,1,0,0,0,0,0,0,0,0,0,0,6,6,0.0,0.003,0.0,0.0,0.86,0.106,0.04,243,133,0.809,0.18,0.136,0.06,0.0,0.0,0.0,0.0,normal
0.556,tcp,http,SF,359,1862,0,0,0,0,0,1,0,0,0,0,0,0,0,0,0,0,4,4,0.003,0.0,0.0,0.0,0.891,0.111,0.016,140,205,0.803,0.034,0.051,0.078,0.0,0.0,0.0,0.0,normal
0.002,udp,dns,SF,86,98,0,0,0,1,0,0,0,0,0,0,0,0,0,0,0,0,3,4,0.0,0.043,0.0,0.0,0.912,0.052,0.017,50,76,0.98,0.166,0.001,0.022,0.0,0.0,0.0,0.0,normal
0.14,udp,dns,SF,96,166,0,0,0,0,0,0,0,0,0,0,0,0,0,0,0,0,6,4,0.002,0.171,0.0,0.0,0.869,0.033,0.031,249,134,1.0,0.155,0.133,0.018,0.0,0.0,0.0,0.0,normal
0.036,tcp,http,SF,328,1190,0,0,0,0,0,1,0,0,0,0,0,0,0,0,0,0,4,1,0.001,0.0,0.0,0.0,0.995,0.048,0.083,184,134,0.854,0.019,0.067,0.087,0.0,0.0,0.0,0.0,normal
6.55,tcp,http,SF,275,446,0,0,0,0,0,1,0,0,0,0,0,0,0,0,0,0,1,3,0.139,0.003,0.0,0.0,0.937,0.016,0.012,38,57,0.844,0.132,0.127,0.087,0.0,0.0,0.0,0.0,normal
2.818,tcp,smtp,SF,846,1282,0,0,0,0,0,1,0,0,0,0,0,0,0,0,0,0,4,2,0.147,0.0,0.0,0.0,0.908,0.017,0.062,80,47,0.928,0.08,0.128,0.052,0.0,0.0,0.0,0.0,normal
1.141,tcp,http,SF,372,11185,0,0,0,0,0,1,0,0,0,0,0,0,0,0,0,0,1,2,0.003,0.0,0.0,0.0,0.896,0.13,0.074,247,59,0.98,0.182,0.051,0.089,0.0,0.0,0.0,0.0,normal
56.519,tcp,ssh,SF,2485,4190,0,0,0,0,0,1,0,0,0,0,0,0,0,0,0,0,4,3,0.0,0.0,0.0,0.0,0.892,0.141,0.065,219,143,0.958,0.067,0.11,0.035,0.0,0.0,0.0,0.0,normal
1.494,tcp,http,SF,144,3102,0,0,0,0,0,1,0,0,0,0,0,0,0,0,0,0,1,1,0.001,0.0,0.0,0.0,0.96,0.105,0.09,12,174,0.96,0.102,0.036,0.009,0.0,0.0,0.0,0.0,normal
47.597,tcp,ssh,SF,3241,3164,0,0,0,0,0,1,0,0,0,0,0,0,0,0,0,0,4,5,0.05,0.003,0.0,0.0,0.948,0.141,0.094,76,112,1.0,0.079,0.037,0.021,0.0,0.0,0.0,0.0,normal
36.97,tcp,ssh,SF,1901,5493,0,0,0,0,0,1,0,0,0,0,0,0,0,0,0,0,2,3,0.0,0.0,0.0,0.0,0.97,0.009,0.075,183,241,0.816,0.016,0.092,0.068,0.0,0.0,0.0,0.0,normal
2.299,tcp,http,SF,428,1191,0,0,0,0,0,1,0,0,0,0,0,0,0,0,0,0,1,2,0.032,0.0,0.0,0.0,0.878,0.131,0.077,45,32,0.822,0.141,0.071,0.045,0.0,0.0,0.0,0.0,normal
0.228,tcp,other,REJ,376,105,0,0,0,0,0,0,0,0,0,0,0,0,0,0,0,0,4,1,0.015,0.004,0.0,0.0,0.996,0.125,0.021,54,196,0.991,0.069,0.052,0.048,0.0,0.0,0.0,0.0,normal
163.617,tcp,ssh,SF,7575,3395,0,0,0,0,0,1,0,0,0,0,0,0,0,0,0,0,3,5,0.0,0.0,0.0,0.0,0.858,0.032,0.044,134,191,0.994,0.015,0.141,0.031,0.0,0.0,0.0,0.0,normal
0.042,udp,dns,SF,71,140,0,0,0,0,0,0,0,0,0,0,0,0,0,0,0,0,4,1,0.001,0.016,0.0,0.0,0.906,0.114,0.011,183,184,0.836,0.016,0.145,0.017,0.0,0.0,0.0,0.0,normal
0.028,udp,dns,SF,63,162,0,0,0,0,0,0,0,0,0,0,0,0,0,0,0,0,1,3,0.0,0.026,0.0,0.0,0.851,0.068,0.011,182,189,0.956,0.2,0.069,0.009,0.0,0.0,0.0,0.0,normal
0.569,tcp,http,SF,377,284,0,0,0,0,0,1,0,0,0,0,0,0,0,0,0,0,3,3,0.0,0.0,0.0,0.0,0.971,0.132,0.049,233,217,0.801,0.087,0.026,0.039,0.0,0.0,0.0,0.0,normal
3.659,tcp,http,SF,415,1867,0,0,0,0,0,1,0,0,0,0,0,0,0,0,0,0,6,4,0.059,0.008,0.0,0.0,1.0,0.057,0.044,187,199,0.92,0.054,0.082,0.046,0.0,0.0,0.0,0.0,normal
0.026,tcp,http,SF,780,2441,0,0,0,0,0,1,0,0,0,0,0,0,0,0,0,0,5,2,0.001,0.002,0.0,0.0,0.911,0.084,0.063,130,106,0.832,0.132,0.002,0.081,0.0,0.0,0.0,0.0,normal
3.518,tcp,http,SF,341,5864,0,0,0,0,0,1,0,0,0,0,0,0,0,0,0,0,9,5,0.0,0.0,0.0,0.0,0.907,0.05,0.05,175,165,0.999,0.117,0.115,0.092,0.0,0.0,0.0,0.0,normal
0.006,tcp,http,SF,335,20,0,0,0,0,0,1,0,0,0,0,0,0,0,0,0,0,5,3,0.0,0.0,0.0,0.0,0.989,0.052,0.075,114,201,0.928,0.174,0.028,0.008,0.0,0.0,0.0,0.0,normal
0.026,udp,dns,SF,57,86,0,0,0,0,0,0,0,0,0,0,0,0,0,0,0,0,4,5,0.009,0.002,0.0,0.0,0.883,0.072,0.069,106,128,0.972,0.193,0.147,0.013,0.0,0.0,0.0,0.0,normal
0.766,tcp,http,SF,244,16052,0,0,0,0,0,1,0,0,0,0,0,0,0,0,0,0,3,2,0.0,0.026,0.0,0.0,0.905,0.05,0.026,234,245,0.949,0.028,0.045,0.09,0.0,0.0,0.0,0.0,normal
2.432,tcp,http,SF,517,1447,0,0,0,0,0,1,0,0,0,0,0,0,0,0,0,0,3,3,0.006,0.004,0.0,0.0,0.886,0.046,0.015,160,91,0.866,0.072,0.061,0.067,0.0,0.0,0.0,0.0,normal
9.96,tcp,smtp,SF,690,502,0,0,0,0,0,1,0,0,0,0,0,0,0,0,0,0,1,5,0.0,0.0,0.0,0.0,0.914,0.093,0.061,188,147,0.875,0.189,0.013,0.063,0.0,0.0,0.0,0.0,normal
0.243,tcp,http,SF,297,667,0,0,0,0,0,1,0,0,0,0,0,0,0,0,0,0,2,2,0.0,0.0,0.0,0.0,0.97,0.002,0.032,180,88,0.854,0.062,0.018,0.017,0.0,0.0,0.0,0.0,normal
1.95,tcp,smtp,SF,1054,1781,0,0,0,0,0,1,0,0,0,0,0,0,0,0,0,0,3,4,0.0,0.0,0.0,0.0,0.98,0.142,0.056,127,192,0.898,0.157,0.081,0.074,0.0,0.0,0.0,0.0,normal
0.01,udp,dns,SF,50,159,0,0,0,0,0,0,0,0,0,0,0,0,0,0,0,0,7,2,0.0,0.0,0.0,0.0,0.994,0.044,0.021,222,115,0.86,0.146,0.005,0.069,0.0,0.0,0.0,0.0,normal
0.029,udp,dns,SF,74,108,0,0,0,0,0,0,0,0,0,0,0,0,0,0,0,0,5,4,0.0,0.0,0.0,0.0,0.966,0.137,0.022,21,89,0.987,0.109,0.042,0.016,0.0,0.0,0.0,0.0,normal
2.238,tcp,http,SF,417,13080,0,0,0,0,0,1,0,0,0,0,0,0,0,0,0,0,7,5,0.0,0.0,0.0,0.0,0.919,0.087,0.038,104,35,0.865,0.017,0.087,0.098,0.0,0.0,0.0,0.0,normal
1.661,tcp,http,SF,191,106,0,0,0,0,0,1,0,0,0,0,0,0,0,0,0,0,3,2,0.0,0.0,0.0,0.0,0.896,0.03,0.083,236,217,0.871,0.116,0.059,0.001,0.0,0.0,0.0,0.0,normal
0.469,tcp,http,SF,378,3173,0,0,0,0,0,1,0,0,0,0,0,0,0,0,0,0,2,1,0.026,0.005,0.0,0.0,0.877,0.075,0.069,67,17,0.909,0.177,0.019,0.031,0.0,0.0,0.0,0.0,normal
0.82,tcp,http,SF,344,2272,0,0,0,1,0,1,0,0,0,0,0,0,0,0,0,0,3,6,0.001,0.0,0.0,0.0,0.917,0.146,0.033,17,210,0.867,0.046,0.065,0.009,0.0,0.0,0.0,0.0,normal
7.966,tcp,smtp,SF,1395,1034,0,0,0,0,0,1,0,0,0,0,0,0,0,0,0,0,5,1,0.002,0.0,0.0,0.0,0.971,0.129,0.005,136,27,0.895,0.156,0.016,0.086,0.0,0.0,0.0,0.0,normal
0.006,udp,dns,SF,54,113,0,0,0,0,0,0,0,0,0,0,0,0,0,0,0,0,5,2,0.0,0.0,0.0,0.0,0.984,0.047,0.086,100,141,0.831,0.166,0.035,0.076,0.0,0.0,0.0,0.0,normal
2.691,tcp,http,SF,337,1998,0,0,0,0,0,1,0,0,0,0,0,0,0,0,0,0,3,2,0.0,0.0,0.0,0.0,0.936,0.054,0.008,77,108,0.963,0.151,0.053,0.017,0.0,0.0,0.0,0.0,normal
4.266,tcp,http,SF,547,4248,0,0,0,0,0,1,0,0,0,0,0,0,0,0,0,0,3,1,0.001,0.04,0.0,0.0,0.856,0.113,0.073,178,152,0.823,0.059,0.026,0.006,0.0,0.0,0.0,0.0,normal
2.016,tcp,http,SF,264,1349,0,0,0,0,0,1,0,0,0,0,0,0,0,0,0,0,2,5,0.0,0.0,0.0,0.0,0.861,0.011,0.026,56,138,0.843,0.125,0.114,0.089,0.0,0.0,0.0,0.0,normal
0.09,udp,dns,SF,50,124,0,0,0,0,0,0,0,0,0,0,0,0,0,0,0,0,3,4,0.0,0.0,0.0,0.0,0.899,0.149,0.042,139,60,0.839,0.199,0.15,0.08,0.0,0.0,0.0,0.0,normal
0.549,tcp,http,SF,269,797,0,0,0,0,0,1,0,0,0,0,0,0,0,0,0,0,3,5,0.0,0.0,0.0,0.0,0.968,0.071,0.041,116,195,0.869,0.129,0.109,0.098,0.0,0.0,0.0,0.0,normal
2.889,tcp,http,SF,308,5566,0,0,0,0,0,1,0,0,0,0,0,0,0,0,0,0,4,2,0.193,0.023,0.0,0.0,0.896,0.058,0.02,168,184,0.847,0.085,0.139,0.041,0.0,0.0,0.0,0.0,normal
0.684,tcp,http,SF,403,921,0,0,0,0,0,1,0,0,0,0,0,0,0,0,0,0,5,5,0.215,0.0,0.0,0.0,0.905,0.128,0.044,97,55,0.831,0.188,0.057,0.04,0.0,0.0,0.0,0.0,normal
1.021,tcp,http,SF,165,2359,0,0,0,0,0,1,0,0,0,0,0,0,0,0,0,0,3,4,0.0,0.0,0.0,0.0,0.963,0.037,0.049,171,204,0.91,0.177,0.127,0.017,0.0,0.0,0.0,0.0,normal
0.068,tcp,http,SF,870,3719,0,0,0,0,0,1,0,0,0,0,0,0,0,0,0,0,4,2,0.0,0.0,0.0,0.0,0.973,0.042,0.031,60,109,0.921,0.127,0.011,0.095,0.0,0.0,0.0,0.0,normal
0.123,tcp,http,SF,222,1946,0,0,0,0,0,1,0,0,0,0,0,0,0,0,0,0,6,4,0.005,0.012,0.0,0.0,0.866,0.105,0.039,235,72,0.934,0.067,0.033,0.06,0.0,0.0,0.0,0.0,normal
27.471,tcp,ssh,SF,1909,1817,0,0,0,0,0,1,0,0,0,0,0,0,0,0,0,0,7,1,0.002,0.004,0.0,0.0,0.926,0.104,0.001,147,17,0.921,0.127,0.044,0.062,0.0,0.0,0.0,0.0,normal
0.369,tcp,http,SF,393,4022,0,0,0,0,0,1,0,0,0,0,0,0,0,0,0,0,4,5,0.0,0.0,0.0,0.0,0.917,0.051,0.09,29,209,0.817,0.088,0.011,0.087,0.0,0.0,0.0,0.0,normal
0.007,udp,dns,SF,66,99,0,0,0,0,0,0,0,0,0,0,0,0,0,0,0,0,8,3,0.0,0.005,0.0,0.0,0.884,0.101,0.084,147,117,0.978,0.068,0.095,0.084,0.0,0.0,0.0,0.0,normal
2.48,tcp,http,SF,177,496,0,0,0,0,0,1,0,0,0,0,0,0,0,0,0,0,1,3,0.001,0.008,0.0,0.0,0.942,0.065,0.078,129,41,0.871,0.179,0.021,0.093,0.0,0.0,0.0,0.0,normal
0.104,udp,dns,SF,63,123,0,0,0,0,0,0,0,0,0,0,0,0,0,0,0,0,7,4,0.0,0.011,0.0,0.0,0.918,0.069,0.01,128,17,0.924,0.114,0.097,0.09,0.0,0.0,0.0,0.0,normal
0.002,udp,dns,SF,47,144,0,0,0,0,0,0,0,0,0,0,0,0,0,0,0,0,5,2,0.005,0.006,0.0,0.0,0.961,0.136,0.045,26,15,0.867,0.019,0.094,0.083,0.0,0.0,0.0,0.0,normal
0.166,tcp,http,SF,470,3154,0,0,0,0,0,1,0,0,0,0,0,0,0,0,0,0,2,2,0.0,0.075,0.0,0.0,0.915,0.049,0.08,211,175,0.839,0.017,0.09,0.084,0.0,0.0,0.0,0.0,normal
0.01,udp,dns,SF,89,204,0,0,0,0,0,0,0,0,0,0,0,0,0,0,0,0,4,8,0.0,0.029,0.0,0.0,0.905,0.124,0.044,213,223,0.866,0.077,0.114,0.025,0.0,0.0,0.0,0.0,normal
0.468,tcp,http,SF,371,1411,0,0,0,0,0,1,0,0,0,0,0,0,0,0,0,0,3,3,0.01,0.0,0.0,0.0,0.935,0.023,0.059,97,145,0.863,0.162,0.019,0.014,0.0,0.0,0.0,0.0,normal
0.622,tcp,http,SF,815,589,0,0,0,0,0,1,0,0,0,0,0,0,0,0,0,0,4,3,0.0,0.056,0.0,0.0,0.947,0.004,0.054,169,122,0.912,0.03,0.093,0.03,0.0,0.0,0.0,0.0,normal
0.653,tcp,http,SF,617,101,0,0,0,0,0,1,0,0,0,0,0,0,0,0,0,0,6,3,0.002,0.055,0.0,0.0,0.926,0.142,0.093,74,19,0.801,0.102,0.032,0.021,0.0,0.0,0.0,0.0,normal
2.21,tcp,http,SF,404,2829,0,0,0,0,0,1,0,0,0,0,0,0,0,0,0,0,4,3,0.0,0.0,0.0,0.0,0.917,0.055,0.035,163,11,0.956,0.148,0.106,0.041,0.0,0.0,0.0,0.0,normal
6.214,tcp,smtp,SF,711,1033,0,0,0,0,0,1,0,0,0,0,0,0,0,0,0,0,5,4,0.0,0.001,0.0,0.0,0.931,0.085,0.019,170,28,0.867,0.161,0.041,0.068,0.0,0.0,0.0,0.0,normal
0.772,tcp,other,SF,121,144,0,0,0,0,0,0,0,0,0,0,0,0,0,0,0,0,5,5,0.0,0.057,0.0,0.0,0.866,0.091,0.021,179,137,0.954,0.147,0.016,0.042,0.0,0.0,0.0,0.0,normal
2.002,tcp,http,SF,325,1028,0,0,0,0,0,1,0,0,0,0,0,0,0,0,0,0,6,4,0.0,0.0,0.0,0.0,0.928,0.115,0.021,159,42,0.847,0.149,0.0,0.069,0.0,0.0,0.0,0.0,normal
0.567,tcp,smtp,SF,654,1611,0,0,0,0,0,1,0,0,0,0,0,0,0,0,0,0,5,4,0.027,0.0,0.0,0.0,0.991,0.136,0.036,133,127,0.983,0.177,0.002,0.018,0.0,0.0,0.0,0.0,normal
3.54,tcp,http,SF,329,9310,0,0,0,0,0,1,0,0,0,0,0,0,0,0,0,0,4,4,0.0,0.0,0.0,0.0,0.89,0.008,0.089,24,137,0.919,0.02,0.137,0.086,0.0,0.0,0.0,0.0,normal
7.716,tcp,smtp,SF,1184,1445,0,0,0,0,0,1,0,0,0,0,0,0,0,0,0,0,7,3,0.0,0.004,0.0,0.0,0.936,0.04,0.02,135,138,0.892,0.081,0.066,0.021,0.0,0.0,0.0,0.0,normal
0.989,tcp,http,SF,466,7326,0,0,0,0,0,1,0,0,0,0,0,0,0,0,0,0,6,2,0.08,0.0,0.0,0.0,0.942,0.037,0.027,206,112,0.845,0.188,0.087,0.007,0.0,0.0,0.0,0.0,normal
4.118,tcp,http,SF,248,2411,0,0,0,0,0,1,0,0,0,0,0,0,0,0,0,0,4,1,0.0,0.0,0.0,0.0,0.948,0.113,0.092,91,209,0.83,0.181,0.05,0.08,0.0,0.0,0.0,0.0,normal
2.092,tcp,http,SF,377,2008,0,0,0,0,0,1,0,0,0,0,0,0,0,0,0,0,6,8,0.151,0.0,0.0,0.0,0.969,0.131,0.044,230,44,0.924,0.182,0.067,0.082,0.0,0.0,0.0,0.0,normal
0.144,udp,dns,SF,52,154,0,0,0,0,0,0,0,0,0,0,0,0,0,0,0,0,7,1,0.0,0.001,0.0,0.0,0.936,0.01,0.055,98,20,0.909,0.186,0.014,0.048,0.0,0.0,0.0,0.0,normal
1.905,tcp,http,SF,281,1964,0,0,0,0,0,1,0,0,0,0,0,0,0,0,0,0,5,3,0.0,0.0,0.0,0.0,0.851,0.058,0.058,152,228,0.808,0.067,0.128,0.071,0.0,0.0,0.0,0.0,normal
1.447,tcp,http,SF,340,1876,0,0,0,0,0,1,0,0,0,0,0,0,0,0,0,0,6,4,0.002,0.0,0.0,0.0,0.896,0.048,0.06,194,98,0.955,0.039,0.029,0.023,0.0,0.0,0.0,0.0,normal
5.061,tcp,http,SF,258,6535,0,0,0,0,0,1,0,0,0,0,0,0,0,0,0,0,6,7,0.002,0.0,0.0,0.0,0.923,0.132,0.05,224,113,0.969,0.066,0.073,0.084,0.0,0.0,0.0,0.0,normal
0.031,tcp,http,SF,200,3679,0,0,0,0,0,1,0,0,0,0,0,0,0,0,0,0,4,5,0.0,0.051,0.0,0.0,0.915,0.084,0.054,41,68,0.927,0.075,0.008,0.097,0.0,0.0,0.0,0.0,normal
0.799,tcp,http,SF,224,16900,0,0,0,0,0,1,0,0,0,0,0,0,0,0,0,0,3,1,0.0,0.0,0.0,0.0,0.955,0.059,0.027,204,136,0.845,0.031,0.007,0.001,0.0,0.0,0.0,0.0,normal
0.003,udp,dns,SF,36,207,0,0,0,0,0,0,0,0,0,0,0,0,0,0,0,0,3,5,0.0,0.0,0.0,0.0,0.88,0.013,0.002,32,167,0.953,0.134,0.096,0.082,0.0,0.0,0.0,0.0,normal
29.252,tcp,ssh,SF,1714,5752,0,0,0,0,0,1,0,0,0,0,0,0,0,0,0,0,3,2,0.0,0.0,0.0,0.0,0.996,0.099,0.084,88,211,0.891,0.024,0.012,0.01,0.0,0.0,0.0,0.0,normal
75.969,tcp,ssh,SF,2662,3670,0,0,0,0,0,1,0,0,0,0,0,0,0,0,0,0,3,3,0.0,0.0,0.0,0.0,0.894,0.095,0.042,87,213,0.887,0.135,0.05,0.02,0.0,0.0,0.0,0.0,normal
0.008,udp,dns,SF,53,267,0,0,0,0,0,0,0,0,0,0,0,0,0,0,0,0,4,6,0.0,0.011,0.0,0.0,0.942,0.057,0.096,91,165,0.852,0.021,0.109,0.032,0.0,0.0,0.0,0.0,normal
0.673,tcp,http,SF,327,2387,0,0,0,0,0,1,0,0,0,0,0,0,0,0,0,0,4,5,0.0,0.039,0.0,0.0,0.993,0.13,0.092,46,211,0.87,0.034,0.045,0.096,0.0,0.0,0.0,0.0,normal
1.54,tcp,http,SF,481,2796,0,0,0,0,0,1,0,0,0,0,0,0,0,0,0,0,7,7,0.001,0.0,0.0,0.0,0.917,0.055,0.011,165,12,0.923,0.112,0.14,0.03,0.0,0.0,0.0,0.0,normal
0.284,tcp,http,SF,595,391,0,0,0,0,0,1,0,0,0,0,0,0,0,0,0,0,5,3,0.0,0.001,0.0,0.0,0.996,0.043,0.047,153,56,0.901,0.097,0.116,0.046,0.0,0.0,0.0,0.0,normal
0.439,tcp,http,SF,190,2295,0,0,0,0,0,1,0,0,0,0,0,0,0,0,0,0,4,3,0.0,0.0,0.0,0.0,0.939,0.019,0.006,65,238,0.845,0.166,0.01,0.068,0.0,0.0,0.0,0.0,normal
0.111,udp,dns,SF,48,125,0,0,0,0,0,0,0,0,0,0,0,0,0,0,0,0,5,1,0.004,0.0,0.0,0.0,0.926,0.077,0.058,140,188,0.823,0.17,0.055,0.019,0.0,0.0,0.0,0.0,normal
1.039,tcp,http,SF,226,3144,0,0,0,0,0,1,0,0,0,0,0,0,0,0,0,0,5,2,0.0,0.0,0.0,0.0,0.947,0.11,0.084,145,75,0.958,0.021,0.14,0.056,0.0,0.0,0.0,0.0,normal
4.538,tcp,http,SF,190,6172,0,0,0,0,0,1,0,0,0,0,0,0,0,0,0,0,2,5,0.0,0.085,0.0,0.0,0.903,0.054,0.046,20,32,0.809,0.0,0.079,0.054,0.0,0.0,0.0,0.0,normal
0.381,tcp,http,SF,221,6075,0,0,0,0,0,1,0,0,0,0,0,0,0,0,0,0,6,1,0.0,0.0,0.0,0.0,0.861,0.01,0.016,79,204,0.997,0.041,0.027,0.017,0.0,0.0,0.0,0.0,normal
0.005,udp,dns,SF,49,143,0,0,0,0,0,0,0,0,0,0,0,0,0,0,0,0,2,3,0.01,0.019,0.0,0.0,0.902,0.139,0.04,145,36,0.951,0.035,0.031,0.066,0.0,0.0,0.0,0.0,normal
3.039,tcp,http,SF,237,1634,0,0,0,0,0,1,0,0,0,0,0,0,0,0,0,0,5,5,0.006,0.056,0.0,0.0,0.864,0.12,0.07,81,176,0.876,0.053,0.091,0.029,0.0,0.0,0.0,0.0,normal
15.988,tcp,ssh,SF,1343,2839,0,0,0,0,0,1,0,0,0,0,0,0,0,0,0,0,2,5,0.033,0.0,0.0,0.0,0.922,0.06,0.015,193,65,0.978,0.078,0.024,0.04,0.0,0.0,0.0,0.0,normal
1.106,tcp,http,SF,631,213,0,0,0,0,0,1,0,0,0,0,0,0,0,0,0,0,4,3,0.0,0.0,0.0,0.0,0.986,0.02,0.017,29,73,0.861,0.189,0.085,0.027,0.0,0.0,0.0,0.0,normal
42.38,tcp,ssh,SF,2266,4403,0,0,0,0,0,1,0,0,0,0,0,0,0,0,0,0,3,2,0.013,0.0,0.0,0.0,0.852,0.056,0.019,180,158,0.928,0.065,0.129,0.098,0.0,0.0,0.0,0.0,normal
4.642,tcp,http,SF,250,628,0,0,0,0,0,1,0,0,0,0,0,0,0,0,0,0,4,2,0.003,0.0,0.0,0.0,0.869,0.123,0.08,248,254,0.849,0.01,0.108,0.081,0.0,0.0,0.0,0.0,normal
4.301,tcp,http,SF,246,10088,0,0,0,0,0,1,0,0,0,0,0,0,0,0,0,0,1,2,0.0,0.0,0.0,0.0,0.879,0.084,0.09,188,123,0.934,0.144,0.149,0.063,0.0,0.0,0.0,0.0,normal
0.026,udp,dns,SF,63,148,0,0,0,0,0,0,0,0,0,0,0,0,0,0,0,0,3,3,0.0,0.018,0.0,0.0,0.88,0.107,0.092,11,79,0.819,0.092,0.047,0.051,0.0,0.0,0.0,0.0,normal
0.771,tcp,http,SF,335,367,0,0,0,0,0,1,0,0,0,0,0,0,0,0,0,0,3,4,0.0,0.0,0.0,0.0,0.884,0.008,0.057,16,85,0.949,0.154,0.028,0.045,0.0,0.0,0.0,0.0,normal
0.054,tcp,http,SF,211,2895,0,0,0,0,0,1,0,0,0,0,0,0,0,0,0,0,5,5,0.0,0.0,0.0,0.0,0.906,0.081,0.059,99,107,0.872,0.133,0.135,0.075,0.0,0.0,0.0,0.0,normal
0.079,udp,dns,SF,67,145,0,0,0,0,0,0,0,0,0,0,0,0,0,0,0,0,5,6,0.001,0.0,0.0,0.0,0.923,0.086,0.031,251,126,0.885,0.105,0.067,0.065,0.0,0.0,0.0,0.0,normal
2.286,tcp,http,SF,302,11101,0,0,0,0,0,1,0,0,0,0,0,0,0,0,0,0,6,3,0.121,0.0,0.0,0.0,0.867,0.018,0.003,99,46,0.909,0.089,0.104,0.089,0.0,0.0,0.0,0.0,normal
99.524,tcp,ssh,SF,3074,4297,0,0,0,0,0,1,0,0,0,0,0,0,0,0,0,0,7,4,0.0,0.035,0.0,0.0,0.855,0.13,0.026,251,221,0.856,0.196,0.133,0.086,0.0,0.0,0.0,0.0,normal
1.952,tcp,http,SF,285,1608,0,0,0,0,0,1,0,0,0,0,0,0,0,0,0,0,3,5,0.0,0.0,0.0,0.0,0.937,0.001,0.002,31,56,0.854,0.092,0.057,0.015,0.0,0.0,0.0,0.0,normal
0.283,tcp,http,SF,300,683,0,0,0,0,0,1,0,0,0,0,0,0,0,0,0,0,1,3,0.001,0.0,0.0,0.0,0.88,0.035,0.065,131,244,0.974,0.196,0.048,0.039,0.0,0.0,0.0,0.0,normal
0.027,udp,dns,SF,64,108,0,0,0,0,0,0,0,0,0,0,0,0,0,0,0,0,2,1,0.0,0.0,0.0,0.0,0.953,0.111,0.026,99,183,0.843,0.105,0.108,0.015,0.0,0.0,0.0,0.0,normal
2.145,tcp,http,SF,315,139,0,0,0,0,0,1,0,0,0,0,0,0,0,0,0,0,2,8,0.003,0.0,0.0,0.0,0.861,0.129,0.041,202,219,0.977,0.184,0.118,0.075,0.0,0.0,0.0,0.0,normal
1.142,tcp,smtp,SF,923,1252,0,0,0,0,0,1,0,0,0,0,0,0,0,0,0,0,2,5,0.005,0.005,0.0,0.0,0.949,0.077,0.081,76,115,0.8,0.097,0.1,0.031,0.0,0.0,0.0,0.0,normal
0.889,tcp,http,SF,173,4521,0,0,0,0,0,1,0,0,0,0,0,0,0,0,0,0,4,3,0.0,0.005,0.0,0.0,0.873,0.142,0.015,145,148,0.831,0.076,0.119,0.094,0.0,0.0,0.0,0.0,normal
0.377,tcp,other,SF,248,229,0,0,0,0,0,0,0,0,0,0,0,0,0,0,0,0,4,2,0.0,0.032,0.0,0.0,0.897,0.094,0.008,163,252,0.999,0.104,0.149,0.094,0.0,0.0,0.0,0.0,normal
2.256,tcp,http,SF,382,377,0,0,0,0,0,1,0,0,0,0,0,0,0,0,0,0,7,4,0.006,0.0,0.0,0.0,0.967,0.133,0.072,81,29,0.904,0.141,0.093,0.068,0.0,0.0,0.0,0.0,normal
2.49,tcp,http,SF,321,4735,0,0,0,0,0,1,0,0,0,0,0,0,0,0,0,0,3,2,0.039,0.001,0.0,0.0,0.913,0.025,0.003,38,136,0.861,0.04,0.105,0.057,0.0,0.0,0.0,0.0,normal
2.028,tcp,http,SF,181,8525,0,0,0,0,0,1,0,0,0,0,0,0,0,0,0,0,5,5,0.041,0.004,0.0,0.0,0.964,0.117,0.028,109,52,0.828,0.02,0.044,0.072,0.0,0.0,0.0,0.0,normal
0.419,tcp,http,SF,533,2347,0,0,0,0,0,1,0,0,0,0,0,0,0,0,0,0,2,6,0.0,0.004,0.0,0.0,0.852,0.023,0.097,26,185,0.829,0.062,0.132,0.071,0.0,0.0,0.0,0.0,normal
1.1,tcp,http,SF,566,2371,0,0,0,0,0,1,0,0,0,0,0,0,0,0,0,0,3,7,0.0,0.0,0.0,0.0,0.862,0.099,0.085,218,46,0.924,0.097,0.034,0.044,0.0,0.0,0.0,0.0,normal
2.136,tcp,http,SF,443,2291,0,0,0,0,0,1,0,0,0,0,0,0,0,0,0,0,2,6,0.038,0.049,0.0,0.0,0.937,0.056,0.082,216,131,0.905,0.197,0.134,0.093,0.0,0.0,0.0,0.0,normal
0.754,tcp,http,SF,338,4058,0,0,0,0,0,1,0,0,0,0,0,0,0,0,0,0,3,3,0.0,0.007,0.0,0.0,0.969,0.034,0.076,147,188,0.814,0.181,0.085,0.084,0.0,0.0,0.0,0.0,normal
0.371,tcp,http,SF,225,1474,0,0,0,0,0,1,0,0,0,0,0,0,0,0,0,0,6,4,0.01,0.0,0.0,0.0,0.925,0.034,0.016,136,14,0.96,0.006,0.129,0.04,0.0,0.0,0.0,0.0,normal
0.074,udp,dns,SF,62,118,0,0,0,0,0,0,0,0,0,0,0,0,0,0,0,0,3,2,0.0,0.0,0.0,0.0,0.96,0.003,0.052,202,183,0.933,0.102,0.117,0.059,0.0,0.0,0.0,0.0,normal
4.574,tcp,http,SF,346,4078,0,0,0,0,0,1,0,0,0,0,0,0,0,0,0,0,6,2,0.044,0.0,0.0,0.0,0.897,0.013,0.0,187,187,0.977,0.051,0.067,0.062,0.0,0.0,0.0,0.0,normal
1.624,tcp,smtp,SF,683,1159,0,0,0,1,0,1,0,0,0,0,0,0,0,0,0,0,3,1,0.0,0.042,0.0,0.0,0.999,0.085,0.081,23,96,0.814,0.081,0.101,0.025,0.0,0.0,0.0,0.0,normal
0.416,tcp,http,SF,589,1857,0,0,0,0,0,1,0,0,0,0,0,0,0,0,0,0,4,3,0.0,0.003,0.0,0.0,0.968,0.044,0.011,170,48,0.938,0.027,0.043,0.009,0.0,0.0,0.0,0.0,normal
0.255,tcp,http,SF,311,2028,0,0,0,0,0,1,0,0,0,0,0,0,0,0,0,0,7,1,0.0,0.071,0.0,0.0,0.88,0.07,0.021,226,17,0.928,0.082,0.138,0.098,0.0,0.0,0.0,0.0,normal
4.711,tcp,http,SF,348,5740,0,0,0,0,0,1,0,0,0,0,0,0,0,0,0,0,4,1,0.0,0.0,0.0,0.0,0.928,0.147,0.095,231,38,0.927,0.138,0.13,0.05,0.0,0.0,0.0,0.0,normal
2.464,tcp,http,SF,647,8259,0,0,0,0,0,1,0,0,0,0,0,0,0,0,0,0,8,2,0.0,0.0,0.0,0.0,0.866,0.088,0.074,145,149,0.987,0.151,0.013,0.086,0.0,0.0,0.0,0.0,normal
5.092,tcp,smtp,SF,1084,1665,0,0,0,0,0,1,0,0,0,0,0,0,0,0,0,0,2,4,0.007,0.0,0.0,0.0,0.898,0.108,0.021,182,207,0.856,0.028,0.051,0.002,0.0,0.0,0.0,0.0,normal
8.916,tcp,smtp,SF,1060,1346,0,0,0,0,0,1,0,0,0,0,0,0,0,0,0,0,8,5,0.0,0.0,0.0,0.0,0.974,0.035,0.08,56,22,0.855,0.089,0.144,0.009,0.0,0.0,0.0,0.0,normal
0.459,tcp,http,SF,296,3120,0,0,0,0,0,1,0,0,0,0,0,0,0,0,0,0,3,3,0.112,0.02,0.0,0.0,0.955,0.01,0.085,32,11,0.892,0.159,0.137,0.063,0.0,0.0,0.0,0.0,normal
2.43,tcp,http,SF,240,3304,0,0,0,0,0,1,0,0,0,0,0,0,0,0,0,0,8,8,0.0,0.0,0.0,0.0,0.984,0.061,0.029,197,100,0.921,0.06,0.097,0.05,0.0,0.0,0.0,0.0,normal
4.628,tcp,http,SF,153,1086,0,0,0,0,0,1,0,0,0,0,0,0,0,0,0,0,3,3,0.0,0.019,0.0,0.0,0.885,0.065,0.024,77,37,0.842,0.08,0.123,0.077,0.0,0.0,0.0,0.0,normal
2.163,tcp,ssh,SF,2273,3682,0,0,0,0,0,1,0,0,0,0,0,0,0,0,0,0,5,2,0.0,0.0,0.0,0.0,0.861,0.073,0.036,87,88,0.9,0.144,0.089,0.042,0.0,0.0,0.0,0.0,normal
4.167,tcp,smtp,SF,914,1267,0,0,0,0,0,1,0,0,0,0,0,0,0,0,0,0,3,3,0.0,0.0,0.0,0.0,0.863,0.046,0.026,171,177,0.915,0.072,0.033,0.044,0.0,0.0,0.0,0.0,normal
1.772,tcp,http,SF,427,3231,0,0,0,0,0,1,0,0,0,0,0,0,0,0,0,0,4,1,0.0,0.0,0.0,0.0,0.923,0.082,0.088,120,183,0.972,0.077,0.116,0.096,0.0,0.0,0.0,0.0,normal
0.345,tcp,http,SF,268,867,0,0,0,0,0,1,0,0,0,0,0,0,0,0,0,0,6,1,0.0,0.007,0.0,0.0,0.868,0.058,0.032,149,87,0.897,0.107,0.04,0.044,0.0,0.0,0.0,0.0,normal
55.5,tcp,ssh,SF,3884,3937,0,0,0,0,0,1,0,0,0,0,0,0,0,0,0,0,5,4,0.0,0.0,0.0,0.0,0.957,0.062,0.077,138,177,0.871,0.175,0.011,0.074,0.0,0.0,0.0,0.0,normal
4.269,tcp,http,SF,510,2708,0,0,0,0,0,1,0,0,0,0,0,0,0,0,0,0,4,3,0.0,0.013,0.0,0.0,0.966,0.131,0.039,78,95,0.87,0.039,0.008,0.089,0.0,0.0,0.0,0.0,normal
81.126,tcp,ssh,SF,2378,3625,0,0,0,0,0,1,0,0,0,0,0,0,0,0,0,0,4,4,0.0,0.005,0.0,0.0,0.916,0.09,0.063,206,63,0.961,0.083,0.118,0.002,0.0,0.0,0.0,0.0,normal
2.31,tcp,http,SF,448,2001,0,0,0,0,0,1,0,0,0,0,0,0,0,0,0,0,2,6,0.038,0.001,0.0,0.0,0.978,0.145,0.067,151,115,0.822,0.121,0.124,0.011,0.0,0.0,0.0,0.0,normal
0.011,udp,dns,SF,90,117,0,0,0,0,0,0,0,0,0,0,0,0,0,0,0,0,2,4,0.079,0.049,0.0,0.0,0.993,0.035,0.035,158,12,0.844,0.177,0.072,0.01,0.0,0.0,0.0,0.0,normal
0.161,udp,dns,SF,92,175,0,0,0,0,0,0,0,0,0,0,0,0,0,0,0,0,3,4,0.037,0.0,0.0,0.0,0.895,0.077,0.042,129,210,0.995,0.021,0.003,0.077,0.0,0.0,0.0,0.0,normal
0.062,tcp,http,SF,521,201,0,0,0,0,0,1,0,0,0,0,0,0,0,0,0,0,4,1,0.024,0.0,0.0,0.0,0.914,0.147,0.087,104,135,0.89,0.047,0.023,0.024,0.0,0.0,0.0,0.0,normal
5.323,tcp,http,SF,314,4535,0,0,0,0,0,1,0,0,0,0,0,0,0,0,0,0,5,2,0.031,0.0,0.0,0.0,0.982,0.147,0.091,89,252,0.828,0.05,0.115,0.047,0.0,0.0,0.0,0.0,normal
4.928,tcp,http,SF,377,691,0,0,0,0,0,1,0,0,0,0,0,0,0,0,0,0,5,5,0.012,0.0,0.0,0.0,0.855,0.081,0.028,79,22,0.886,0.027,0.042,0.057,0.0,0.0,0.0,0.0,normal
1.063,tcp,http,SF,567,3051,0,0,0,0,0,1,0,0,0,0,0,0,0,0,0,0,4,1,0.0,0.0,0.0,0.0,0.916,0.077,0.011,93,237,0.861,0.12,0.001,0.046,0.0,0.0,0.0,0.0,normal
1.36,tcp,smtp,SF,1460,887,0,0,0,0,0,1,0,0,0,0,0,0,0,0,0,0,2,2,0.002,0.0,0.0,0.0,0.857,0.117,0.046,119,208,0.902,0.18,0.052,0.059,0.0,0.0,0.0,0.0,normal
0.143,tcp,http,SF,386,303,0,0,0,0,0,1,0,0,0,0,0,0,0,0,0,0,1,2,0.004,0.002,0.0,0.0,0.931,0.108,0.032,233,235,0.815,0.053,0.101,0.083,0.0,0.0,0.0,0.0,normal
0.499,tcp,smtp,SF,609,754,0,0,0,0,0,1,0,0,0,0,0,0,0,0,0,0,3,5,0.024,0.044,0.0,0.0,0.935,0.08,0.011,105,15,0.868,0.1,0.083,0.052,0.0,0.0,0.0,0.0,normal
1.158,tcp,http,SF,432,11932,0,0,0,0,0,1,0,0,0,0,0,0,0,0,0,0,8,3,0.0,0.0,0.0,0.0,0.862,0.04,0.007,141,57,0.89,0.12,0.122,0.009,0.0,0.0,0.0,0.0,normal
0.043,udp,dns,SF,88,192,0,0,0,0,0,0,0,0,0,0,0,0,0,0,0,0,5,4,0.013,0.03,0.0,0.0,0.924,0.044,0.019,56,105,0.851,0.168,0.126,0.044,0.0,0.0,0.0,0.0,normal
1.64,tcp,http,SF,303,1148,0,0,0,0,0,1,0,0,0,0,0,0,0,0,0,0,8,4,0.0,0.0,0.0,0.0,0.912,0.052,0.088,229,186,0.98,0.162,0.063,0.006,0.0,0.0,0.0,0.0,normal
0.111,tcp,other,SF,289,117,0,0,0,0,0,0,0,0,0,0,0,0,0,0,0,0,1,1,0.0,0.04,0.0,0.0,0.919,0.013,0.046,63,123,0.861,0.174,0.063,0.015,0.0,0.0,0.0,0.0,normal
1.216,tcp,http,SF,281,561,0,0,0,0,0,1,0,0,0,0,0,0,0,0,0,0,8,1,0.0,0.0,0.0,0.0,0.96,0.091,0.053,51,51,0.984,0.172,0.126,0.007,0.0,0.0,0.0,0.0,normal
7.516,tcp,ssh,SF,1825,3638,0,0,0,0,0,1,0,0,0,0,0,0,0,0,0,0,3,1,0.0,0.0,0.0,0.0,0.979,0.102,0.046,90,124,0.944,0.064,0.08,0.012,0.0,0.0,0.0,0.0,normal
4.664,tcp,http,SF,180,1282,0,0,0,0,0,1,0,0,0,0,0,0,0,0,0,0,4,1,0.0,0.0,0.0,0.0,0.981,0.072,0.029,214,111,0.889,0.044,0.12,0.082,0.0,0.0,0.0,0.0,normal
0.865,tcp,http,SF,350,275,0,0,0,0,0,1,0,0,0,0,0,0,0,0,0,0,4,2,0.002,0.036,0.0,0.0,0.897,0.093,0.088,115,227,0.849,0.031,0.067,0.094,0.0,0.0,0.0,0.0,normal
3.336,tcp,smtp,SF,930,950,0,0,0,0,0,1,0,0,0,0,0,0,0,0,0,0,3,4,0.0,0.0,0.0,0.0,0.851,0.126,0.007,105,62,0.919,0.155,0.096,0.062,0.0,0.0,0.0,0.0,normal
1.433,tcp,http,SF,313,9754,0,0,0,0,0,1,0,0,0,0,0,0,0,0,0,0,5,1,0.0,0.0,0.0,0.0,0.89,0.006,0.087,184,149,0.966,0.148,0.002,0.065,0.0,0.0,0.0,0.0,normal
0.018,udp,dns,SF,74,128,0,0,0,0,0,0,0,0,0,0,0,0,0,0,0,0,5,1,0.0,0.03,0.0,0.0,0.871,0.126,0.057,161,162,0.852,0.166,0.076,0.007,0.0,0.0,0.0,0.0,normal
49.718,tcp,ssh,SF,1833,4543,0,0,0,0,0,1,0,0,0,0,0,0,0,0,0,0,1,3,0.083,0.0,0.0,0.0,0.872,0.035,0.044,246,101,0.826,0.048,0.089,0.07,0.0,0.0,0.0,0.0,normal
2.805,tcp,http,SF,441,211,0,0,0,0,0,1,0,0,0,0,0,0,0,0,0,0,5,2,0.0,0.0,0.0,0.0,0.896,0.146,0.094,11,163,0.804,0.074,0.03,0.058,0.0,0.0,0.0,0.0,normal
0.021,udp,dns,SF,56,162,0,0,0,0,0,0,0,0,0,0,0,0,0,0,0,0,5,6,0.008,0.019,0.0,0.0,0.92,0.008,0.061,36,116,0.916,0.009,0.124,0.081,0.0,0.0,0.0,0.0,normal
3.307,tcp,http,SF,297,216,0,0,0,0,0,1,0,0,0,0,0,0,0,0,0,0,5,1,0.0,0.0,0.0,0.0,0.966,0.029,0.08,122,249,0.866,0.047,0.018,0.045,0.0,0.0,0.0,0.0,normal
0.271,tcp,http,SF,794,3457,0,0,0,0,0,1,0,0,0,0,0,0,0,0,0,0,7,6,0.003,0.003,0.0,0.0,0.953,0.035,0.036,198,213,0.865,0.104,0.011,0.05,0.0,0.0,0.0,0.0,normal
0.549,tcp,other,REJ,85,129,0,0,0,0,0,0,0,0,0,0,0,0,0,0,0,0,4,2,0.007,0.0,0.0,0.0,0.921,0.093,0.079,90,50,0.866,0.149,0.134,0.084,0.0,0.0,0.0,0.0,normal
5.253,tcp,http,SF,254,18112,0,0,0,0,0,1,0,0,0,0,0,0,0,0,0,0,6,1,0.049,0.0,0.0,0.0,0.978,0.031,0.017,121,125,0.892,0.177,0.149,0.026,0.0,0.0,0.0,0.0,normal
0.946,tcp,http,SF,477,1010,0,0,0,0,0,1,0,0,0,0,0,0,0,0,0,0,1,1,0.0,0.0,0.0,0.0,0.926,0.108,0.09,70,55,0.814,0.046,0.083,0.009,0.0,0.0,0.0,0.0,normal
1.762,tcp,http,SF,380,89,0,0,0,0,0,1,0,0,0,0,0,0,0,0,0,0,6,6,0.0,0.0,0.0,0.0,0.984,0.131,0.0,111,34,0.988,0.001,0.143,0.057,0.0,0.0,0.0,0.0,normal
1.219,tcp,http,SF,357,580,0,0,0,0,0,1,0,0,0,0,0,0,0,0,0,0,9,4,0.015,0.0,0.0,0.0,0.855,0.023,0.061,125,109,0.806,0.07,0.055,0.023,0.0,0.0,0.0,0.0,normal
0.797,tcp,http,SF,324,4419,0,0,0,0,0,1,0,0,0,0,0,0,0,0,0,0,5,2,0.0,0.034,0.0,0.0,0.922,0.119,0.032,158,36,0.927,0.053,0.138,0.029,0.0,0.0,0.0,0.0,normal
2.09,tcp,http,SF,320,3259,0,0,0,0,0,1,0,0,0,0,0,0,0,0,0,0,3,2,0.0,0.0,0.0,0.0,0.972,0.069,0.001,201,202,0.885,0.199,0.114,0.056,0.0,0.0,0.0,0.0,normal
0.004,udp,dns,SF,61,191,0,0,0,0,0,0,0,0,0,0,0,0,0,0,0,0,5,2,0.0,0.0,0.0,0.0,0.94,0.146,0.057,113,94,0.954,0.124,0.145,0.016,0.0,0.0,0.0,0.0,normal
3.648,tcp,http,SF,309,1517,0,0,0,0,0,1,0,0,0,0,0,0,0,0,0,0,4,3,0.0,0.002,0.0,0.0,0.935,0.009,0.085,88,36,0.924,0.03,0.131,0.097,0.0,0.0,0.0,0.0,normal
0.11,tcp,http,SF,601,2324,0,0,0,0,0,1,0,0,0,0,0,0,0,0,0,0,3,2,0.0,0.0,0.0,0.0,0.99,0.149,0.068,181,154,0.916,0.04,0.025,0.03,0.0,0.0,0.0,0.0,normal
0.37,tcp,http,SF,382,42,0,0,0,0,0,1,0,0,0,0,0,0,0,0,0,0,5,5,0.012,0.0,0.0,0.0,0.887,0.08,0.098,225,240,0.861,0.138,0.077,0.029,0.0,0.0,0.0,0.0,normal
0.739,tcp,http,SF,331,85,0,0,0,0,0,1,0,0,0,0,0,0,0,0,0,0,3,3,0.0,0.201,0.0,0.0,0.989,0.103,0.067,224,180,0.936,0.108,0.077,0.048,0.0,0.0,0.0,0.0,normal
1.53,tcp,http,SF,850,785,0,0,0,0,0,1,0,0,0,0,0,0,0,0,0,0,4,1,0.0,0.0,0.0,0.0,0.887,0.14,0.056,43,22,0.986,0.162,0.015,0.024,0.0,0.0,0.0,0.0,normal
0.018,udp,dns,SF,57,162,0,0,0,0,0,0,0,0,0,0,0,0,0,0,0,0,4,3,0.0,0.0,0.0,0.0,0.937,0.007,0.08,57,212,0.81,0.066,0.117,0.066,0.0,0.0,0.0,0.0,normal
0.642,tcp,http,SF,312,925,0,0,0,0,0,1,0,0,0,0,0,0,0,0,0,0,7,4,0.007,0.0,0.0,0.0,0.916,0.108,0.039,89,101,0.981,0.054,0.057,0.035,0.0,0.0,0.0,0.0,normal
0.241,tcp,http,SF,459,5614,0,0,0,0,0,1,0,0,0,0,0,0,0,0,0,0,2,3,0.0,0.0,0.0,0.0,0.941,0.007,0.045,111,220,0.958,0.191,0.112,0.016,0.0,0.0,0.0,0.0,normal
0.896,tcp,http,SF,554,155,0,0,0,0,0,1,0,0,0,0,0,0,0,0,0,0,2,7,0.0,0.0,0.0,0.0,0.867,0.107,0.018,115,167,0.833,0.178,0.004,0.022,0.0,0.0,0.0,0.0,normal
0.249,tcp,http,SF,470,2366,0,0,0,0,0,1,0,0,0,0,0,0,0,0,0,0,7,3,0.001,0.069,0.0,0.0,0.897,0.122,0.083,75,153,0.877,0.112,0.106,0.079,0.0,0.0,0.0,0.0,normal
46.533,tcp,ssh,SF,2687,3684,0,0,0,0,0,1,0,0,0,0,0,0,0,0,0,0,6,1,0.0,0.07,0.0,0.0,0.859,0.036,0.09,81,188,0.876,0.182,0.098,0.08,0.0,0.0,0.0,0.0,normal
0.146,tcp,http,SF,555,2163,0,0,0,0,0,1,0,0,0,0,0,0,0,0,0,0,2,2,0.0,0.001,0.0,0.0,0.914,0.113,0.09,227,80,0.921,0.168,0.13,0.0,0.0,0.0,0.0,0.0,normal
0.002,udp,dns,SF,55,136,0,0,0,0,0,0,0,0,0,0,0,0,0,0,0,0,3,2,0.079,0.004,0.0,0.0,0.879,0.007,0.04,16,151,0.97,0.047,0.045,0.034,0.0,0.0,0.0,0.0,normal
4.419,tcp,http,SF,332,11219,0,0,0,0,0,1,0,0,0,0,0,0,0,0,0,0,7,4,0.0,0.0,0.0,0.0,0.979,0.077,0.022,100,42,0.814,0.068,0.006,0.068,0.0,0.0,0.0,0.0,normal
3.642,tcp,http,SF,287,511,0,0,0,0,0,1,0,0,0,0,0,0,0,0,0,0,7,3,0.041,0.0,0.0,0.0,0.961,0.045,0.068,193,111,0.912,0.137,0.126,0.049,0.0,0.0,0.0,0.0,normal
2.14,tcp,http,SF,293,1726,0,0,0,0,0,1,0,0,0,0,0,0,0,0,0,0,5,4,0.0,0.0,0.0,0.0,0.885,0.096,0.081,212,181,0.825,0.092,0.01,0.092,0.0,0.0,0.0,0.0,normal
0.291,tcp,http,SF,397,1953,0,0,0,0,0,1,0,0,0,0,0,0,0,0,0,0,5,4,0.0,0.0,0.0,0.0,0.857,0.144,0.072,17,54,0.913,0.132,0.08,0.061,0.0,0.0,0.0,0.0,normal
3.439,tcp,http,SF,354,204,0,0,0,0,0,1,0,0,0,0,0,0,0,0,0,0,2,3,0.0,0.12,0.0,0.0,0.913,0.03,0.007,170,192,0.934,0.153,0.033,0.075,0.0,0.0,0.0,0.0,normal
1.369,tcp,http,SF,304,2406,0,0,0,0,0,1,0,0,0,0,0,0,0,0,0,0,6,5,0.0,0.147,0.0,0.0,0.962,0.14,0.006,27,119,0.874,0.169,0.087,0.1,0.0,0.0,0.0,0.0,normal
0.249,tcp,http,SF,429,1010,0,0,0,0,0,1,0,0,0,0,0,0,0,0,0,0,8,1,0.019,0.006,0.0,0.0,0.93,0.082,0.019,159,117,0.871,0.059,0.071,0.084,0.0,0.0,0.0,0.0,normal
0.785,tcp,http,SF,613,2365,0,0,0,0,0,1,0,0,0,0,0,0,0,0,0,0,5,2,0.0,0.0,0.0,0.0,0.969,0.031,0.01,164,90,0.938,0.186,0.117,0.041,0.0,0.0,0.0,0.0,normal
4.088,tcp,http,SF,552,2069,0,0,0,0,0,1,0,0,0,0,0,0,0,0,0,0,3,3,0.0,0.0,0.0,0.0,0.939,0.123,0.091,40,114,0.835,0.056,0.103,0.032,0.0,0.0,0.0,0.0,normal
0.001,udp,dns,SF,67,103,0,0,0,0,0,0,0,0,0,0,0,0,0,0,0,0,1,6,0.032,0.0,0.0,0.0,0.86,0.102,0.03,127,234,0.813,0.07,0.135,0.008,0.0,0.0,0.0,0.0,normal
4.118,tcp,smtp,SF,662,1150,0,0,0,0,0,1,0,0,0,0,0,0,0,0,0,0,5,2,0.0,0.05,0.0,0.0,0.98,0.086,0.042,223,77,0.988,0.098,0.049,0.09,0.0,0.0,0.0,0.0,normal
1.19,tcp,http,SF,321,2673,0,0,0,0,0,1,0,0,0,0,0,0,0,0,0,0,9,7,0.001,0.04,0.0,0.0,0.962,0.09,0.054,195,188,0.84,0.097,0.143,0.089,0.0,0.0,0.0,0.0,normal
4.05,tcp,http,SF,434,5049,0,0,0,0,0,1,0,0,0,0,0,0,0,0,0,0,3,3,0.007,0.001,0.0,0.0,0.951,0.057,0.049,140,156,0.801,0.043,0.028,0.087,0.0,0.0,0.0,0.0,normal
0.092,udp,dns,SF,57,154,0,0,0,0,0,0,0,0,0,0,0,0,0,0,0,0,5,1,0.085,0.0,0.0,0.0,0.909,0.129,0.005,20,125,0.989,0.084,0.147,0.071,0.0,0.0,0.0,0.0,normal
0.101,udp,dns,SF,80,193,0,0,0,0,0,0,0,0,0,0,0,0,0,0,0,0,3,4,0.0,0.001,0.0,0.0,0.856,0.012,0.048,100,241,0.816,0.171,0.122,0.095,0.0,0.0,0.0,0.0,normal
1.081,tcp,http,SF,249,3485,0,0,0,0,0,1,0,0,0,0,0,0,0,0,0,0,10,2,0.019,0.0,0.0,0.0,0.875,0.024,0.075,57,109,0.809,0.045,0.109,0.022,0.0,0.0,0.0,0.0,normal
0.866,tcp,other,SF,226,280,0,0,0,0,0,0,0,0,0,0,0,0,0,0,0,0,4,3,0.0,0.0,0.0,0.0,0.998,0.027,0.063,202,155,0.826,0.123,0.08,0.076,0.0,0.0,0.0,0.0,normal
2.32,tcp,http,SF,280,175,0,0,0,0,0,1,0,0,0,0,0,0,0,0,0,0,5,2,0.0,0.0,0.0,0.0,0.991,0.117,0.022,224,37,0.814,0.164,0.132,0.053,0.0,0.0,0.0,0.0,normal
1.958,tcp,http,SF,375,2714,0,0,0,0,0,1,0,0,0,0,0,0,0,0,0,0,3,2,0.0,0.004,0.0,0.0,0.854,0.055,0.036,136,44,0.926,0.077,0.045,0.06,0.0,0.0,0.0,0.0,normal
8.88,tcp,http,SF,527,6308,0,0,0,0,0,1,0,0,0,0,0,0,0,0,0,0,5,5,0.0,0.0,0.0,0.0,0.898,0.017,0.055,138,102,0.993,0.148,0.02,0.056,0.0,0.0,0.0,0.0,normal
3.745,tcp,http,SF,410,3480,0,0,0,0,0,1,0,0,0,0,0,0,0,0,0,0,6,3,0.0,0.007,0.0,0.0,0.952,0.138,0.082,247,155,0.907,0.17,0.141,0.078,0.0,0.0,0.0,0.0,normal
2.939,tcp,http,SF,382,6019,0,0,0,0,0,1,0,0,0,0,0,0,0,0,0,0,5,6,0.0,0.0,0.0,0.0,0.883,0.095,0.007,75,103,0.809,0.2,0.13,0.085,0.0,0.0,0.0,0.0,normal
0.325,tcp,http,SF,537,1262,0,0,0,0,0,1,0,0,0,0,0,0,0,0,0,0,1,2,0.001,0.003,0.0,0.0,0.927,0.106,0.064,36,175,0.86,0.171,0.092,0.046,0.0,0.0,0.0,0.0,normal
2.264,tcp,http,SF,806,3123,0,0,0,0,0,1,0,0,0,0,0,0,0,0,0,0,3,3,0.0,0.0,0.0,0.0,0.897,0.03,0.093,110,243,0.956,0.077,0.146,0.058,0.0,0.0,0.0,0.0,normal
1.836,tcp,http,SF,284,427,0,0,0,0,0,1,0,0,0,0,0,0,0,0,0,0,6,4,0.001,0.0,0.0,0.0,0.869,0.062,0.094,125,212,0.899,0.08,0.006,0.049,0.0,0.0,0.0,0.0,normal
0.226,tcp,http,SF,329,8864,0,0,0,0,0,1,0,0,0,0,0,0,0,0,0,0,6,6,0.0,0.0,0.0,0.0,0.869,0.143,0.083,139,189,0.909,0.006,0.146,0.02,0.0,0.0,0.0,0.0,normal
3.669,tcp,http,SF,418,3234,0,0,0,0,0,1,0,0,0,0,0,0,0,0,0,0,3,6,0.0,0.026,0.0,0.0,0.927,0.147,0.026,57,18,0.904,0.053,0.111,0.094,0.0,0.0,0.0,0.0,normal
0.911,tcp,http,SF,442,3787,0,0,0,0,0,1,0,0,0,0,0,0,0,0,0,0,2,2,0.006,0.001,0.0,0.0,0.936,0.108,0.024,234,48,0.99,0.048,0.049,0.088,0.0,0.0,0.0,0.0,normal
0.65,tcp,http,SF,263,97,0,0,0,0,0,1,0,0,0,0,0,0,0,0,0,0,3,6,0.0,0.0,0.0,0.0,0.912,0.014,0.055,244,183,0.871,0.151,0.149,0.021,0.0,0.0,0.0,0.0,normal
1.625,tcp,http,SF,675,1560,0,0,0,0,0,1,0,0,0,0,0,0,0,0,0,0,4,5,0.0,0.0,0.0,0.0,0.979,0.102,0.081,111,67,0.912,0.059,0.068,0.061,0.0,0.0,0.0,0.0,normal
0.035,udp,dns,SF,67,103,0,0,0,0,0,0,0,0,0,0,0,0,0,0,0,0,1,3,0.0,0.0,0.0,0.0,0.88,0.013,0.09,93,152,0.934,0.081,0.024,0.097,0.0,0.0,0.0,0.0,normal
3.093,tcp,http,SF,113,9078,0,0,0,0,0,1,0,0,0,0,0,0,0,0,0,0,2,1,0.052,0.0,0.0,0.0,0.999,0.15,0.022,189,244,0.862,0.167,0.035,0.004,0.0,0.0,0.0,0.0,normal
1.854,tcp,http,SF,445,3315,0,0,0,0,0,1,0,0,0,0,0,0,0,0,0,0,3,2,0.0,0.0,0.0,0.0,0.975,0.087,0.055,56,99,0.898,0.154,0.065,0.084,0.0,0.0,0.0,0.0,normal
2.274,tcp,http,SF,288,1190,0,0,0,0,0,1,0,0,0,0,0,0,0,0,0,0,6,2,0.0,0.0,0.0,0.0,0.852,0.133,0.099,28,241,0.853,0.176,0.111,0.048,0.0,0.0,0.0,0.0,normal
5.192,tcp,http,SF,430,7928,0,0,0,0,0,1,0,0,0,0,0,0,0,0,0,0,6,2,0.014,0.0,0.0,0.0,0.99,0.09,0.098,213,99,0.84,0.181,0.123,0.039,0.0,0.0,0.0,0.0,normal
52.041,tcp,ssh,SF,2947,5196,0,0,0,0,0,1,0,0,0,0,0,0,0,0,0,0,4,1,0.0,0.0,0.0,0.0,0.895,0.04,0.006,188,103,0.83,0.126,0.129,0.008,0.0,0.0,0.0,0.0,normal
1.833,tcp,http,SF,382,129,0,0,0,0,0,1,0,0,0,0,0,0,0,0,0,0,1,4,0.0,0.002,0.0,0.0,0.93,0.106,0.086,49,168,0.932,0.192,0.062,0.053,0.0,0.0,0.0,0.0,normal
0.019,udp,dns,SF,61,142,0,0,0,0,0,0,0,0,0,0,0,0,0,0,0,0,7,2,0.0,0.006,0.0,0.0,0.999,0.087,0.021,200,175,0.911,0.122,0.04,0.059,0.0,0.0,0.0,0.0,normal
1.357,tcp,smtp,SF,593,1698,0,0,0,0,0,1,0,0,0,0,0,0,0,0,0,0,4,7,0.0,0.0,0.0,0.0,0.961,0.12,0.003,227,132,0.98,0.021,0.054,0.012,0.0,0.0,0.0,0.0,normal
0.307,tcp,http,SF,236,3545,0,0,0,0,0,1,0,0,0,0,0,0,0,0,0,0,3,3,0.01,0.003,0.0,0.0,0.909,0.132,0.019,170,164,0.979,0.198,0.12,0.007,0.0,0.0,0.0,0.0,normal
1.691,tcp,http,SF,284,2101,0,0,0,0,0,1,0,0,0,0,0,0,0,0,0,0,7,2,0.003,0.005,0.0,0.0,0.981,0.063,0.014,182,108,0.905,0.008,0.126,0.089,0.0,0.0,0.0,0.0,normal
1.222,tcp,smtp,SF,650,1150,0,0,0,0,0,1,0,0,0,0,0,0,0,0,0,0,5,6,0.001,0.003,0.0,0.0,0.925,0.03,0.045,158,52,0.909,0.103,0.039,0.049,0.0,0.0,0.0,0.0,normal
10.466,tcp,smtp,SF,1161,2103,0,0,0,0,0,1,0,0,0,0,0,0,0,0,0,0,6,1,0.055,0.001,0.0,0.0,0.916,0.148,0.046,28,207,0.826,0.158,0.076,0.037,0.0,0.0,0.0,0.0,normal
34.7,tcp,ssh,SF,3503,3563,0,0,0,0,0,1,0,0,0,0,0,0,0,0,0,0,2,1,0.0,0.0,0.0,0.0,0.936,0.068,0.028,198,83,0.868,0.035,0.106,0.039,0.0,0.0,0.0,0.0,normal
5.866,tcp,http,SF,211,2664,0,0,0,0,0,1,0,0,0,0,0,0,0,0,0,0,4,2,0.001,0.0,0.0,0.0,0.963,0.084,0.035,121,232,0.875,0.092,0.097,0.059,0.0,0.0,0.0,0.0,normal
5.311,tcp,http,SF,546,3092,0,0,0,0,0,1,0,0,0,0,0,0,0,0,0,0,4,4,0.0,0.0,0.0,0.0,0.859,0.054,0.015,117,233,0.849,0.153,0.092,0.077,0.0,0.0,0.0,0.0,normal
65.581,tcp,ssh,SF,3188,2370,0,0,0,0,0,1,0,0,0,0,0,0,0,0,0,0,3,1,0.0,0.0,0.0,0.0,0.938,0.108,0.033,85,114,0.868,0.078,0.096,0.026,0.0,0.0,0.0,0.0,normal
1.984,tcp,http,SF,636,796,0,0,0,1,0,1,0,0,0,0,0,0,0,0,0,0,1,2,0.0,0.016,0.0,0.0,0.934,0.133,0.024,54,254,0.947,0.187,0.047,0.02,0.0,0.0,0.0,0.0,normal
6.931,tcp,http,SF,356,1651,0,0,0,0,0,1,0,0,0,0,0,0,0,0,0,0,6,4,0.001,0.018,0.0,0.0,0.857,0.054,0.043,160,115,0.848,0.093,0.076,0.029,0.0,0.0,0.0,0.0,normal
11.381,tcp,ssh,SF,2923,4326,0,0,0,0,0,1,0,0,0,0,0,0,0,0,0,0,3,1,0.0,0.0,0.0,0.0,0.971,0.08,0.026,163,48,0.958,0.041,0.074,0.019,0.0,0.0,0.0,0.0,normal
11.189,tcp,ssh,SF,2097,4299,0,0,0,0,0,1,0,0,0,0,0,0,0,0,0,0,3,3,0.0,0.0,0.0,0.0,0.879,0.02,0.007,153,210,0.972,0.18,0.133,0.087,0.0,0.0,0.0,0.0,normal
5.371,tcp,http,SF,278,4794,0,0,0,0,0,1,0,0,0,0,0,0,0,0,0,0,4,6,0.0,0.0,0.0,0.0,0.998,0.092,0.099,218,180,0.97,0.022,0.104,0.012,0.0,0.0,0.0,0.0,normal
0.009,udp,dns,SF,73,91,0,0,0,0,0,0,0,0,0,0,0,0,0,0,0,0,7,3,0.0,0.003,0.0,0.0,0.877,0.079,0.062,32,250,0.873,0.055,0.009,0.097,0.0,0.0,0.0,0.0,normal
1.42,tcp,http,SF,186,3014,0,0,0,0,0,1,0,0,0,0,0,0,0,0,0,0,3,3,0.002,0.0,0.0,0.0,0.911,0.0,0.003,95,197,0.955,0.077,0.147,0.027,0.0,0.0,0.0,0.0,normal
2.386,tcp,http,SF,256,796,0,0,0,0,0,1,0,0,0,0,0,0,0,0,0,0,2,3,0.038,0.0,0.0,0.0,0.976,0.019,0.073,173,24,0.985,0.024,0.054,0.086,0.0,0.0,0.0,0.0,normal
0.812,tcp,http,SF,273,5718,0,0,0,0,0,1,0,0,0,0,0,0,0,0,0,0,4,5,0.0,0.0,0.0,0.0,0.956,0.042,0.019,129,228,0.871,0.113,0.024,0.018,0.0,0.0,0.0,0.0,normal
1.11,tcp,http,SF,331,1088,0,0,0,0,0,1,0,0,0,0,0,0,0,0,0,0,3,2,0.002,0.0,0.0,0.0,0.85,0.051,0.001,152,220,0.842,0.133,0.134,0.089,0.0,0.0,0.0,0.0,normal
1.84,tcp,smtp,SF,820,1951,0,0,0,0,0,1,0,0,0,0,0,0,0,0,0,0,3,1,0.0,0.095,0.0,0.0,0.943,0.141,0.045,103,202,0.841,0.188,0.11,0.027,0.0,0.0,0.0,0.0,normal
1.875,tcp,http,SF,363,6058,0,0,0,0,0,1,0,0,0,0,0,0,0,0,0,0,6,2,0.0,0.0,0.0,0.0,0.965,0.141,0.085,184,239,0.817,0.071,0.036,0.01,0.0,0.0,0.0,0.0,normal
0.772,tcp,http,SF,323,2519,0,0,0,0,0,1,0,0,0,0,0,0,0,0,0,0,5,2,0.0,0.0,0.0,0.0,0.969,0.041,0.026,153,237,0.929,0.057,0.005,0.099,0.0,0.0,0.0,0.0,normal
1.162,tcp,http,SF,261,1087,0,0,0,0,0,1,0,0,0,0,0,0,0,0,0,0,2,1,0.0,0.0,0.0,0.0,0.873,0.099,0.025,40,169,0.946,0.058,0.149,0.023,0.0,0.0,0.0,0.0,normal
0.321,tcp,http,SF,215,6338,0,0,0,0,0,1,0,0,0,0,0,0,0,0,0,0,4,4,0.001,0.0,0.0,0.0,0.916,0.114,0.097,240,180,0.889,0.126,0.046,0.01,0.0,0.0,0.0,0.0,normal
1.591,tcp,http,SF,303,1262,0,0,0,0,0,1,0,0,0,0,0,0,0,0,0,0,4,2,0.0,0.0,0.0,0.0,0.963,0.121,0.021,100,167,0.961,0.087,0.138,0.022,0.0,0.0,0.0,0.0,normal
0.014,udp,dns,SF,78,124,0,0,0,0,0,0,0,0,0,0,0,0,0,0,0,0,2,2,0.0,0.035,0.0,0.0,0.853,0.004,0.057,83,51,0.943,0.14,0.144,0.077,0.0,0.0,0.0,0.0,normal
0.737,tcp,http,SF,222,8870,0,0,0,0,0,1,0,0,0,0,0,0,0,0,0,0,3,6,0.005,0.0,0.0,0.0,0.892,0.086,0.019,72,219,0.857,0.066,0.108,0.012,0.0,0.0,0.0,0.0,normal
48.251,tcp,ssh,SF,2091,5682,0,0,0,0,0,1,0,0,0,0,0,0,0,0,0,0,3,2,0.0,0.0,0.0,0.0,0.883,0.022,0.042,177,155,0.836,0.155,0.089,0.076,0.0,0.0,0.0,0.0,normal
2.771,tcp,http,SF,347,8941,0,0,0,0,0,1,0,0,0,0,0,0,0,0,0,0,6,1,0.018,0.0,0.0,0.0,0.978,0.102,0.033,19,136,0.906,0.14,0.113,0.062,0.0,0.0,0.0,0.0,normal
0.067,udp,dns,SF,86,115,0,0,0,0,0,0,0,0,0,0,0,0,0,0,0,0,5,3,0.0,0.001,0.0,0.0,0.954,0.101,0.071,244,215,0.905,0.181,0.092,0.096,0.0,0.0,0.0,0.0,normal
0.134,tcp,http,SF,654,2391,0,0,0,0,0,1,0,0,0,0,0,0,0,0,0,0,7,6,0.0,0.025,0.0,0.0,0.918,0.137,0.09,151,89,0.994,0.065,0.122,0.094,0.0,0.0,0.0,0.0,normal
0.699,tcp,http,SF,295,2719,0,0,0,0,0,1,0,0,0,0,0,0,0,0,0,0,6,1,0.001,0.001,0.0,0.0,0.865,0.013,0.017,250,244,0.952,0.182,0.051,0.017,0.0,0.0,0.0,0.0,normal
0.004,udp,dns,SF,57,209,0,0,0,0,0,0,0,0,0,0,0,0,0,0,0,0,2,1,0.003,0.0,0.0,0.0,0.886,0.143,0.075,23,197,0.902,0.085,0.057,0.014,0.0,0.0,0.0,0.0,normal
16.868,tcp,smtp,SF,628,1149,0,0,0,0,0,1,0,0,0,0,0,0,0,0,0,0,4,3,0.0,0.0,0.0,0.0,0.932,0.089,0.098,238,162,0.97,0.029,0.074,0.076,0.0,0.0,0.0,0.0,normal
0.005,udp,dns,SF,49,115,0,0,0,0,0,0,0,0,0,0,0,0,0,0,0,0,3,3,0.0,0.001,0.0,0.0,0.911,0.014,0.024,122,17,0.821,0.131,0.034,0.001,0.0,0.0,0.0,0.0,normal
0.864,tcp,http,SF,381,1966,0,0,0,0,0,1,0,0,0,0,0,0,0,0,0,0,2,4,0.001,0.0,0.0,0.0,0.978,0.048,0.023,156,56,0.951,0.193,0.141,0.071,0.0,0.0,0.0,0.0,normal
2.136,tcp,http,SF,298,2415,0,0,0,0,0,1,0,0,0,0,0,0,0,0,0,0,6,4,0.0,0.0,0.0,0.0,0.94,0.109,0.039,227,250,0.916,0.139,0.068,0.094,0.0,0.0,0.0,0.0,normal
0.053,udp,dns,SF,85,146,0,0,0,0,0,0,0,0,0,0,0,0,0,0,0,0,4,3,0.0,0.041,0.0,0.0,0.866,0.069,0.019,210,118,0.87,0.006,0.118,0.095,0.0,0.0,0.0,0.0,normal
2.238,tcp,http,SF,223,92,0,0,0,0,0,1,0,0,0,0,0,0,0,0,0,0,7,6,0.003,0.0,0.0,0.0,0.996,0.097,0.081,249,50,0.906,0.062,0.026,0.07,0.0,0.0,0.0,0.0,normal
0.0,udp,dns,SF,72,113,0,0,0,0,0,0,0,0,0,0,0,0,0,0,0,0,7,5,0.01,0.0,0.0,0.0,0.885,0.073,0.059,16,185,0.865,0.13,0.091,0.07,0.0,0.0,0.0,0.0,normal
0.051,udp,dns,SF,61,100,0,0,0,0,0,0,0,0,0,0,0,0,0,0,0,0,3,5,0.0,0.0,0.0,0.0,0.915,0.116,0.087,87,50,0.939,0.14,0.022,0.085,0.0,0.0,0.0,0.0,normal
0.049,udp,dns,SF,63,176,0,0,0,0,0,0,0,0,0,0,0,0,0,0,0,0,3,2,0.0,0.043,0.0,0.0,0.953,0.032,0.096,51,153,0.906,0.165,0.056,0.071,0.0,0.0,0.0,0.0,normal
4.332,tcp,http,SF,486,553,0,0,0,0,0,1,0,0,0,0,0,0,0,0,0,0,1,2,0.0,0.155,0.0,0.0,0.941,0.05,0.024,187,106,0.907,0.185,0.143,0.073,0.0,0.0,0.0,0.0,normal
0.62,tcp,other,REJ,126,135,0,0,0,0,0,0,0,0,0,0,0,0,0,0,0,0,4,4,0.001,0.0,0.0,0.0,0.906,0.121,0.085,142,214,0.931,0.101,0.128,0.038,0.0,0.0,0.0,0.0,normal
2.345,tcp,http,SF,439,944,0,0,0,0,0,1,0,0,0,0,0,0,0,0,0,0,3,3,0.001,0.001,0.0,0.0,0.948,0.021,0.044,77,232,0.832,0.175,0.067,0.06,0.0,0.0,0.0,0.0,normal
1.508,tcp,http,SF,500,3029,0,0,0,0,0,1,0,0,0,0,0,0,0,0,0,0,2,3,0.0,0.001,0.0,0.0,0.887,0.026,0.015,17,97,0.806,0.088,0.03,0.077,0.0,0.0,0.0,0.0,normal
24.543,tcp,ssh,SF,2131,4469,0,0,0,0,0,1,0,0,0,0,0,0,0,0,0,0,3,1,0.001,0.0,0.0,0.0,0.919,0.145,0.015,138,109,0.866,0.149,0.006,0.045,0.0,0.0,0.0,0.0,normal
6.223,tcp,smtp,SF,664,1425,0,0,0,0,0,1,0,0,0,0,0,0,0,0,0,0,4,2,0.0,0.0,0.0,0.0,0.866,0.1,0.078,64,120,0.943,0.021,0.005,0.022,0.0,0.0,0.0,0.0,normal
0.459,tcp,http,SF,405,1132,0,0,0,0,0,1,0,0,0,0,0,0,0,0,0,0,3,2,0.0,0.0,0.0,0.0,0.897,0.054,0.062,253,44,0.978,0.175,0.079,0.042,0.0,0.0,0.0,0.0,normal
3.88,tcp,http,SF,218,13701,0,0,0,0,0,1,0,0,0,0,0,0,0,0,0,0,7,1,0.028,0.0,0.0,0.0,0.99,0.003,0.04,231,38,0.997,0.039,0.14,0.078,0.0,0.0,0.0,0.0,normal
69.243,tcp,ssh,SF,2431,4177,0,0,0,0,0,1,0,0,0,0,0,0,0,0,0,0,3,2,0.0,0.0,0.0,0.0,0.921,0.026,0.03,82,200,0.901,0.193,0.141,0.022,0.0,0.0,0.0,0.0,normal
0.239,udp,dns,SF,56,134,0,0,0,0,0,0,0,0,0,0,0,0,0,0,0,0,10,3,0.0,0.0,0.0,0.0,0.985,0.119,0.036,109,199,0.92,0.073,0.08,0.086,0.0,0.0,0.0,0.0,normal
0.472,tcp,smtp,SF,826,791,0,0,0,0,0,1,0,0,0,0,0,0,0,0,0,0,3,2,0.0,0.002,0.0,0.0,0.929,0.014,0.021,199,19,0.817,0.178,0.119,0.022,0.0,0.0,0.0,0.0,normal
0.444,tcp,http,SF,221,1321,0,0,0,0,0,1,0,0,0,0,0,0,0,0,0,0,5,4,0.0,0.0,0.0,0.0,0.952,0.135,0.006,169,120,0.88,0.193,0.106,0.095,0.0,0.0,0.0,0.0,normal
142.984,tcp,ssh,SF,2478,6492,0,0,0,0,0,1,0,0,0,0,0,0,0,0,0,0,3,1,0.0,0.0,0.0,0.0,0.936,0.087,0.032,184,56,0.927,0.156,0.043,0.051,0.0,0.0,0.0,0.0,normal
0.67,tcp,http,SF,291,4391,0,0,0,0,0,1,0,0,0,0,0,0,0,0,0,0,5,5,0.004,0.015,0.0,0.0,0.862,0.04,0.058,231,38,0.882,0.166,0.134,0.018,0.0,0.0,0.0,0.0,normal
4.231,tcp,http,SF,663,1264,0,0,0,0,0,1,0,0,0,0,0,0,0,0,0,0,6,4,0.0,0.0,0.0,0.0,0.977,0.032,0.07,144,123,0.988,0.155,0.12,0.06,0.0,0.0,0.0,0.0,normal
0.017,udp,dns,SF,76,163,0,0,0,0,0,0,0,0,0,0,0,0,0,0,0,0,4,4,0.0,0.0,0.0,0.0,0.943,0.048,0.1,43,254,0.868,0.044,0.029,0.059,0.0,0.0,0.0,0.0,normal
0.536,tcp,http,SF,369,723,0,0,0,0,0,1,0,0,0,0,0,0,0,0,0,0,5,3,0.0,0.0,0.0,0.0,0.934,0.003,0.062,242,200,0.893,0.01,0.043,0.017,0.0,0.0,0.0,0.0,normal
0.055,udp,dns,SF,87,137,0,0,0,0,0,0,0,0,0,0,0,0,0,0,0,0,3,3,0.0,0.0,0.0,0.0,0.858,0.033,0.047,104,211,0.838,0.105,0.046,0.079,0.0,0.0,0.0,0.0,normal
0.805,tcp,http,SF,417,861,0,0,0,0,0,1,0,0,0,0,0,0,0,0,0,0,3,1,0.0,0.009,0.0,0.0,0.943,0.094,0.036,167,238,0.963,0.05,0.04,0.074,0.0,0.0,0.0,0.0,normal
0.018,udp,dns,SF,67,121,0,0,0,0,0,0,0,0,0,0,0,0,0,0,0,0,5,4,0.0,0.001,0.0,0.0,0.997,0.136,0.071,242,222,0.942,0.128,0.114,0.025,0.0,0.0,0.0,0.0,normal
0.056,udp,dns,SF,51,118,0,0,0,0,0,0,0,0,0,0,0,0,0,0,0,0,6,1,0.001,0.0,0.0,0.0,0.942,0.055,0.015,140,50,0.905,0.087,0.131,0.004,0.0,0.0,0.0,0.0,normal
2.624,tcp,ssh,SF,3087,4498,0,0,0,0,0,1,0,0,0,0,0,0,0,0,0,0,5,4,0.0,0.001,0.0,0.0,0.906,0.111,0.037,131,34,0.947,0.131,0.135,0.07,0.0,0.0,0.0,0.0,normal
0.137,tcp,http,SF,256,3692,0,0,0,0,0,1,0,0,0,0,0,0,0,0,0,0,7,2,0.02,0.0,0.0,0.0,0.969,0.134,0.015,226,22,0.841,0.047,0.029,0.059,0.0,0.0,0.0,0.0,normal
0.04,udp,dns,SF,89,131,0,0,0,0,0,0,0,0,0,0,0,0,0,0,0,0,3,6,0.014,0.0,0.0,0.0,0.892,0.085,0.021,157,221,0.886,0.095,0.104,0.006,0.0,0.0,0.0,0.0,normal
1.276,tcp,http,SF,226,1888,0,0,0,0,0,1,0,0,0,0,0,0,0,0,0,0,3,1,0.0,0.0,0.0,0.0,0.897,0.046,0.077,177,206,0.873,0.023,0.006,0.095,0.0,0.0,0.0,0.0,normal
0.113,tcp,http,SF,312,206,0,0,0,0,0,1,0,0,0,0,0,0,0,0,0,0,2,3,0.002,0.0,0.0,0.0,0.988,0.099,0.088,164,15,0.976,0.156,0.019,0.044,0.0,0.0,0.0,0.0,normal
2.895,tcp,http,SF,237,2953,0,0,0,0,0,1,0,0,0,0,0,0,0,0,0,0,3,2,0.18,0.0,0.0,0.0,0.867,0.064,0.093,59,196,0.986,0.026,0.07,0.052,0.0,0.0,0.0,0.0,normal
0.013,udp,dns,SF,68,136,0,0,0,0,0,0,0,0,0,0,0,0,0,0,0,0,2,4,0.0,0.0,0.0,0.0,0.888,0.063,0.091,113,83,0.878,0.102,0.043,0.097,0.0,0.0,0.0,0.0,normal
0.112,tcp,http,SF,223,6424,0,0,0,0,0,1,0,0,0,0,0,0,0,0,0,0,2,2,0.001,0.0,0.0,0.0,0.922,0.122,0.01,87,140,0.862,0.003,0.081,0.078,0.0,0.0,0.0,0.0,normal
0.048,udp,dns,SF,52,151,0,0,0,0,0,0,0,0,0,0,0,0,0,0,0,0,2,3,0.007,0.0,0.0,0.0,0.896,0.071,0.002,98,229,0.816,0.034,0.08,0.08,0.0,0.0,0.0,0.0,normal
1.943,tcp,http,SF,259,10,0,0,0,0,0,1,0,0,0,0,0,0,0,0,0,0,2,8,0.0,0.0,0.0,0.0,0.897,0.12,0.018,197,213,0.999,0.105,0.118,0.067,0.0,0.0,0.0,0.0,normal
1.805,tcp,http,SF,252,1285,0,0,0,0,0,1,0,0,0,0,0,0,0,0,0,0,3,6,0.0,0.231,0.0,0.0,0.858,0.066,0.006,217,23,0.818,0.012,0.015,0.037,0.0,0.0,0.0,0.0,normal
0.769,tcp,http,SF,256,2756,0,0,0,0,0,1,0,0,0,0,0,0,0,0,0,0,5,4,0.116,0.003,0.0,0.0,0.885,0.01,0.099,208,185,0.822,0.129,0.066,0.092,0.0,0.0,0.0,0.0,normal
0.052,udp,dns,SF,68,127,0,0,0,0,0,0,0,0,0,0,0,0,0,0,0,0,4,1,0.0,0.0,0.0,0.0,0.88,0.021,0.025,252,216,0.892,0.184,0.126,0.053,0.0,0.0,0.0,0.0,normal
0.028,udp,dns,SF,71,132,0,0,0,0,0,0,0,0,0,0,0,0,0,0,0,0,4,1,0.004,0.016,0.0,0.0,0.87,0.115,0.043,114,239,0.818,0.189,0.109,0.08,0.0,0.0,0.0,0.0,normal
0.598,tcp,http,SF,638,8951,0,0,0,0,0,1,0,0,0,0,0,0,0,0,0,0,1,3,0.0,0.0,0.0,0.0,0.854,0.038,0.005,36,60,0.807,0.017,0.099,0.013,0.0,0.0,0.0,0.0,normal
0.578,tcp,other,REJ,128,142,0,0,0,0,0,0,0,0,0,0,0,0,0,0,0,0,6,1,0.0,0.01,0.0,0.0,0.89,0.015,0.008,155,110,0.93,0.148,0.016,0.057,0.0,0.0,0.0,0.0,normal
5.117,tcp,http,SF,638,1474,0,0,0,0,0,1,0,0,0,0,0,0,0,0,0,0,3,3,0.0,0.0,0.0,0.0,0.913,0.075,0.015,157,176,0.864,0.014,0.037,0.004,0.0,0.0,0.0,0.0,normal
1.513,tcp,http,SF,514,10158,0,0,0,0,0,1,0,0,0,0,0,0,0,0,0,0,1,1,0.002,0.067,0.0,0.0,0.893,0.001,0.023,167,204,0.98,0.059,0.005,0.075,0.0,0.0,0.0,0.0,normal
43.182,tcp,ssh,SF,2839,5603,0,0,0,0,0,1,0,0,0,0,0,0,0,0,0,0,2,2,0.02,0.001,0.0,0.0,0.895,0.101,0.086,217,47,0.817,0.169,0.054,0.025,0.0,0.0,0.0,0.0,normal
0.049,tcp,http,SF,230,61,0,0,0,0,0,1,0,0,0,0,0,0,0,0,0,0,3,6,0.0,0.044,0.0,0.0,0.935,0.105,0.034,44,40,0.818,0.108,0.029,0.005,0.0,0.0,0.0,0.0,normal
203.378,tcp,ssh,SF,1967,5625,0,0,0,0,0,1,0,0,0,0,0,0,0,0,0,0,5,6,0.001,0.0,0.0,0.0,0.989,0.102,0.079,149,181,0.927,0.183,0.01,0.087,0.0,0.0,0.0,0.0,normal
10.417,tcp,http,SF,194,1997,0,0,0,0,0,1,0,0,0,0,0,0,0,0,0,0,1,1,0.0,0.054,0.0,0.0,0.973,0.005,0.056,166,106,0.813,0.018,0.064,0.095,0.0,0.0,0.0,0.0,normal
1.824,tcp,http,SF,353,1779,0,0,0,0,0,1,0,0,0,0,0,0,0,0,0,0,3,1,0.0,0.0,0.0,0.0,0.919,0.0,0.053,219,84,0.845,0.022,0.092,0.086,0.0,0.0,0.0,0.0,normal
0.248,tcp,http,SF,525,1542,0,0,0,0,0,1,0,0,0,0,0,0,0,0,0,0,6,1,0.001,0.025,0.0,0.0,0.943,0.083,0.02,115,11,0.912,0.183,0.127,0.008,0.0,0.0,0.0,0.0,normal
0.377,tcp,http,SF,499,976,0,0,0,0,0,1,0,0,0,0,0,0,0,0,0,0,7,4,0.0,0.031,0.0,0.0,0.892,0.038,0.053,136,232,0.939,0.037,0.06,0.058,0.0,0.0,0.0,0.0,normal
1.952,tcp,http,SF,273,4603,0,0,0,0,0,1,0,0,0,0,0,0,0,0,0,0,3,4,0.0,0.017,0.0,0.0,0.971,0.128,0.011,172,125,0.81,0.192,0.07,0.076,0.0,0.0,0.0,0.0,normal
0.069,tcp,http,SF,416,1871,0,0,0,0,0,1,0,0,0,0,0,0,0,0,0,0,3,4,0.0,0.0,0.0,0.0,0.906,0.057,0.013,65,242,0.999,0.023,0.041,0.001,0.0,0.0,0.0,0.0,normal
0.742,tcp,http,SF,497,6000,0,0,0,0,0,1,0,0,0,0,0,0,0,0,0,0,3,4,0.0,0.0,0.0,0.0,0.896,0.132,0.068,125,90,0.977,0.119,0.098,0.089,0.0,0.0,0.0,0.0,normal
0.073,udp,dns,SF,78,169,0,0,0,0,0,0,0,0,0,0,0,0,0,0,0,0,7,4,0.0,0.0,0.0,0.0,0.97,0.008,0.036,159,178,0.832,0.168,0.06,0.038,0.0,0.0,0.0,0.0,normal
1.014,tcp,http,SF,287,1050,0,0,0,0,0,1,0,0,0,0,0,0,0,0,0,0,2,4,0.0,0.0,0.0,0.0,0.969,0.111,0.052,94,239,0.938,0.022,0.117,0.022,0.0,0.0,0.0,0.0,normal
5.764,tcp,http,SF,423,630,0,0,0,0,0,1,0,0,0,0,0,0,0,0,0,0,8,3,0.024,0.01,0.0,0.0,0.993,0.114,0.072,91,194,0.989,0.051,0.005,0.029,0.0,0.0,0.0,0.0,normal
5.096,tcp,smtp,SF,954,1362,0,0,0,0,0,1,0,0,0,0,0,0,0,0,0,0,3,3,0.001,0.001,0.0,0.0,0.853,0.099,0.007,234,24,0.913,0.184,0.108,0.07,0.0,0.0,0.0,0.0,normal
0.705,tcp,http,SF,499,5677,0,0,0,0,0,1,0,0,0,0,0,0,0,0,0,0,6,2,0.0,0.0,0.0,0.0,0.919,0.054,0.087,34,12,0.893,0.129,0.122,0.069,0.0,0.0,0.0,0.0,normal
0.7,tcp,smtp,SF,611,1263,0,0,0,0,0,1,0,0,0,0,0,0,0,0,0,0,7,2,0.001,0.0,0.0,0.0,0.913,0.075,0.096,56,73,0.937,0.141,0.004,0.039,0.0,0.0,0.0,0.0,normal
0.003,udp,dns,SF,58,94,0,0,0,0,0,0,0,0,0,0,0,0,0,0,0,0,4,3,0.0,0.003,0.0,0.0,0.85,0.022,0.012,71,35,0.881,0.144,0.069,0.055,0.0,0.0,0.0,0.0,normal
0.049,udp,dns,SF,61,175,0,0,0,0,0,0,0,0,0,0,0,0,0,0,0,0,3,6,0.0,0.0,0.0,0.0,0.86,0.079,0.072,194,112,0.859,0.031,0.029,0.094,0.0,0.0,0.0,0.0,normal
0.136,tcp,http,SF,302,10537,0,0,0,0,0,1,0,0,0,0,0,0,0,0,0,0,2,3,0.031,0.04,0.0,0.0,0.905,0.029,0.084,56,118,0.883,0.022,0.021,0.037,0.0,0.0,0.0,0.0,normal
0.23,tcp,other,SF,113,222,0,0,0,0,0,0,0,0,0,0,0,0,0,0,0,0,7,1,0.0,0.052,0.0,0.0,0.919,0.069,0.055,33,230,0.982,0.128,0.023,0.017,0.0,0.0,0.0,0.0,normal
0.492,tcp,http,SF,214,10386,0,0,0,0,0,1,0,0,0,0,0,0,0,0,0,0,5,4,0.001,0.0,0.0,0.0,0.944,0.03,0.031,212,59,0.825,0.001,0.072,0.077,0.0,0.0,0.0,0.0,normal
0.256,tcp,http,SF,271,1739,0,0,0,0,0,1,0,0,0,0,0,0,0,0,0,0,2,1,0.0,0.083,0.0,0.0,0.934,0.033,0.048,43,123,0.981,0.032,0.047,0.068,0.0,0.0,0.0,0.0,normal
1.513,tcp,http,SF,212,4763,0,0,0,0,0,1,0,0,0,0,0,0,0,0,0,0,3,3,0.011,0.001,0.0,0.0,0.981,0.037,0.037,222,231,0.922,0.114,0.049,0.096,0.0,0.0,0.0,0.0,normal
0.657,tcp,http,SF,454,381,0,0,0,0,0,1,0,0,0,0,0,0,0,0,0,0,4,1,0.002,0.0,0.0,0.0,0.919,0.097,0.03,111,168,0.945,0.031,0.126,0.069,0.0,0.0,0.0,0.0,normal
5.159,tcp,http,SF,287,12375,0,0,0,0,0,1,0,0,0,0,0,0,0,0,0,0,5,1,0.0,0.03,0.0,0.0,0.914,0.074,0.039,79,34,0.975,0.184,0.113,0.011,0.0,0.0,0.0,0.0,normal
0.033,udp,dns,SF,78,197,0,0,0,0,0,0,0,0,0,0,0,0,0,0,0,0,3,1,0.051,0.02,0.0,0.0,0.965,0.116,0.059,178,107,0.856,0.129,0.048,0.013,0.0,0.0,0.0,0.0,normal
0.251,udp,dns,SF,69,170,0,0,0,0,0,0,0,0,0,0,0,0,0,0,0,0,5,5,0.0,0.0,0.0,0.0,0.957,0.102,0.083,102,166,0.876,0.041,0.081,0.003,0.0,0.0,0.0,0.0,normal
4.055,tcp,http,SF,263,6168,0,0,0,0,0,1,0,0,0,0,0,0,0,0,0,0,6,1,0.001,0.106,0.0,0.0,0.952,0.058,0.075,81,123,0.805,0.035,0.048,0.063,0.0,0.0,0.0,0.0,normal
0.015,udp,dns,SF,66,167,0,0,0,0,0,0,0,0,0,0,0,0,0,0,0,0,4,3,0.0,0.0,0.0,0.0,0.859,0.116,0.001,87,192,0.906,0.141,0.037,0.053,0.0,0.0,0.0,0.0,normal
3.015,tcp,http,SF,207,87,0,0,0,0,0,1,0,0,0,0,0,0,0,0,0,0,3,1,0.0,0.0,0.0,0.0,0.87,0.032,0.066,121,242,0.866,0.023,0.114,0.021,0.0,0.0,0.0,0.0,normal
0.016,udp,dns,SF,73,153,0,0,0,0,0,0,0,0,0,0,0,0,0,0,0,0,1,5,0.0,0.0,0.0,0.0,0.938,0.083,0.015,213,157,0.926,0.017,0.109,0.011,0.0,0.0,0.0,0.0,normal
2.49,tcp,smtp,SF,1240,1667,0,0,0,0,0,1,0,0,0,0,0,0,0,0,0,0,5,1,0.0,0.001,0.0,0.0,0.993,0.056,0.003,27,144,0.826,0.028,0.072,0.029,0.0,0.0,0.0,0.0,normal
3.146,tcp,http,SF,385,6368,0,0,0,0,0,1,0,0,0,0,0,0,0,0,0,0,4,1,0.001,0.0,0.0,0.0,0.897,0.14,0.026,82,58,0.927,0.065,0.131,0.012,0.0,0.0,0.0,0.0,normal
0.135,tcp,http,SF,354,4397,0,0,0,0,0,1,0,0,0,0,0,0,0,0,0,0,8,8,0.042,0.0,0.0,0.0,0.952,0.009,0.077,173,143,0.975,0.13,0.149,0.074,0.0,0.0,0.0,0.0,normal
0.302,tcp,http,SF,242,3456,0,0,0,0,0,1,0,0,0,0,0,0,0,0,0,0,4,1,0.0,0.004,0.0,0.0,0.924,0.05,0.049,101,202,0.937,0.162,0.148,0.097,0.0,0.0,0.0,0.0,normal
2.955,tcp,http,SF,338,5938,0,0,0,0,0,1,0,0,0,0,0,0,0,0,0,0,5,5,0.003,0.0,0.0,0.0,0.942,0.15,0.044,86,150,0.969,0.142,0.137,0.064,0.0,0.0,0.0,0.0,normal
1.722,tcp,http,SF,302,1026,0,0,0,0,0,1,0,0,0,0,0,0,0,0,0,0,4,5,0.074,0.0,0.0,0.0,0.982,0.136,0.091,232,201,0.932,0.118,0.149,0.031,0.0,0.0,0.0,0.0,normal
0.082,udp,dns,SF,82,96,0,0,0,0,0,0,0,0,0,0,0,0,0,0,0,0,3,3,0.006,0.0,0.0,0.0,0.912,0.06,0.044,93,86,0.996,0.114,0.07,0.024,0.0,0.0,0.0,0.0,normal
0.055,udp,dns,SF,62,169,0,0,0,0,0,0,0,0,0,0,0,0,0,0,0,0,3,5,0.0,0.0,0.0,0.0,0.919,0.107,0.064,246,182,0.846,0.126,0.078,0.007,0.0,0.0,0.0,0.0,normal
0.243,tcp,http,SF,377,4316,0,0,0,0,0,1,0,0,0,0,0,0,0,0,0,0,6,7,0.0,0.0,0.0,0.0,0.852,0.044,0.057,75,123,0.822,0.011,0.061,0.042,0.0,0.0,0.0,0.0,normal
0.03,udp,dns,SF,76,117,0,0,0,0,0,0,0,0,0,0,0,0,0,0,0,0,1,5,0.0,0.077,0.0,0.0,0.891,0.061,0.088,249,127,0.859,0.199,0.045,0.004,0.0,0.0,0.0,0.0,normal
0.534,tcp,http,SF,212,179,0,0,0,0,0,1,0,0,0,0,0,0,0,0,0,0,2,3,0.0,0.0,0.0,0.0,0.979,0.054,0.073,203,94,0.942,0.186,0.05,0.05,0.0,0.0,0.0,0.0,normal
0.888,tcp,http,SF,371,248,0,0,0,0,0,1,0,0,0,0,0,0,0,0,0,0,3,6,0.003,0.031,0.0,0.0,0.926,0.089,0.041,154,124,0.995,0.091,0.024,0.049,0.0,0.0,0.0,0.0,normal
5.112,tcp,http,SF,336,112,0,0,0,0,0,1,0,0,0,0,0,0,0,0,0,0,3,3,0.005,0.0,0.0,0.0,0.941,0.041,0.014,201,119,0.88,0.135,0.016,0.005,0.0,0.0,0.0,0.0,normal
5.016,tcp,http,SF,390,402,0,0,0,0,0,1,0,0,0,0,0,0,0,0,0,0,5,3,0.0,0.0,0.0,0.0,0.908,0.121,0.038,207,85,0.92,0.109,0.108,0.046,0.0,0.0,0.0,0.0,normal
0.128,udp,dns,SF,92,124,0,0,0,0,0,0,0,0,0,0,0,0,0,0,0,0,6,3,0.002,0.0,0.0,0.0,0.923,0.123,0.091,108,63,0.899,0.171,0.123,0.088,0.0,0.0,0.0,0.0,normal
2.004,tcp,http,SF,264,3270,0,0,0,0,0,1,0,0,0,0,0,0,0,0,0,0,2,4,0.001,0.0,0.0,0.0,0.859,0.067,0.018,86,207,0.908,0.171,0.058,0.092,0.0,0.0,0.0,0.0,normal
66.368,tcp,ssh,SF,3590,5735,0,0,0,0,0,1,0,0,0,0,0,0,0,0,0,0,6,7,0.021,0.0,0.0,0.0,0.879,0.14,0.055,118,71,0.884,0.006,0.001,0.034,0.0,0.0,0.0,0.0,normal
3.077,tcp,http,SF,639,66,0,0,0,0,0,1,0,0,0,0,0,0,0,0,0,0,4,3,0.0,0.001,0.0,0.0,0.872,0.128,0.062,166,233,0.926,0.027,0.084,0.095,0.0,0.0,0.0,0.0,normal
1.454,tcp,http,SF,438,8247,0,0,0,0,0,1,0,0,0,0,0,0,0,0,0,0,2,4,0.016,0.064,0.0,0.0,0.871,0.067,0.039,38,60,0.902,0.146,0.092,0.077,0.0,0.0,0.0,0.0,normal
1.222,tcp,http,SF,341,5542,0,0,0,0,0,1,0,0,0,0,0,0,0,0,0,0,5,3,0.008,0.0,0.0,0.0,0.963,0.028,0.098,184,124,0.939,0.181,0.145,0.059,0.0,0.0,0.0,0.0,normal
1.026,tcp,http,SF,229,3022,0,0,0,0,0,1,0,0,0,0,0,0,0,0,0,0,3,3,0.0,0.0,0.0,0.0,0.881,0.114,0.029,111,157,0.9,0.176,0.053,0.05,0.0,0.0,0.0,0.0,normal
3.265,tcp,http,SF,201,3057,0,0,0,0,0,1,0,0,0,0,0,0,0,0,0,0,3,4,0.008,0.0,0.0,0.0,0.935,0.093,0.038,90,48,0.864,0.102,0.082,0.084,0.0,0.0,0.0,0.0,normal
0.625,tcp,http,SF,382,511,0,0,0,0,0,1,0,0,0,0,0,0,0,0,0,0,4,2,0.0,0.239,0.0,0.0,0.868,0.09,0.039,195,85,0.874,0.102,0.075,0.04,0.0,0.0,0.0,0.0,normal
1.499,tcp,http,SF,316,4682,0,0,0,0,0,1,0,0,0,0,0,0,0,0,0,0,4,1,0.046,0.0,0.0,0.0,0.947,0.13,0.095,125,250,0.985,0.07,0.03,0.042,0.0,0.0,0.0,0.0,normal
0.016,udp,dns,SF,57,96,0,0,0,0,0,0,0,0,0,0,0,0,0,0,0,0,6,2,0.0,0.0,0.0,0.0,0.898,0.094,0.084,223,147,0.985,0.061,0.076,0.055,0.0,0.0,0.0,0.0,normal
1.569,tcp,smtp,SF,583,1274,0,0,0,0,0,1,0,0,0,0,0,0,0,0,0,0,6,3,0.0,0.0,0.0,0.0,0.978,0.107,0.077,131,64,0.988,0.046,0.003,0.015,0.0,0.0,0.0,0.0,normal
64.13,tcp,ssh,SF,1844,3291,0,0,0,0,0,1,0,0,0,0,0,0,0,0,0,0,4,7,0.0,0.028,0.0,0.0,0.944,0.002,0.061,13,27,0.904,0.117,0.097,0.087,0.0,0.0,0.0,0.0,normal
4.238,tcp,http,SF,237,2319,0,0,0,0,0,1,0,0,0,0,0,0,0,0,0,0,3,5,0.001,0.0,0.0,0.0,0.908,0.018,0.007,139,10,0.874,0.056,0.003,0.066,0.0,0.0,0.0,0.0,normal
0.053,udp,dns,SF,58,222,0,0,0,0,0,0,0,0,0,0,0,0,0,0,0,0,2,2,0.0,0.011,0.0,0.0,0.959,0.145,0.028,135,122,0.91,0.046,0.007,0.007,0.0,0.0,0.0,0.0,normal
1.341,tcp,http,SF,590,1376,0,0,0,0,0,1,0,0,0,0,0,0,0,0,0,0,2,2,0.006,0.04,0.0,0.0,0.93,0.088,0.03,22,153,0.965,0.155,0.033,0.078,0.0,0.0,0.0,0.0,normal
0.485,tcp,http,SF,192,6676,0,0,0,0,0,1,0,0,0,0,0,0,0,0,0,0,6,5,0.0,0.0,0.0,0.0,0.966,0.123,0.029,204,207,0.998,0.115,0.09,0.024,0.0,0.0,0.0,0.0,normal
0.847,tcp,http,SF,312,835,0,0,0,0,0,1,0,0,0,0,0,0,0,0,0,0,4,4,0.005,0.005,0.0,0.0,0.96,0.018,0.097,122,224,0.907,0.18,0.081,0.055,0.0,0.0,0.0,0.0,normal
4.288,tcp,http,SF,323,6359,0,0,0,0,0,1,0,0,0,0,0,0,0,0,0,0,4,6,0.002,0.234,0.0,0.0,0.911,0.086,0.048,157,183,0.935,0.073,0.115,0.049,0.0,0.0,0.0,0.0,normal
0.736,tcp,http,SF,412,3439,0,0,0,0,0,1,0,0,0,0,0,0,0,0,0,0,3,3,0.011,0.011,0.0,0.0,0.925,0.055,0.023,135,122,0.878,0.037,0.15,0.005,0.0,0.0,0.0,0.0,normal
3.436,tcp,http,SF,336,431,0,0,0,0,0,1,0,0,0,0,0,0,0,0,0,0,4,3,0.0,0.005,0.0,0.0,0.976,0.123,0.081,35,115,0.897,0.016,0.026,0.044,0.0,0.0,0.0,0.0,normal
0.758,tcp,http,SF,461,413,0,0,0,0,0,1,0,0,0,0,0,0,0,0,0,0,6,1,0.003,0.0,0.0,0.0,0.866,0.14,0.035,85,117,0.968,0.138,0.083,0.068,0.0,0.0,0.0,0.0,normal
3.097,tcp,http,SF,262,4222,0,0,0,0,0,1,0,0,0,0,0,0,0,0,0,0,2,2,0.0,0.0,0.0,0.0,0.909,0.018,0.022,67,201,0.891,0.039,0.094,0.064,0.0,0.0,0.0,0.0,normal
0.839,tcp,http,SF,304,6129,0,0,0,0,0,1,0,0,0,0,0,0,0,0,0,0,7,2,0.031,0.002,0.0,0.0,0.865,0.076,0.015,157,35,0.888,0.062,0.123,0.049,0.0,0.0,0.0,0.0,normal
7.32,tcp,http,SF,298,13792,0,0,0,0,0,1,0,0,0,0,0,0,0,0,0,0,6,4,0.002,0.081,0.0,0.0,0.942,0.092,0.016,219,88,0.927,0.095,0.129,0.078,0.0,0.0,0.0,0.0,normal
2.163,tcp,http,SF,644,2799,0,0,0,0,0,1,0,0,0,0,0,0,0,0,0,0,4,1,0.073,0.0,0.0,0.0,0.954,0.079,0.083,11,143,0.86,0.024,0.053,0.063,0.0,0.0,0.0,0.0,normal
110.716,tcp,ssh,SF,4142,5029,0,0,0,0,0,1,0,0,0,0,0,0,0,0,0,0,6,2,0.0,0.002,0.0,0.0,0.868,0.04,0.042,180,75,0.888,0.179,0.017,0.029,0.0,0.0,0.0,0.0,normal
294.867,tcp,ssh,SF,1832,5105,0,0,0,0,0,1,0,0,0,0,0,0,0,0,0,0,6,1,0.0,0.003,0.0,0.0,0.853,0.057,0.094,123,48,0.99,0.039,0.04,0.064,0.0,0.0,0.0,0.0,normal
0.022,tcp,http,SF,632,6439,0,0,0,0,0,1,0,0,0,0,0,0,0,0,0,0,5,4,0.0,0.0,0.0,0.0,0.947,0.106,0.008,214,225,0.818,0.103,0.123,0.046,0.0,0.0,0.0,0.0,normal
1.34,tcp,http,SF,206,3082,0,0,0,0,0,1,0,0,0,0,0,0,0,0,0,0,3,4,0.006,0.018,0.0,0.0,0.898,0.068,0.066,70,72,0.865,0.033,0.09,0.085,0.0,0.0,0.0,0.0,normal
4.235,tcp,http,SF,224,7900,0,0,0,0,0,1,0,0,0,0,0,0,0,0,0,0,7,1,0.049,0.017,0.0,0.0,0.993,0.065,0.008,154,214,0.935,0.152,0.099,0.042,0.0,0.0,0.0,0.0,normal
8.108,tcp,http,SF,154,5609,0,0,0,0,0,1,0,0,0,0,0,0,0,0,0,0,3,4,0.0,0.0,0.0,0.0,0.995,0.144,0.021,91,189,0.893,0.126,0.07,0.006,0.0,0.0,0.0,0.0,normal
5.427,tcp,smtp,SF,1179,1155,0,0,0,0,0,1,0,0,0,0,0,0,0,0,0,0,2,4,0.0,0.026,0.0,0.0,0.854,0.07,0.061,86,127,0.877,0.058,0.129,0.017,0.0,0.0,0.0,0.0,normal
0.001,udp,dns,SF,80,170,0,0,0,0,0,0,0,0,0,0,0,0,0,0,0,0,4,3,0.0,0.0,0.0,0.0,0.934,0.121,0.028,86,56,0.969,0.044,0.057,0.074,0.0,0.0,0.0,0.0,normal
0.685,tcp,smtp,SF,730,1757,0,0,0,0,0,1,0,0,0,0,0,0,0,0,0,0,7,1,0.0,0.001,0.0,0.0,0.86,0.039,0.078,42,161,0.872,0.168,0.075,0.092,0.0,0.0,0.0,0.0,normal
57.784,tcp,ssh,SF,1848,2917,0,0,0,0,0,1,0,0,0,0,0,0,0,0,0,0,1,5,0.0,0.003,0.0,0.0,0.925,0.013,0.055,27,208,0.832,0.079,0.082,0.02,0.0,0.0,0.0,0.0,normal
0.318,tcp,http,SF,334,2173,0,0,0,0,0,1,0,0,0,0,0,0,0,0,0,0,3,3,0.0,0.0,0.0,0.0,0.87,0.026,0.067,220,150,0.91,0.027,0.016,0.044,0.0,0.0,0.0,0.0,normal
2.587,tcp,http,SF,432,870,0,0,0,0,0,1,0,0,0,0,0,0,0,0,0,0,4,4,0.0,0.023,0.0,0.0,0.958,0.121,0.061,192,81,0.83,0.148,0.019,0.084,0.0,0.0,0.0,0.0,normal
0.19,tcp,http,SF,313,307,0,0,0,0,0,1,0,0,0,0,0,0,0,0,0,0,5,2,0.0,0.0,0.0,0.0,0.96,0.098,0.006,36,42,0.809,0.174,0.052,0.053,0.0,0.0,0.0,0.0,normal
0.666,tcp,http,SF,277,7925,0,0,0,0,0,1,0,0,0,0,0,0,0,0,0,0,4,2,0.0,0.0,0.0,0.0,0.976,0.054,0.054,22,43,0.959,0.098,0.049,0.044,0.0,0.0,0.0,0.0,normal
0.003,udp,dns,SF,81,96,0,0,0,0,0,0,0,0,0,0,0,0,0,0,0,0,2,3,0.0,0.0,0.0,0.0,0.967,0.058,0.028,77,133,0.853,0.169,0.007,0.067,0.0,0.0,0.0,0.0,normal
3.379,tcp,http,SF,497,4783,0,0,0,0,0,1,0,0,0,0,0,0,0,0,0,0,7,6,0.0,0.0,0.0,0.0,0.854,0.101,0.044,235,142,0.868,0.08,0.024,0.064,0.0,0.0,0.0,0.0,normal
0.498,tcp,http,SF,321,3649,0,0,0,0,0,1,0,0,0,0,0,0,0,0,0,0,2,1,0.0,0.0,0.0,0.0,0.946,0.098,0.084,139,103,0.864,0.164,0.05,0.096,0.0,0.0,0.0,0.0,normal
0.02,udp,dns,SF,59,149,0,0,0,0,0,0,0,0,0,0,0,0,0,0,0,0,2,2,0.0,0.003,0.0,0.0,0.925,0.126,0.022,104,254,1.0,0.121,0.144,0.039,0.0,0.0,0.0,0.0,normal
0.69,tcp,http,SF,185,797,0,0,0,0,0,1,0,0,0,0,0,0,0,0,0,0,3,1,0.017,0.005,0.0,0.0,0.907,0.019,0.083,79,91,0.92,0.031,0.019,0.045,0.0,0.0,0.0,0.0,normal
0.487,tcp,http,SF,239,561,0,0,0,0,0,1,0,0,0,0,0,0,0,0,0,0,4,4,0.0,0.0,0.0,0.0,0.938,0.069,0.06,151,203,0.846,0.074,0.069,0.077,0.0,0.0,0.0,0.0,normal
2.116,tcp,http,SF,243,4167,0,0,0,0,0,1,0,0,0,0,0,0,0,0,0,0,7,1,0.024,0.004,0.0,0.0,0.915,0.041,0.04,219,54,0.848,0.032,0.009,0.039,0.0,0.0,0.0,0.0,normal
0.068,udp,dns,SF,80,128,0,0,0,0,0,0,0,0,0,0,0,0,0,0,0,0,4,5,0.011,0.0,0.0,0.0,0.965,0.022,0.057,128,201,0.847,0.025,0.09,0.092,0.0,0.0,0.0,0.0,normal
4.843,tcp,http,SF,238,3717,0,0,0,0,0,1,0,0,0,0,0,0,0,0,0,0,2,3,0.0,0.009,0.0,0.0,0.895,0.022,0.046,216,33,0.983,0.196,0.078,0.004,0.0,0.0,0.0,0.0,normal
1.146,tcp,http,SF,355,1459,0,0,0,0,0,1,0,0,0,0,0,0,0,0,0,0,4,4,0.0,0.0,0.0,0.0,0.919,0.029,0.065,198,208,0.821,0.151,0.066,0.051,0.0,0.0,0.0,0.0,normal
0.361,tcp,http,SF,582,1035,0,0,0,0,0,1,0,0,0,0,0,0,0,0,0,0,5,3,0.0,0.0,0.0,0.0,0.9,0.145,0.092,98,235,0.922,0.112,0.08,0.073,0.0,0.0,0.0,0.0,normal
0.062,tcp,http,SF,388,3766,0,0,0,0,0,1,0,0,0,0,0,0,0,0,0,0,2,3,0.001,0.007,0.0,0.0,0.966,0.089,0.035,62,248,0.902,0.125,0.076,0.013,0.0,0.0,0.0,0.0,normal
0.031,udp,dns,SF,58,132,0,0,0,0,0,0,0,0,0,0,0,0,0,0,0,0,2,3,0.074,0.095,0.0,0.0,0.937,0.137,0.048,23,197,0.89,0.077,0.039,0.03,0.0,0.0,0.0,0.0,normal
5.272,tcp,http,SF,250,2578,0,0,0,0,0,1,0,0,0,0,0,0,0,0,0,0,3,1,0.0,0.0,0.0,0.0,0.857,0.065,0.095,48,56,0.954,0.102,0.117,0.027,0.0,0.0,0.0,0.0,normal
0.054,udp,dns,SF,97,140,0,0,0,0,0,0,0,0,0,0,0,0,0,0,0,0,9,5,0.0,0.008,0.0,0.0,0.943,0.122,0.017,243,144,0.842,0.11,0.096,0.081,0.0,0.0,0.0,0.0,normal
0.617,tcp,http,SF,268,4454,0,0,0,0,0,1,0,0,0,0,0,0,0,0,0,0,6,5,0.0,0.0,0.0,0.0,0.954,0.101,0.093,56,186,0.923,0.026,0.003,0.073,0.0,0.0,0.0,0.0,normal
3.19,tcp,http,SF,217,2768,0,0,0,0,0,1,0,0,0,0,0,0,0,0,0,0,3,2,0.003,0.001,0.0,0.0,0.858,0.001,0.032,199,23,0.971,0.075,0.072,0.076,0.0,0.0,0.0,0.0,normal
1.634,tcp,http,SF,494,349,0,0,0,0,0,1,0,0,0,0,0,0,0,0,0,0,5,2,0.018,0.001,0.0,0.0,0.953,0.083,0.075,29,132,0.88,0.086,0.122,0.039,0.0,0.0,0.0,0.0,normal
4.94,tcp,http,SF,330,11,0,0,0,0,0,1,0,0,0,0,0,0,0,0,0,0,6,2,0.0,0.0,0.0,0.0,0.9,0.068,0.092,54,83,0.863,0.064,0.032,0.043,0.0,0.0,0.0,0.0,normal
8.473,tcp,http,SF,197,20,0,0,0,0,0,1,0,0,0,0,0,0,0,0,0,0,1,6,0.0,0.0,0.0,0.0,0.862,0.016,0.005,111,171,0.833,0.073,0.133,0.032,0.0,0.0,0.0,0.0,normal
0.415,tcp,other,SF,168,235,0,0,0,0,0,0,0,0,0,0,0,0,0,0,0,0,6,1,0.0,0.147,0.0,0.0,0.851,0.054,0.087,52,235,0.838,0.18,0.056,0.07,0.0,0.0,0.0,0.0,normal
0.187,udp,dns,SF,114,142,0,0,0,0,0,0,0,0,0,0,0,0,0,0,0,0,6,5,0.0,0.007,0.0,0.0,0.979,0.107,0.046,33,68,0.966,0.05,0.136,0.044,0.0,0.0,0.0,0.0,normal
0.851,tcp,http,SF,593,469,0,0,0,0,0,1,0,0,0,0,0,0,0,0,0,0,6,4,0.001,0.001,0.0,0.0,0.9,0.079,0.024,164,218,0.967,0.019,0.011,0.042,0.0,0.0,0.0,0.0,normal
1.6,tcp,http,SF,561,883,0,0,0,0,0,1,0,0,0,0,0,0,0,0,0,0,1,3,0.0,0.014,0.0,0.0,0.933,0.046,0.043,200,31,0.839,0.016,0.093,0.08,0.0,0.0,0.0,0.0,normal
2.986,tcp,http,SF,445,4370,0,0,0,0,0,1,0,0,0,0,0,0,0,0,0,0,5,4,0.0,0.004,0.0,0.0,0.914,0.013,0.043,148,110,0.877,0.125,0.077,0.091,0.0,0.0,0.0,0.0,normal
0.026,udp,dns,SF,54,117,0,0,0,0,0,0,0,0,0,0,0,0,0,0,0,0,6,1,0.006,0.001,0.0,0.0,0.911,0.005,0.066,199,11,0.988,0.103,0.132,0.067,0.0,0.0,0.0,0.0,normal
0.053,udp,dns,SF,74,113,0,0,0,0,0,0,0,0,0,0,0,0,0,0,0,0,3,2,0.0,0.009,0.0,0.0,0.935,0.11,0.099,72,216,0.916,0.029,0.056,0.088,0.0,0.0,0.0,0.0,normal
0.32,tcp,http,SF,342,2836,0,0,0,0,0,1,0,0,0,0,0,0,0,0,0,0,7,4,0.001,0.0,0.0,0.0,0.984,0.133,0.082,165,116,0.836,0.144,0.113,0.015,0.0,0.0,0.0,0.0,normal
4.447,tcp,smtp,SF,676,926,0,0,0,0,0,1,0,0,0,0,0,0,0,0,0,0,3,3,0.001,0.0,0.0,0.0,0.999,0.126,0.016,58,96,0.863,0.146,0.04,0.028,0.0,0.0,0.0,0.0,normal
4.375,tcp,http,SF,382,11329,0,0,0,0,0,1,0,0,0,0,0,0,0,0,0,0,7,3,0.0,0.0,0.0,0.0,0.85,0.128,0.098,72,197,0.839,0.059,0.015,0.099,0.0,0.0,0.0,0.0,normal
0.194,tcp,http,SF,362,5368,0,0,0,0,0,1,0,0,0,0,0,0,0,0,0,0,4,3,0.039,0.0,0.0,0.0,0.9,0.024,0.077,203,105,0.896,0.027,0.136,0.087,0.0,0.0,0.0,0.0,normal
4.811,tcp,smtp,SF,961,748,0,0,0,0,0,1,0,0,0,0,0,0,0,0,0,0,7,1,0.0,0.299,0.0,0.0,0.873,0.06,0.021,76,15,0.961,0.052,0.129,0.094,0.0,0.0,0.0,0.0,normal
0.699,tcp,http,SF,328,3264,0,0,0,0,0,1,0,0,0,0,0,0,0,0,0,0,5,4,0.0,0.0,0.0,0.0,0.891,0.067,0.076,98,226,0.854,0.031,0.055,0.037,0.0,0.0,0.0,0.0,normal
5.252,tcp,smtp,SF,440,1108,0,0,0,0,0,1,0,0,0,0,0,0,0,0,0,0,4,3,0.0,0.0,0.0,0.0,0.919,0.133,0.086,162,209,0.821,0.116,0.048,0.097,0.0,0.0,0.0,0.0,normal
1.184,tcp,http,SF,370,2731,0,0,0,0,0,1,0,0,0,0,0,0,0,0,0,0,4,1,0.003,0.0,0.0,0.0,0.903,0.047,0.089,234,223,0.947,0.131,0.055,0.077,0.0,0.0,0.0,0.0,normal
7.247,tcp,smtp,SF,784,1318,0,0,0,0,0,1,0,0,0,0,0,0,0,0,0,0,3,7,0.0,0.066,0.0,0.0,0.948,0.015,0.071,156,211,0.902,0.165,0.101,0.058,0.0,0.0,0.0,0.0,normal
3.699,tcp,http,SF,383,14552,0,0,0,0,0,1,0,0,0,0,0,0,0,0,0,0,6,3,0.0,0.0,0.0,0.0,0.929,0.025,0.057,14,70,0.921,0.023,0.119,0.086,0.0,0.0,0.0,0.0,normal
0.022,udp,dns,SF,68,189,0,0,0,0,0,0,0,0,0,0,0,0,0,0,0,0,4,6,0.0,0.0,0.0,0.0,0.885,0.024,0.007,42,231,0.937,0.142,0.008,0.04,0.0,0.0,0.0,0.0,normal
0.002,udp,dns,SF,80,255,0,0,0,1,0,0,0,0,0,0,0,0,0,0,0,0,3,4,0.0,0.0,0.0,0.0,0.944,0.023,0.036,226,195,0.918,0.182,0.043,0.001,0.0,0.0,0.0,0.0,normal
1.416,tcp,smtp,SF,1085,1754,0,0,0,0,0,1,0,0,0,0,0,0,0,0,0,0,5,2,0.002,0.002,0.0,0.0,0.875,0.012,0.042,133,34,0.8,0.194,0.132,0.019,0.0,0.0,0.0,0.0,normal
0.009,udp,dns,SF,51,127,0,0,0,0,0,0,0,0,0,0,0,0,0,0,0,0,3,1,0.0,0.156,0.0,0.0,0.871,0.088,0.097,219,155,0.93,0.123,0.026,0.094,0.0,0.0,0.0,0.0,normal
6.457,tcp,http,SF,270,2301,0,0,0,0,0,1,0,0,0,0,0,0,0,0,0,0,5,2,0.0,0.0,0.0,0.0,0.929,0.089,0.048,25,209,0.801,0.073,0.105,0.005,0.0,0.0,0.0,0.0,normal
0.057,udp,dns,SF,64,172,0,0,0,0,0,0,0,0,0,0,0,0,0,0,0,0,5,2,0.01,0.0,0.0,0.0,0.887,0.104,0.042,46,94,0.912,0.132,0.019,0.09,0.0,0.0,0.0,0.0,normal
0.068,udp,dns,SF,46,138,0,0,0,0,0,0,0,0,0,0,0,0,0,0,0,0,2,3,0.0,0.0,0.0,0.0,0.863,0.042,0.055,41,180,0.995,0.157,0.013,0.092,0.0,0.0,0.0,0.0,normal
3.211,tcp,smtp,SF,1084,1276,0,0,0,0,0,1,0,0,0,0,0,0,0,0,0,0,4,2,0.0,0.0,0.0,0.0,0.864,0.025,0.037,132,170,0.817,0.069,0.149,0.052,0.0,0.0,0.0,0.0,normal
2.007,tcp,smtp,SF,1173,1627,0,0,0,0,0,1,0,0,0,0,0,0,0,0,0,0,6,1,0.011,0.001,0.0,0.0,0.881,0.133,0.029,68,166,0.814,0.134,0.028,0.08,0.0,0.0,0.0,0.0,normal
1.972,tcp,http,SF,208,765,0,0,0,0,0,1,0,0,0,0,0,0,0,0,0,0,1,5,0.0,0.0,0.0,0.0,0.979,0.083,0.093,54,114,0.921,0.186,0.078,0.046,0.0,0.0,0.0,0.0,normal
0.126,tcp,http,SF,323,109,0,0,0,0,0,1,0,0,0,0,0,0,0,0,0,0,5,2,0.002,0.008,0.0,0.0,0.931,0.017,0.019,46,232,0.933,0.141,0.053,0.054,0.0,0.0,0.0,0.0,normal
0.077,tcp,http,SF,300,3717,0,0,0,0,0,1,0,0,0,0,0,0,0,0,0,0,5,5,0.0,0.0,0.0,0.0,0.994,0.034,0.052,172,57,0.848,0.122,0.017,0.015,0.0,0.0,0.0,0.0,normal
0.766,tcp,http,SF,318,9400,0,0,0,0,0,1,0,0,0,0,0,0,0,0,0,0,3,1,0.01,0.0,0.0,0.0,0.904,0.125,0.042,47,246,0.807,0.004,0.134,0.019,0.0,0.0,0.0,0.0,normal
54.592,tcp,ssh,SF,2907,3369,0,0,0,0,0,1,0,0,0,0,0,0,0,0,0,0,3,2,0.093,0.0,0.0,0.0,0.983,0.028,0.002,18,200,0.89,0.071,0.08,0.056,0.0,0.0,0.0,0.0,normal
1.674,tcp,http,SF,227,2707,0,0,0,0,0,1,0,0,0,0,0,0,0,0,0,0,2,2,0.0,0.0,0.0,0.0,0.895,0.024,0.054,140,126,0.938,0.126,0.041,0.076,0.0,0.0,0.0,0.0,normal
0.155,tcp,http,SF,325,1239,0,0,0,0,0,1,0,0,0,0,0,0,0,0,0,0,2,3,0.0,0.006,0.0,0.0,0.868,0.106,0.024,206,83,0.809,0.034,0.006,0.052,0.0,0.0,0.0,0.0,normal
55.37,tcp,ssh,SF,2351,5107,0,0,0,0,0,1,0,0,0,0,0,0,0,0,0,0,3,4,0.0,0.0,0.0,0.0,0.997,0.04,0.029,25,12,0.83,0.164,0.094,0.019,0.0,0.0,0.0,0.0,normal
3.369,tcp,http,SF,307,1844,0,0,0,1,0,1,0,0,0,0,0,0,0,0,0,0,2,3,0.0,0.0,0.0,0.0,0.995,0.022,0.071,105,139,0.877,0.135,0.023,0.093,0.0,0.0,0.0,0.0,normal
36.64,tcp,ssh,SF,1358,2592,0,0,0,0,0,1,0,0,0,0,0,0,0,0,0,0,6,8,0.0,0.055,0.0,0.0,0.998,0.144,0.063,121,157,0.979,0.154,0.09,0.071,0.0,0.0,0.0,0.0,normal
1.186,tcp,smtp,SF,1057,1435,0,0,0,0,0,1,0,0,0,0,0,0,0,0,0,0,4,1,0.015,0.0,0.0,0.0,0.898,0.12,0.093,182,114,0.983,0.028,0.101,0.031,0.0,0.0,0.0,0.0,normal
1.201,tcp,http,SF,633,4105,0,0,0,0,0,1,0,0,0,0,0,0,0,0,0,0,7,7,0.0,0.019,0.0,0.0,0.967,0.054,0.014,226,66,0.87,0.155,0.011,0.051,0.0,0.0,0.0,0.0,normal
0.0,udp,dns,SF,73,87,0,0,0,0,0,0,0,0,0,0,0,0,0,0,0,0,5,2,0.0,0.004,0.0,0.0,0.984,0.116,0.055,45,165,0.968,0.15,0.141,0.084,0.0,0.0,0.0,0.0,normal
0.649,tcp,http,SF,450,1710,0,0,0,0,0,1,0,0,0,0,0,0,0,0,0,0,2,6,0.0,0.029,0.0,0.0,0.912,0.013,0.015,110,254,0.983,0.124,0.094,0.028,0.0,0.0,0.0,0.0,normal
2.573,tcp,http,SF,465,1980,0,0,0,0,0,1,0,0,0,0,0,0,0,0,0,0,2,2,0.0,0.009,0.0,0.0,0.986,0.034,0.083,209,192,0.974,0.197,0.087,0.073,0.0,0.0,0.0,0.0,normal
1.267,tcp,http,SF,325,12235,0,0,0,0,0,1,0,0,0,0,0,0,0,0,0,0,1,3,0.001,0.0,0.0,0.0,0.861,0.015,0.024,38,93,0.997,0.091,0.064,0.077,0.0,0.0,0.0,0.0,normal
0.047,udp,dns,SF,74,128,0,0,0,0,0,0,0,0,0,0,0,0,0,0,0,0,2,5,0.0,0.0,0.0,0.0,0.969,0.121,0.022,28,241,0.93,0.16,0.139,0.082,0.0,0.0,0.0,0.0,normal
0.014,udp,dns,SF,44,161,0,0,0,0,0,0,0,0,0,0,0,0,0,0,0,0,2,3,0.0,0.0,0.0,0.0,0.955,0.133,0.02,230,131,0.976,0.17,0.117,0.019,0.0,0.0,0.0,0.0,normal
4.418,tcp,http,SF,413,1212,0,0,0,0,0,1,0,0,0,0,0,0,0,0,0,0,3,2,0.01,0.048,0.0,0.0,0.9,0.114,0.005,242,119,0.923,0.057,0.123,0.0,0.0,0.0,0.0,0.0,normal
0.958,tcp,http,SF,206,622,0,0,0,0,0,1,0,0,0,0,0,0,0,0,0,0,4,6,0.008,0.0,0.0,0.0,0.98,0.106,0.086,243,218,0.85,0.058,0.051,0.07,0.0,0.0,0.0,0.0,normal
1.522,tcp,http,SF,660,6725,0,0,0,0,0,1,0,0,0,0,0,0,0,0,0,0,5,3,0.0,0.0,0.0,0.0,0.934,0.085,0.049,55,120,0.973,0.003,0.056,0.042,0.0,0.0,0.0,0.0,normal
3.255,tcp,http,SF,323,1770,0,0,0,0,0,1,0,0,0,0,0,0,0,0,0,0,3,4,0.0,0.0,0.0,0.0,0.92,0.131,0.096,247,10,0.995,0.065,0.106,0.075,0.0,0.0,0.0,0.0,normal
15.472,tcp,smtp,SF,680,1113,0,0,0,0,0,1,0,0,0,0,0,0,0,0,0,0,9,1,0.0,0.0,0.0,0.0,0.906,0.023,0.035,27,74,0.815,0.197,0.075,0.015,0.0,0.0,0.0,0.0,normal
0.475,tcp,http,SF,309,2250,0,0,0,0,0,1,0,0,0,0,0,0,0,0,0,0,4,1,0.0,0.001,0.0,0.0,0.902,0.037,0.055,84,240,0.967,0.049,0.143,0.052,0.0,0.0,0.0,0.0,normal
1.244,tcp,http,SF,432,3424,0,0,0,0,0,1,0,0,0,0,0,0,0,0,0,0,4,3,0.0,0.0,0.0,0.0,0.896,0.011,0.036,144,69,0.882,0.172,0.112,0.024,0.0,0.0,0.0,0.0,normal
0.028,udp,dns,SF,58,126,0,0,0,0,0,0,0,0,0,0,0,0,0,0,0,0,2,3,0.0,0.0,0.0,0.0,0.939,0.089,0.085,118,58,0.997,0.074,0.145,0.016,0.0,0.0,0.0,0.0,normal
0.2,udp,dns,SF,103,111,0,0,0,0,0,0,0,0,0,0,0,0,0,0,0,0,5,5,0.001,0.076,0.0,0.0,0.864,0.084,0.068,232,20,0.884,0.095,0.083,0.004,0.0,0.0,0.0,0.0,normal
5.404,tcp,http,SF,277,2088,0,0,0,0,0,1,0,0,0,0,0,0,0,0,0,0,5,3,0.0,0.007,0.0,0.0,0.947,0.034,0.065,108,47,0.842,0.086,0.078,0.095,0.0,0.0,0.0,0.0,normal
1.232,tcp,http,SF,401,550,0,0,0,0,0,1,0,0,0,0,0,0,0,0,0,0,1,4,0.0,0.0,0.0,0.0,0.912,0.141,0.001,65,224,0.93,0.182,0.007,0.081,0.0,0.0,0.0,0.0,normal
0.091,udp,dns,SF,78,172,0,0,0,0,0,0,0,0,0,0,0,0,0,0,0,0,2,1,0.0,0.007,0.0,0.0,0.946,0.003,0.089,31,170,0.993,0.133,0.054,0.044,0.0,0.0,0.0,0.0,normal
0.0,udp,dns,SF,49,127,0,0,0,0,0,0,0,0,0,0,0,0,0,0,0,0,7,1,0.0,0.016,0.0,0.0,0.969,0.013,0.052,204,35,0.971,0.118,0.082,0.027,0.0,0.0,0.0,0.0,normal
1.825,tcp,http,SF,287,3606,0,0,0,0,0,1,0,0,0,0,0,0,0,0,0,0,3,3,0.002,0.043,0.0,0.0,0.904,0.125,0.047,239,221,0.843,0.179,0.08,0.043,0.0,0.0,0.0,0.0,normal
0.019,udp,dns,SF,48,129,0,0,0,0,0,0,0,0,0,0,0,0,0,0,0,0,3,4,0.0,0.035,0.0,0.0,0.95,0.015,0.049,167,187,0.832,0.192,0.07,0.045,0.0,0.0,0.0,0.0,normal
0.122,udp,dns,SF,73,176,0,0,0,0,0,0,0,0,0,0,0,0,0,0,0,0,6,2,0.0,0.0,0.0,0.0,0.857,0.062,0.041,88,52,1.0,0.142,0.143,0.074,0.0,0.0,0.0,0.0,normal
7.467,tcp,smtp,SF,450,1495,0,0,0,0,0,1,0,0,0,0,0,0,0,0,0,0,4,3,0.001,0.001,0.0,0.0,0.949,0.039,0.088,21,152,0.832,0.171,0.108,0.028,0.0,0.0,0.0,0.0,normal
0.595,tcp,http,SF,286,43,0,0,0,0,0,1,0,0,0,0,0,0,0,0,0,0,2,3,0.0,0.0,0.0,0.0,0.958,0.03,0.041,247,48,0.952,0.148,0.018,0.075,0.0,0.0,0.0,0.0,normal
4.424,tcp,http,SF,196,9022,0,0,0,0,0,1,0,0,0,0,0,0,0,0,0,0,4,5,0.0,0.0,0.0,0.0,0.883,0.061,0.024,117,249,0.907,0.0,0.014,0.086,0.0,0.0,0.0,0.0,normal
1.85,tcp,http,SF,268,3456,0,0,0,0,0,1,0,0,0,0,0,0,0,0,0,0,6,2,0.0,0.0,0.0,0.0,0.963,0.14,0.094,202,65,0.923,0.095,0.092,0.055,0.0,0.0,0.0,0.0,normal
3.399,tcp,smtp,SF,1135,1410,0,0,0,1,0,1,0,0,0,0,0,0,0,0,0,0,7,1,0.0,0.002,0.0,0.0,0.906,0.115,0.067,16,126,0.998,0.06,0.11,0.011,0.0,0.0,0.0,0.0,normal
2.381,tcp,smtp,SF,744,950,0,0,0,0,0,1,0,0,0,0,0,0,0,0,0,0,7,3,0.002,0.0,0.0,0.0,0.939,0.051,0.057,48,19,0.805,0.181,0.043,0.08,0.0,0.0,0.0,0.0,normal
1.124,tcp,http,SF,253,743,0,0,0,0,0,1,0,0,0,0,0,0,0,0,0,0,3,1,0.001,0.002,0.0,0.0,0.984,0.04,0.06,43,191,0.868,0.031,0.122,0.052,0.0,0.0,0.0,0.0,normal
37.601,tcp,ssh,SF,2313,4412,0,0,0,0,0,1,0,0,0,0,0,0,0,0,0,0,2,2,0.0,0.008,0.0,0.0,0.981,0.061,0.016,40,181,0.928,0.064,0.111,0.064,0.0,0.0,0.0,0.0,normal
0.01,udp,dns,SF,38,124,0,0,0,0,0,0,0,0,0,0,0,0,0,0,0,0,1,2,0.0,0.023,0.0,0.0,0.942,0.057,0.068,101,181,0.821,0.18,0.038,0.076,0.0,0.0,0.0,0.0,normal
0.058,udp,dns,SF,72,120,0,0,0,0,0,0,0,0,0,0,0,0,0,0,0,0,3,5,0.0,0.001,0.0,0.0,0.964,0.049,0.096,54,141,0.97,0.025,0.082,0.098,0.0,0.0,0.0,0.0,normal
10.224,tcp,smtp,SF,832,1676,0,0,0,0,0,1,0,0,0,0,0,0,0,0,0,0,5,2,0.002,0.011,0.0,0.0,0.937,0.037,0.06,95,147,0.944,0.126,0.13,0.042,0.0,0.0,0.0,0.0,normal
0.067,udp,dns,SF,45,110,0,0,0,0,0,0,0,0,0,0,0,0,0,0,0,0,6,5,0.033,0.0,0.0,0.0,0.917,0.139,0.081,120,144,0.963,0.112,0.109,0.064,0.0,0.0,0.0,0.0,normal
0.585,tcp,http,SF,223,3644,0,0,0,0,0,1,0,0,0,0,0,0,0,0,0,0,7,5,0.003,0.0,0.0,0.0,0.892,0.134,0.044,71,31,0.88,0.128,0.137,0.087,0.0,0.0,0.0,0.0,normal
33.271,tcp,ssh,SF,2388,2920,0,0,0,0,0,1,0,0,0,0,0,0,0,0,0,0,6,5,0.0,0.0,0.0,0.0,0.905,0.045,0.001,18,201,0.815,0.069,0.037,0.096,0.0,0.0,0.0,0.0,normal
4.797,tcp,smtp,SF,693,994,0,0,0,0,0,1,0,0,0,0,0,0,0,0,0,0,4,3,0.001,0.0,0.0,0.0,0.966,0.096,0.013,216,68,0.977,0.065,0.061,0.033,0.0,0.0,0.0,0.0,normal
1.478,tcp,http,SF,265,1766,0,0,0,0,0,1,0,0,0,0,0,0,0,0,0,0,6,2,0.0,0.0,0.0,0.0,0.933,0.124,0.04,58,91,0.913,0.132,0.05,0.025,0.0,0.0,0.0,0.0,normal
1.65,tcp,http,SF,635,6984,0,0,0,0,0,1,0,0,0,0,0,0,0,0,0,0,4,1,0.0,0.0,0.0,0.0,0.903,0.109,0.088,95,168,0.848,0.133,0.06,0.074,0.0,0.0,0.0,0.0,normal
0.615,tcp,http,SF,568,1392,0,0,0,0,0,1,0,0,0,0,0,0,0,0,0,0,4,2,0.005,0.001,0.0,0.0,0.924,0.117,0.005,100,19,0.834,0.059,0.075,0.083,0.0,0.0,0.0,0.0,normal
0.069,tcp,http,SF,290,3074,0,0,0,0,0,1,0,0,0,0,0,0,0,0,0,0,1,2,0.0,0.0,0.0,0.0,0.957,0.002,0.05,208,102,0.986,0.191,0.038,0.071,0.0,0.0,0.0,0.0,normal
4.125,tcp,http,SF,981,4877,0,0,0,0,0,1,0,0,0,0,0,0,0,0,0,0,4,3,0.001,0.0,0.0,0.0,0.954,0.095,0.025,196,206,0.896,0.053,0.089,0.088,0.0,0.0,0.0,0.0,normal
12.181,tcp,smtp,SF,727,1428,0,0,0,0,0,1,0,0,0,0,0,0,0,0,0,0,8,6,0.0,0.0,0.0,0.0,0.983,0.018,0.044,247,44,0.914,0.063,0.016,0.06,0.0,0.0,0.0,0.0,normal
0.06,udp,dns,SF,50,199,0,0,0,0,0,0,0,0,0,0,0,0,0,0,0,0,6,1,0.0,0.0,0.0,0.0,0.913,0.138,0.085,166,114,0.808,0.17,0.032,0.006,0.0,0.0,0.0,0.0,normal
7.977,tcp,smtp,SF,756,1347,0,0,0,0,0,1,0,0,0,0,0,0,0,0,0,0,5,5,0.0,0.0,0.0,0.0,0.895,0.025,0.062,121,54,0.814,0.007,0.105,0.089,0.0,0.0,0.0,0.0,normal
0.046,udp,dns,SF,58,175,0,0,0,0,0,0,0,0,0,0,0,0,0,0,0,0,4,2,0.0,0.0,0.0,0.0,0.897,0.093,0.042,240,68,0.841,0.098,0.036,0.067,0.0,0.0,0.0,0.0,normal
3.979,tcp,http,SF,301,1350,0,0,0,0,0,1,0,0,0,0,0,0,0,0,0,0,8,4,0.0,0.001,0.0,0.0,0.918,0.139,0.086,137,87,0.967,0.115,0.044,0.009,0.0,0.0,0.0,0.0,normal
0.019,udp,dns,SF,63,84,0,0,0,0,0,0,0,0,0,0,0,0,0,0,0,0,6,2,0.005,0.0,0.0,0.0,0.86,0.025,0.05,187,103,0.89,0.001,0.139,0.052,0.0,0.0,0.0,0.0,normal
2.551,tcp,smtp,SF,540,924,0,0,0,0,0,1,0,0,0,0,0,0,0,0,0,0,3,3,0.0,0.0,0.0,0.0,0.964,0.045,0.065,236,146,0.904,0.03,0.008,0.013,0.0,0.0,0.0,0.0,normal
5.328,tcp,http,SF,176,1248,0,0,0,0,0,1,0,0,0,0,0,0,0,0,0,0,5,6,0.0,0.002,0.0,0.0,0.864,0.009,0.062,94,171,0.862,0.187,0.026,0.015,0.0,0.0,0.0,0.0,normal
73.575,tcp,ssh,SF,3744,4931,0,0,0,0,0,1,0,0,0,0,0,0,0,0,0,0,7,4,0.0,0.0,0.0,0.0,0.944,0.012,0.037,234,100,0.997,0.025,0.127,0.03,0.0,0.0,0.0,0.0,normal
1.256,tcp,http,SF,354,8066,0,0,0,0,0,1,0,0,0,0,0,0,0,0,0,0,4,4,0.007,0.0,0.0,0.0,0.958,0.043,0.001,152,113,0.872,0.005,0.052,0.036,0.0,0.0,0.0,0.0,normal
4.069,tcp,http,SF,604,2834,0,0,0,0,0,1,0,0,0,0,0,0,0,0,0,0,4,2,0.097,0.001,0.0,0.0,0.963,0.113,0.056,197,241,0.809,0.18,0.065,0.091,0.0,0.0,0.0,0.0,normal
1.234,tcp,other,REJ,223,124,0,0,0,0,0,0,0,0,0,0,0,0,0,0,0,0,3,6,0.0,0.0,0.0,0.0,0.861,0.091,0.038,171,162,0.951,0.068,0.087,0.042,0.0,0.0,0.0,0.0,normal
1.694,tcp,http,SF,238,12253,0,0,0,0,0,1,0,0,0,0,0,0,0,0,0,0,6,2,0.0,0.002,0.0,0.0,0.949,0.125,0.011,248,64,0.969,0.014,0.147,0.045,0.0,0.0,0.0,0.0,normal
0.029,udp,dns,SF,51,123,0,0,0,0,0,0,0,0,0,0,0,0,0,0,0,0,7,4,0.0,0.0,0.0,0.0,0.971,0.003,0.065,116,109,0.986,0.183,0.12,0.043,0.0,0.0,0.0,0.0,normal
5.524,tcp,http,SF,361,1611,0,0,0,0,0,1,0,0,0,0,0,0,0,0,0,0,4,3,0.0,0.0,0.0,0.0,0.938,0.003,0.079,37,22,0.983,0.116,0.038,0.01,0.0,0.0,0.0,0.0,normal
0.094,udp,dns,SF,63,286,0,0,0,0,0,0,0,0,0,0,0,0,0,0,0,0,5,2,0.061,0.0,0.0,0.0,0.972,0.072,0.092,178,61,0.897,0.172,0.02,0.058,0.0,0.0,0.0,0.0,normal
0.739,tcp,http,SF,208,512,0,0,0,0,0,1,0,0,0,0,0,0,0,0,0,0,4,3,0.0,0.0,0.0,0.0,0.921,0.037,0.038,10,133,0.885,0.117,0.005,0.071,0.0,0.0,0.0,0.0,normal
95.925,tcp,ssh,SF,2958,2489,0,0,0,0,0,1,0,0,0,0,0,0,0,0,0,0,6,1,0.0,0.07,0.0,0.0,0.883,0.087,0.005,190,110,0.928,0.178,0.029,0.004,0.0,0.0,0.0,0.0,normal
0.014,tcp,http,SF,479,2083,0,0,0,0,0,1,0,0,0,0,0,0,0,0,0,0,5,1,0.0,0.002,0.0,0.0,0.919,0.105,0.074,208,211,0.889,0.175,0.055,0.066,0.0,0.0,0.0,0.0,normal
0.091,udp,dns,SF,67,179,0,0,0,0,0,0,0,0,0,0,0,0,0,0,0,0,6,3,0.0,0.0,0.0,0.0,0.969,0.005,0.089,141,202,0.865,0.069,0.037,0.001,0.0,0.0,0.0,0.0,normal
2.171,tcp,http,SF,457,1001,0,0,0,0,0,1,0,0,0,0,0,0,0,0,0,0,2,2,0.0,0.078,0.0,0.0,0.981,0.053,0.044,159,54,0.909,0.029,0.079,0.092,0.0,0.0,0.0,0.0,normal
2.122,tcp,http,SF,225,1098,0,0,0,0,0,1,0,0,0,0,0,0,0,0,0,0,7,1,0.0,0.003,0.0,0.0,0.912,0.038,0.077,37,167,0.932,0.066,0.074,0.039,0.0,0.0,0.0,0.0,normal
40.336,tcp,ssh,SF,2144,5971,0,0,0,0,0,1,0,0,0,0,0,0,0,0,0,0,4,3,0.0,0.0,0.0,0.0,0.915,0.112,0.013,150,88,0.987,0.196,0.129,0.064,0.0,0.0,0.0,0.0,normal
1.611,tcp,http,SF,355,3325,0,0,0,0,0,1,0,0,0,0,0,0,0,0,0,0,5,6,0.008,0.001,0.0,0.0,0.989,0.027,0.092,246,219,0.829,0.029,0.074,0.079,0.0,0.0,0.0,0.0,normal
0.365,tcp,http,SF,451,63,0,0,0,0,0,1,0,0,0,0,0,0,0,0,0,0,4,5,0.0,0.0,0.0,0.0,0.874,0.068,0.02,67,173,0.847,0.155,0.031,0.059,0.0,0.0,0.0,0.0,normal
0.97,tcp,http,SF,282,3828,0,0,0,0,0,1,0,0,0,0,0,0,0,0,0,0,8,3,0.013,0.013,0.0,0.0,0.885,0.053,0.069,129,231,0.937,0.068,0.118,0.048,0.0,0.0,0.0,0.0,normal
0.067,udp,dns,SF,49,123,0,0,0,0,0,0,0,0,0,0,0,0,0,0,0,0,4,1,0.001,0.0,0.0,0.0,0.892,0.113,0.011,178,205,0.938,0.02,0.133,0.008,0.0,0.0,0.0,0.0,normal
1.227,tcp,http,SF,409,519,0,0,0,0,0,1,0,0,0,0,0,0,0,0,0,0,5,1,0.051,0.0,0.0,0.0,0.869,0.122,0.042,86,162,0.972,0.052,0.081,0.017,0.0,0.0,0.0,0.0,normal
0.016,udp,dns,SF,49,83,0,0,0,0,0,0,0,0,0,0,0,0,0,0,0,0,3,1,0.0,0.004,0.0,0.0,0.943,0.063,0.021,126,155,0.85,0.079,0.062,0.09,0.0,0.0,0.0,0.0,normal
0.054,udp,dns,SF,65,119,0,0,0,0,0,0,0,0,0,0,0,0,0,0,0,0,2,1,0.0,0.0,0.0,0.0,0.952,0.108,0.085,49,217,0.881,0.149,0.059,0.089,0.0,0.0,0.0,0.0,normal
1.096,tcp,http,SF,307,1413,0,0,0,0,0,1,0,0,0,0,0,0,0,0,0,0,3,3,0.0,0.0,0.0,0.0,0.853,0.078,0.024,179,28,0.804,0.143,0.057,0.059,0.0,0.0,0.0,0.0,normal
1.438,tcp,http,SF,225,733,0,0,0,0,0,1,0,0,0,0,0,0,0,0,0,0,6,4,0.0,0.01,0.0,0.0,0.928,0.04,0.002,172,65,0.847,0.105,0.094,0.098,0.0,0.0,0.0,0.0,normal
1.568,tcp,http,SF,371,5670,0,0,0,0,0,1,0,0,0,0,0,0,0,0,0,0,6,3,0.0,0.0,0.0,0.0,0.925,0.007,0.072,212,197,0.997,0.176,0.044,0.03,0.0,0.0,0.0,0.0,normal
1.101,tcp,http,SF,535,33,0,0,0,0,0,1,0,0,0,0,0,0,0,0,0,0,13,2,0.0,0.04,0.0,0.0,0.898,0.091,0.08,73,190,0.969,0.047,0.12,0.004,0.0,0.0,0.0,0.0,normal
0.016,udp,dns,SF,61,109,0,0,0,0,0,0,0,0,0,0,0,0,0,0,0,0,4,5,0.002,0.001,0.0,0.0,0.993,0.02,0.025,237,199,0.869,0.139,0.109,0.055,0.0,0.0,0.0,0.0,normal
2.795,tcp,http,SF,404,49,0,0,0,0,0,1,0,0,0,0,0,0,0,0,0,0,6,4,0.0,0.0,0.0,0.0,0.911,0.142,0.032,50,166,0.894,0.175,0.066,0.004,0.0,0.0,0.0,0.0,normal
0.036,udp,dns,SF,81,133,0,0,0,0,0,0,0,0,0,0,0,0,0,0,0,0,2,2,0.0,0.001,0.0,0.0,0.945,0.135,0.049,106,66,0.968,0.036,0.144,0.092,0.0,0.0,0.0,0.0,normal
16.899,tcp,smtp,SF,801,1260,0,0,0,0,0,1,0,0,0,0,0,0,0,0,0,0,7,5,0.003,0.0,0.0,0.0,0.857,0.043,0.055,45,244,0.974,0.007,0.119,0.015,0.0,0.0,0.0,0.0,normal
0.624,tcp,other,REJ,237,227,0,0,0,1,0,0,0,0,0,0,0,0,0,0,0,0,2,3,0.009,0.01,0.0,0.0,0.86,0.094,0.096,49,60,0.846,0.089,0.108,0.048,0.0,0.0,0.0,0.0,normal
0.018,udp,dns,SF,79,124,0,0,0,0,0,0,0,0,0,0,0,0,0,0,0,0,4,1,0.015,0.0,0.0,0.0,0.858,0.032,0.02,238,148,0.858,0.016,0.101,0.017,0.0,0.0,0.0,0.0,normal
2.118,tcp,http,SF,290,4508,0,0,0,0,0,1,0,0,0,0,0,0,0,0,0,0,5,6,0.0,0.0,0.0,0.0,0.92,0.034,0.0,140,60,0.805,0.007,0.086,0.099,0.0,0.0,0.0,0.0,normal
0.84,tcp,http,SF,205,2992,0,0,0,0,0,1,0,0,0,0,0,0,0,0,0,0,7,3,0.0,0.0,0.0,0.0,0.944,0.062,0.056,87,168,0.97,0.134,0.102,0.097,0.0,0.0,0.0,0.0,normal
0.35,tcp,http,SF,326,3387,0,0,0,0,0,1,0,0,0,0,0,0,0,0,0,0,6,1,0.0,0.0,0.0,0.0,0.86,0.096,0.061,172,144,0.864,0.098,0.1,0.023,0.0,0.0,0.0,0.0,normal
0.287,tcp,smtp,SF,501,1819,0,0,0,0,0,1,0,0,0,0,0,0,0,0,0,0,6,3,0.0,0.0,0.0,0.0,0.892,0.032,0.094,250,147,0.826,0.16,0.093,0.08,0.0,0.0,0.0,0.0,normal
0.55,tcp,http,SF,483,1141,0,0,0,0,0,1,0,0,0,0,0,0,0,0,0,0,3,2,0.002,0.088,0.0,0.0,0.871,0.132,0.041,161,136,0.965,0.197,0.004,0.035,0.0,0.0,0.0,0.0,normal
0.548,tcp,http,SF,563,441,0,0,0,0,0,1,0,0,0,0,0,0,0,0,0,0,8,1,0.007,0.0,0.0,0.0,0.934,0.082,0.053,89,43,0.898,0.184,0.031,0.007,0.0,0.0,0.0,0.0,normal
7.352,tcp,http,SF,228,3185,0,0,0,0,0,1,0,0,0,0,0,0,0,0,0,0,4,2,0.0,0.002,0.0,0.0,0.894,0.114,0.033,131,146,0.999,0.123,0.084,0.057,0.0,0.0,0.0,0.0,normal
2.43,tcp,http,SF,469,1451,0,0,0,0,0,1,0,0,0,0,0,0,0,0,0,0,3,4,0.0,0.0,0.0,0.0,0.959,0.029,0.043,15,43,0.807,0.164,0.053,0.027,0.0,0.0,0.0,0.0,normal
7.42,tcp,smtp,SF,991,1272,0,0,0,0,0,1,0,0,0,0,0,0,0,0,0,0,1,3,0.0,0.0,0.0,0.0,0.902,0.067,0.017,251,252,0.993,0.16,0.011,0.03,0.0,0.0,0.0,0.0,normal
0.603,tcp,smtp,SF,933,938,0,0,0,0,0,1,0,0,0,0,0,0,0,0,0,0,3,2,0.025,0.0,0.0,0.0,0.864,0.099,0.006,140,82,0.82,0.133,0.07,0.036,0.0,0.0,0.0,0.0,normal
0.012,udp,dns,SF,71,126,0,0,0,0,0,0,0,0,0,0,0,0,0,0,0,0,4,3,0.065,0.002,0.0,0.0,0.997,0.04,0.086,116,24,0.958,0.159,0.039,0.057,0.0,0.0,0.0,0.0,normal
0.06,udp,dns,SF,81,272,0,0,0,0,0,0,0,0,0,0,0,0,0,0,0,0,11,1,0.0,0.0,0.0,0.0,0.853,0.089,0.06,70,163,0.852,0.034,0.013,0.072,0.0,0.0,0.0,0.0,normal
1.265,tcp,http,SF,223,3409,0,0,0,0,0,1,0,0,0,0,0,0,0,0,0,0,4,5,0.0,0.0,0.0,0.0,0.958,0.012,0.066,11,86,0.837,0.047,0.03,0.086,0.0,0.0,0.0,0.0,normal
2.021,tcp,http,SF,409,3585,0,0,0,0,0,1,0,0,0,0,0,0,0,0,0,0,1,5,0.001,0.001,0.0,0.0,0.906,0.043,0.078,24,251,0.837,0.076,0.0,0.049,0.0,0.0,0.0,0.0,normal
0.027,udp,dns,SF,77,156,0,0,0,0,0,0,0,0,0,0,0,0,0,0,0,0,5,1,0.0,0.0,0.0,0.0,0.875,0.102,0.042,179,46,0.805,0.102,0.014,0.094,0.0,0.0,0.0,0.0,normal
1.095,tcp,http,SF,279,10848,0,0,0,0,0,1,0,0,0,0,0,0,0,0,0,0,5,5,0.046,0.0,0.0,0.0,0.855,0.097,0.061,186,41,0.836,0.149,0.023,0.001,0.0,0.0,0.0,0.0,normal
7.382,tcp,http,SF,303,4515,0,0,0,0,0,1,0,0,0,0,0,0,0,0,0,0,3,4,0.0,0.0,0.0,0.0,0.957,0.136,0.028,197,171,0.906,0.177,0.104,0.018,0.0,0.0,0.0,0.0,normal
1.685,tcp,http,SF,184,52,0,0,0,0,0,1,0,0,0,0,0,0,0,0,0,0,7,2,0.005,0.019,0.0,0.0,0.868,0.131,0.088,133,146,0.885,0.178,0.107,0.003,0.0,0.0,0.0,0.0,normal
0.038,udp,dns,SF,78,101,0,0,0,0,0,0,0,0,0,0,0,0,0,0,0,0,3,5,0.0,0.0,0.0,0.0,0.893,0.075,0.059,71,144,0.913,0.089,0.05,0.007,0.0,0.0,0.0,0.0,normal
6.934,tcp,ssh,SF,1884,5587,0,0,0,0,0,1,0,0,0,0,0,0,0,0,0,0,5,2,0.0,0.0,0.0,0.0,0.875,0.077,0.034,123,113,0.878,0.196,0.1,0.005,0.0,0.0,0.0,0.0,normal
0.093,udp,dns,SF,56,66,0,0,0,0,0,0,0,0,0,0,0,0,0,0,0,0,3,4,0.0,0.0,0.0,0.0,0.88,0.026,0.007,71,14,0.885,0.022,0.044,0.087,0.0,0.0,0.0,0.0,normal
0.487,tcp,http,SF,380,7856,0,0,0,0,0,1,0,0,0,0,0,0,0,0,0,0,3,3,0.037,0.0,0.0,0.0,0.858,0.075,0.1,156,171,0.896,0.191,0.012,0.042,0.0,0.0,0.0,0.0,normal
5.513,tcp,http,SF,410,5777,0,0,0,0,0,1,0,0,0,0,0,0,0,0,0,0,3,5,0.0,0.004,0.0,0.0,0.879,0.051,0.089,240,76,0.883,0.021,0.14,0.027,0.0,0.0,0.0,0.0,normal
14.278,tcp,smtp,SF,841,2009,0,0,0,0,0,1,0,0,0,0,0,0,0,0,0,0,4,2,0.002,0.0,0.0,0.0,0.861,0.063,0.014,76,200,0.982,0.09,0.15,0.019,0.0,0.0,0.0,0.0,normal
9.065,tcp,http,SF,225,4019,0,0,0,0,0,1,0,0,0,0,0,0,0,0,0,0,1,5,0.0,0.001,0.0,0.0,0.879,0.047,0.079,151,112,0.81,0.178,0.016,0.05,0.0,0.0,0.0,0.0,normal
1.438,tcp,http,SF,286,11,0,0,0,0,0,1,0,0,0,0,0,0,0,0,0,0,2,2,0.0,0.0,0.0,0.0,0.942,0.119,0.056,127,97,0.889,0.048,0.128,0.032,0.0,0.0,0.0,0.0,normal
0.069,udp,dns,SF,86,136,0,0,0,0,0,0,0,0,0,0,0,0,0,0,0,0,8,3,0.013,0.0,0.0,0.0,0.851,0.138,0.04,103,25,0.976,0.036,0.009,0.008,0.0,0.0,0.0,0.0,normal
0.201,tcp,http,SF,293,1265,0,0,0,0,0,1,0,0,0,0,0,0,0,0,0,0,4,4,0.0,0.047,0.0,0.0,0.855,0.008,0.07,198,23,0.92,0.05,0.021,0.069,0.0,0.0,0.0,0.0,normal
1.409,tcp,http,SF,308,8797,0,0,0,0,0,1,0,0,0,0,0,0,0,0,0,0,3,4,0.007,0.0,0.0,0.0,0.906,0.099,0.087,80,31,0.901,0.085,0.032,0.025,0.0,0.0,0.0,0.0,normal
0.051,udp,dns,SF,39,125,0,0,0,0,0,0,0,0,0,0,0,0,0,0,0,0,3,3,0.008,0.001,0.0,0.0,0.895,0.095,0.068,50,229,0.99,0.199,0.104,0.058,0.0,0.0,0.0,0.0,normal
7.738,tcp,http,SF,850,9293,0,0,0,0,0,1,0,0,0,0,0,0,0,0,0,0,2,4,0.001,0.001,0.0,0.0,0.937,0.135,0.072,177,207,0.952,0.039,0.077,0.074,0.0,0.0,0.0,0.0,normal
0.118,udp,dns,SF,53,147,0,0,0,0,0,0,0,0,0,0,0,0,0,0,0,0,1,1,0.003,0.0,0.0,0.0,0.947,0.065,0.082,227,130,0.989,0.072,0.108,0.009,0.0,0.0,0.0,0.0,normal
0.587,tcp,http,SF,307,1351,0,0,0,0,0,1,0,0,0,0,0,0,0,0,0,0,3,6,0.0,0.0,0.0,0.0,0.863,0.096,0.077,125,93,0.9,0.004,0.094,0.032,0.0,0.0,0.0,0.0,normal
0.014,udp,dns,SF,62,168,0,0,0,0,0,0,0,0,0,0,0,0,0,0,0,0,3,6,0.002,0.0,0.0,0.0,0.951,0.035,0.084,133,251,0.883,0.176,0.112,0.032,0.0,0.0,0.0,0.0,normal
0.001,udp,dns,SF,95,181,0,0,0,0,0,0,0,0,0,0,0,0,0,0,0,0,4,1,0.0,0.0,0.0,0.0,0.984,0.098,0.041,79,16,0.958,0.105,0.01,0.073,0.0,0.0,0.0,0.0,normal
0.486,tcp,http,SF,454,2603,0,0,0,0,0,1,0,0,0,0,0,0,0,0,0,0,3,3,0.144,0.0,0.0,0.0,0.994,0.066,0.084,111,40,0.852,0.01,0.114,0.026,0.0,0.0,0.0,0.0,normal
175.17,tcp,ssh,SF,2234,4679,0,0,0,0,0,1,0,0,0,0,0,0,0,0,0,0,7,2,0.027,0.0,0.0,0.0,0.867,0.001,0.083,59,250,0.877,0.107,0.029,0.078,0.0,0.0,0.0,0.0,normal
0.086,tcp,http,SF,312,15568,0,0,0,0,0,1,0,0,0,0,0,0,0,0,0,0,5,4,0.011,0.061,0.0,0.0,0.871,0.087,0.069,213,97,0.856,0.03,0.006,0.098,0.0,0.0,0.0,0.0,normal
3.701,tcp,smtp,SF,1017,1099,0,0,0,0,0,1,0,0,0,0,0,0,0,0,0,0,5,2,0.0,0.0,0.0,0.0,0.996,0.101,0.03,156,205,0.89,0.019,0.021,0.057,0.0,0.0,0.0,0.0,normal
1.731,tcp,smtp,SF,928,1584,0,0,0,0,0,1,0,0,0,0,0,0,0,0,0,0,3,3,0.008,0.0,0.0,0.0,0.92,0.021,0.035,79,102,0.814,0.124,0.077,0.066,0.0,0.0,0.0,0.0,normal
5.581,tcp,http,SF,415,292,0,0,0,0,0,1,0,0,0,0,0,0,0,0,0,0,4,1,0.012,0.0,0.0,0.0,0.971,0.104,0.051,223,117,0.918,0.095,0.062,0.06,0.0,0.0,0.0,0.0,normal
0.123,udp,dns,SF,80,143,0,0,0,0,0,0,0,0,0,0,0,0,0,0,0,0,5,5,0.0,0.035,0.0,0.0,0.915,0.099,0.055,171,181,0.876,0.195,0.141,0.08,0.0,0.0,0.0,0.0,normal
0.214,tcp,http,SF,348,1870,0,0,0,0,0,1,0,0,0,0,0,0,0,0,0,0,2,3,0.0,0.0,0.0,0.0,0.95,0.143,0.048,115,209,0.869,0.002,0.128,0.095,0.0,0.0,0.0,0.0,normal
0.043,tcp,http,SF,356,6113,0,0,0,0,0,1,0,0,0,0,0,0,0,0,0,0,6,1,0.002,0.186,0.0,0.0,0.886,0.083,0.016,253,87,0.983,0.091,0.051,0.086,0.0,0.0,0.0,0.0,normal
0.052,udp,dns,SF,81,133,0,0,0,0,0,0,0,0,0,0,0,0,0,0,0,0,2,2,0.024,0.0,0.0,0.0,0.934,0.051,0.046,92,131,0.905,0.037,0.002,0.057,0.0,0.0,0.0,0.0,normal
0.01,udp,dns,SF,56,139,0,0,0,1,0,0,0,0,0,0,0,0,0,0,0,0,7,3,0.0,0.0,0.0,0.0,0.855,0.0,0.042,73,209,0.877,0.111,0.071,0.043,0.0,0.0,0.0,0.0,normal
0.119,udp,dns,SF,49,116,0,0,0,0,0,0,0,0,0,0,0,0,0,0,0,0,2,4,0.001,0.005,0.0,0.0,0.99,0.111,0.022,127,197,0.826,0.027,0.143,0.011,0.0,0.0,0.0,0.0,normal
0.452,tcp,http,SF,395,3631,0,0,0,0,0,1,0,0,0,0,0,0,0,0,0,0,6,6,0.004,0.0,0.0,0.0,0.916,0.0,0.065,113,112,0.852,0.039,0.073,0.09,0.0,0.0,0.0,0.0,normal
2.31,tcp,http,SF,429,82,0,0,0,0,0,1,0,0,0,0,0,0,0,0,0,0,3,4,0.0,0.023,0.0,0.0,0.971,0.036,0.028,216,130,0.898,0.009,0.088,0.002,0.0,0.0,0.0,0.0,normal
1.348,tcp,http,SF,223,4162,0,0,0,0,0,1,0,0,0,0,0,0,0,0,0,0,3,1,0.106,0.01,0.0,0.0,0.995,0.012,0.059,159,192,0.825,0.042,0.061,0.085,0.0,0.0,0.0,0.0,normal
0.115,udp,dns,SF,51,158,0,0,0,0,0,0,0,0,0,0,0,0,0,0,0,0,5,2,0.003,0.0,0.0,0.0,0.857,0.091,0.027,63,74,0.957,0.179,0.09,0.002,0.0,0.0,0.0,0.0,normal
1.435,tcp,http,SF,264,7288,0,0,0,0,0,1,0,0,0,0,0,0,0,0,0,0,10,1,0.0,0.0,0.0,0.0,0.853,0.024,0.001,170,129,0.933,0.122,0.108,0.008,0.0,0.0,0.0,0.0,normal
1.507,tcp,smtp,SF,1130,1287,0,0,0,0,0,1,0,0,0,0,0,0,0,0,0,0,6,1,0.0,0.0,0.0,0.0,0.99,0.037,0.079,181,186,0.997,0.064,0.128,0.028,0.0,0.0,0.0,0.0,normal
3.643,tcp,http,SF,849,12734,0,0,0,0,0,1,0,0,0,0,0,0,0,0,0,0,4,4,0.003,0.001,0.0,0.0,0.962,0.04,0.062,236,127,0.891,0.013,0.097,0.061,0.0,0.0,0.0,0.0,normal
0.361,tcp,http,SF,336,978,0,0,0,0,0,1,0,0,0,0,0,0,0,0,0,0,5,4,0.016,0.0,0.0,0.0,0.891,0.024,0.033,136,248,0.826,0.187,0.086,0.067,0.0,0.0,0.0,0.0,normal
2.483,tcp,http,SF,387,3567,0,0,0,0,0,1,0,0,0,0,0,0,0,0,0,0,4,3,0.064,0.0,0.0,0.0,0.936,0.011,0.02,109,223,0.887,0.077,0.039,0.096,0.0,0.0,0.0,0.0,normal
2.14,tcp,http,SF,554,4036,0,0,0,0,0,1,0,0,0,0,0,0,0,0,0,0,4,3,0.039,0.0,0.0,0.0,0.865,0.031,0.001,14,107,0.86,0.118,0.037,0.07,0.0,0.0,0.0,0.0,normal
13.701,tcp,smtp,SF,1055,1041,0,0,0,0,0,1,0,0,0,0,0,0,0,0,0,0,6,3,0.0,0.0,0.0,0.0,0.868,0.041,0.039,67,86,0.999,0.192,0.095,0.005,0.0,0.0,0.0,0.0,normal
0.151,tcp,http,SF,295,2471,0,0,0,0,0,1,0,0,0,0,0,0,0,0,0,0,7,2,0.0,0.0,0.0,0.0,0.934,0.002,0.045,120,138,0.844,0.05,0.016,0.089,0.0,0.0,0.0,0.0,normal
0.27,tcp,http,SF,362,8044,0,0,0,0,0,1,0,0,0,0,0,0,0,0,0,0,2,5,0.0,0.027,0.0,0.0,0.939,0.066,0.027,133,37,0.862,0.028,0.009,0.09,0.0,0.0,0.0,0.0,normal
3.044,tcp,http,SF,196,18142,0,0,0,0,0,1,0,0,0,0,0,0,0,0,0,0,4,4,0.0,0.002,0.0,0.0,0.89,0.131,0.086,36,79,0.855,0.193,0.086,0.076,0.0,0.0,0.0,0.0,normal
0.188,tcp,http,SF,341,1309,0,0,0,0,0,1,0,0,0,0,0,0,0,0,0,0,2,6,0.098,0.027,0.0,0.0,0.92,0.034,0.032,53,148,0.994,0.045,0.051,0.024,0.0,0.0,0.0,0.0,normal
0.825,tcp,other,SF,209,258,0,0,0,0,0,0,0,0,0,0,0,0,0,0,0,0,2,1,0.004,0.0,0.0,0.0,0.852,0.084,0.099,109,135,0.874,0.099,0.107,0.01,0.0,0.0,0.0,0.0,normal
2.109,tcp,http,SF,434,1402,0,0,0,0,0,1,0,0,0,0,0,0,0,0,0,0,3,4,0.0,0.02,0.0,0.0,0.883,0.133,0.035,134,68,0.915,0.181,0.131,0.081,0.0,0.0,0.0,0.0,normal
0.23,tcp,http,SF,301,1261,0,0,0,0,0,1,0,0,0,0,0,0,0,0,0,0,5,1,0.0,0.002,0.0,0.0,0.988,0.013,0.069,21,173,0.826,0.02,0.051,0.008,0.0,0.0,0.0,0.0,normal
3.021,tcp,http,SF,425,5926,0,0,0,1,0,1,0,0,0,0,0,0,0,0,0,0,3,1,0.162,0.0,0.0,0.0,0.948,0.019,0.046,86,123,0.996,0.155,0.02,0.046,0.0,0.0,0.0,0.0,normal
2.695,tcp,http,SF,375,2928,0,0,0,0,0,1,0,0,0,0,0,0,0,0,0,0,1,5,0.034,0.0,0.0,0.0,0.899,0.142,0.042,45,28,0.883,0.09,0.117,0.035,0.0,0.0,0.0,0.0,normal
0.386,tcp,http,SF,283,2919,0,0,0,0,0,1,0,0,0,0,0,0,0,0,0,0,7,4,0.0,0.0,0.0,0.0,0.984,0.068,0.034,236,153,0.856,0.131,0.044,0.051,0.0,0.0,0.0,0.0,normal
0.025,udp,dns,SF,97,128,0,0,0,0,0,0,0,0,0,0,0,0,0,0,0,0,5,4,0.003,0.0,0.0,0.0,0.949,0.076,0.021,91,205,0.931,0.11,0.108,0.059,0.0,0.0,0.0,0.0,normal
0.052,tcp,http,SF,231,4450,0,0,0,0,0,1,0,0,0,0,0,0,0,0,0,0,6,3,0.0,0.0,0.0,0.0,0.89,0.013,0.092,48,54,0.904,0.036,0.019,0.0,0.0,0.0,0.0,0.0,normal
0.01,udp,dns,SF,58,125,0,0,0,0,0,0,0,0,0,0,0,0,0,0,0,0,5,3,0.0,0.047,0.0,0.0,0.926,0.107,0.026,160,183,0.905,0.116,0.125,0.094,0.0,0.0,0.0,0.0,normal
0.385,tcp,http,SF,355,532,0,0,0,0,0,1,0,0,0,0,0,0,0,0,0,0,6,2,0.0,0.0,0.0,0.0,0.967,0.143,0.036,89,51,0.99,0.142,0.032,0.001,0.0,0.0,0.0,0.0,normal
3.014,tcp,http,SF,171,625,0,0,0,0,0,1,0,0,0,0,0,0,0,0,0,0,3,3,0.003,0.094,0.0,0.0,0.984,0.074,0.05,135,86,0.875,0.028,0.018,0.074,0.0,0.0,0.0,0.0,normal
0.041,udp,dns,SF,61,155,0,0,0,0,0,0,0,0,0,0,0,0,0,0,0,0,6,4,0.001,0.0,0.0,0.0,0.868,0.146,0.032,128,55,0.991,0.129,0.073,0.075,0.0,0.0,0.0,0.0,normal
3.63,tcp,http,SF,257,2174,0,0,0,0,0,1,0,0,0,0,0,0,0,0,0,0,3,3,0.0,0.011,0.0,0.0,0.986,0.121,0.091,159,193,0.856,0.083,0.016,0.0,0.0,0.0,0.0,0.0,normal
1.128,tcp,http,SF,248,137,0,0,0,0,0,1,0,0,0,0,0,0,0,0,0,0,6,1,0.0,0.0,0.0,0.0,0.875,0.015,0.042,102,64,0.93,0.045,0.029,0.037,0.0,0.0,0.0,0.0,normal
0.005,udp,dns,SF,61,145,0,0,0,0,0,0,0,0,0,0,0,0,0,0,0,0,3,3,0.0,0.016,0.0,0.0,0.921,0.137,0.017,106,28,0.906,0.112,0.147,0.054,0.0,0.0,0.0,0.0,normal
0.085,tcp,http,SF,245,908,0,0,0,0,0,1,0,0,0,0,0,0,0,0,0,0,5,3,0.0,0.0,0.0,0.0,0.903,0.108,0.083,84,183,0.822,0.148,0.127,0.038,0.0,0.0,0.0,0.0,normal
3.722,tcp,http,SF,417,8171,0,0,0,0,0,1,0,0,0,0,0,0,0,0,0,0,5,3,0.0,0.0,0.0,0.0,0.985,0.089,0.005,73,82,0.866,0.197,0.111,0.043,0.0,0.0,0.0,0.0,normal
0.912,tcp,http,SF,258,1465,0,0,0,0,0,1,0,0,0,0,0,0,0,0,0,0,4,3,0.002,0.0,0.0,0.0,0.963,0.133,0.05,100,229,0.99,0.118,0.038,0.082,0.0,0.0,0.0,0.0,normal
0.782,tcp,http,SF,275,762,0,0,0,0,0,1,0,0,0,0,0,0,0,0,0,0,2,4,0.05,0.0,0.0,0.0,0.963,0.134,0.03,71,220,0.954,0.029,0.048,0.071,0.0,0.0,0.0,0.0,normal
3.147,tcp,smtp,SF,790,998,0,0,0,0,0,1,0,0,0,0,0,0,0,0,0,0,7,4,0.0,0.0,0.0,0.0,0.862,0.048,0.009,71,112,0.848,0.038,0.029,0.025,0.0,0.0,0.0,0.0,normal
3.585,tcp,http,SF,328,802,0,0,0,0,0,1,0,0,0,0,0,0,0,0,0,0,5,4,0.0,0.074,0.0,0.0,0.946,0.032,0.034,180,82,0.875,0.015,0.079,0.009,0.0,0.0,0.0,0.0,normal
3.669,tcp,http,SF,370,2612,0,0,0,0,0,1,0,0,0,0,0,0,0,0,0,0,4,2,0.001,0.085,0.0,0.0,0.892,0.042,0.027,156,88,0.909,0.139,0.058,0.039,0.0,0.0,0.0,0.0,normal
0.011,udp,dns,SF,54,71,0,0,0,0,0,0,0,0,0,0,0,0,0,0,0,0,2,4,0.0,0.001,0.0,0.0,0.91,0.086,0.082,85,83,0.993,0.009,0.086,0.065,0.0,0.0,0.0,0.0,normal
3.138,tcp,smtp,SF,528,787,0,0,0,0,0,1,0,0,0,0,0,0,0,0,0,0,3,3,0.011,0.0,0.0,0.0,0.952,0.036,0.023,197,70,0.853,0.072,0.038,0.097,0.0,0.0,0.0,0.0,normal
0.002,udp,dns,SF,69,186,0,0,0,0,0,0,0,0,0,0,0,0,0,0,0,0,3,3,0.0,0.0,0.0,0.0,0.874,0.097,0.089,199,249,0.979,0.027,0.143,0.032,0.0,0.0,0.0,0.0,normal
0.089,tcp,http,SF,477,3167,0,0,0,0,0,1,0,0,0,0,0,0,0,0,0,0,5,3,0.017,0.003,0.0,0.0,0.917,0.042,0.055,71,149,0.869,0.191,0.026,0.022,0.0,0.0,0.0,0.0,normal
0.052,udp,dns,SF,58,165,0,0,0,0,0,0,0,0,0,0,0,0,0,0,0,0,2,3,0.0,0.0,0.0,0.0,0.955,0.147,0.033,101,84,0.893,0.136,0.106,0.065,0.0,0.0,0.0,0.0,normal
0.014,udp,dns,SF,41,121,0,0,0,0,0,0,0,0,0,0,0,0,0,0,0,0,5,1,0.001,0.0,0.0,0.0,0.856,0.028,0.061,205,125,0.92,0.091,0.125,0.097,0.0,0.0,0.0,0.0,normal
9.004,tcp,smtp,SF,1022,1218,0,0,0,0,0,1,0,0,0,0,0,0,0,0,0,0,2,5,0.0,0.0,0.0,0.0,0.917,0.024,0.063,175,45,0.847,0.171,0.003,0.003,0.0,0.0,0.0,0.0,normal
3.263,tcp,http,SF,217,849,0,0,0,0,0,1,0,0,0,0,0,0,0,0,0,0,3,2,0.0,0.0,0.0,0.0,0.863,0.135,0.023,118,11,0.916,0.166,0.074,0.085,0.0,0.0,0.0,0.0,normal
0.126,tcp,http,SF,375,800,0,0,0,0,0,1,0,0,0,0,0,0,0,0,0,0,3,2,0.0,0.017,0.0,0.0,0.89,0.077,0.006,97,208,0.811,0.058,0.061,0.05,0.0,0.0,0.0,0.0,normal
1.346,tcp,http,SF,226,4335,0,0,0,0,0,1,0,0,0,0,0,0,0,0,0,0,3,5,0.001,0.004,0.0,0.0,0.957,0.026,0.059,174,212,0.918,0.121,0.132,0.1,0.0,0.0,0.0,0.0,normal
0.595,tcp,http,SF,492,3941,0,0,0,0,0,1,0,0,0,0,0,0,0,0,0,0,4,5,0.0,0.011,0.0,0.0,0.903,0.082,0.007,103,242,0.932,0.193,0.122,0.076,0.0,0.0,0.0,0.0,normal
0.019,udp,dns,SF,87,152,0,0,0,0,0,0,0,0,0,0,0,0,0,0,0,0,6,3,0.0,0.0,0.0,0.0,0.867,0.039,0.024,147,46,0.975,0.199,0.098,0.076,0.0,0.0,0.0,0.0,normal
0.421,tcp,http,SF,353,1304,0,0,0,0,0,1,0,0,0,0,0,0,0,0,0,0,1,1,0.0,0.0,0.0,0.0,0.899,0.047,0.03,96,203,0.876,0.025,0.075,0.021,0.0,0.0,0.0,0.0,normal
0.042,udp,dns,SF,60,148,0,0,0,0,0,0,0,0,0,0,0,0,0,0,0,0,4,4,0.0,0.002,0.0,0.0,0.862,0.059,0.086,247,13,0.866,0.127,0.046,0.001,0.0,0.0,0.0,0.0,normal
0.058,udp,dns,SF,47,103,0,0,0,0,0,0,0,0,0,0,0,0,0,0,0,0,4,4,0.0,0.0,0.0,0.0,0.933,0.067,0.042,105,119,0.842,0.084,0.002,0.042,0.0,0.0,0.0,0.0,normal
2.756,tcp,http,SF,315,1794,0,0,0,0,0,1,0,0,0,0,0,0,0,0,0,0,5,3,0.001,0.0,0.0,0.0,0.996,0.049,0.033,253,191,0.988,0.129,0.115,0.023,0.0,0.0,0.0,0.0,normal
0.008,udp,dns,SF,51,103,0,0,0,0,0,0,0,0,0,0,0,0,0,0,0,0,2,2,0.0,0.053,0.0,0.0,0.986,0.128,0.054,156,135,0.924,0.057,0.018,0.093,0.0,0.0,0.0,0.0,normal
0.034,udp,dns,SF,99,165,0,0,0,0,0,0,0,0,0,0,0,0,0,0,0,0,5,4,0.072,0.012,0.0,0.0,0.927,0.144,0.0,36,49,0.958,0.183,0.106,0.03,0.0,0.0,0.0,0.0,normal
6.512,tcp,http,SF,443,2885,0,0,0,0,0,1,0,0,0,0,0,0,0,0,0,0,6,3,0.0,0.028,0.0,0.0,0.948,0.074,0.084,156,250,0.994,0.004,0.005,0.005,0.0,0.0,0.0,0.0,normal
38.456,tcp,ssh,SF,745,7703,0,0,0,0,0,1,0,0,0,0,0,0,0,0,0,0,5,1,0.003,0.0,0.0,0.0,0.912,0.001,0.065,72,145,0.994,0.106,0.095,0.087,0.0,0.0,0.0,0.0,normal
1.201,tcp,http,SF,320,9159,0,0,0,0,0,1,0,0,0,0,0,0,0,0,0,0,3,3,0.0,0.0,0.0,0.0,0.983,0.113,0.08,123,184,0.882,0.038,0.114,0.062,0.0,0.0,0.0,0.0,normal
0.048,udp,dns,SF,49,159,0,0,0,0,0,0,0,0,0,0,0,0,0,0,0,0,1,7,0.0,0.005,0.0,0.0,0.938,0.09,0.068,27,79,0.985,0.176,0.002,0.069,0.0,0.0,0.0,0.0,normal
0.024,udp,dns,SF,67,112,0,0,0,0,0,0,0,0,0,0,0,0,0,0,0,0,1,2,0.182,0.0,0.0,0.0,0.875,0.108,0.049,137,121,1.0,0.199,0.008,0.09,0.0,0.0,0.0,0.0,normal
0.009,tcp,http,SF,405,11120,0,0,0,0,0,1,0,0,0,0,0,0,0,0,0,0,6,4,0.032,0.0,0.0,0.0,0.998,0.106,0.031,190,78,0.808,0.012,0.011,0.068,0.0,0.0,0.0,0.0,normal
1.277,tcp,http,SF,275,12372,0,0,0,0,0,1,0,0,0,0,0,0,0,0,0,0,3,6,0.124,0.0,0.0,0.0,0.862,0.037,0.053,227,63,0.91,0.072,0.04,0.072,0.0,0.0,0.0,0.0,normal
0.013,udp,dns,SF,74,150,0,0,0,0,0,0,0,0,0,0,0,0,0,0,0,0,1,2,0.0,0.0,0.0,0.0,0.986,0.055,0.066,199,64,0.871,0.108,0.106,0.091,0.0,0.0,0.0,0.0,normal
1.792,tcp,http,SF,395,578,0,0,0,0,0,1,0,0,0,0,0,0,0,0,0,0,4,1,0.0,0.004,0.0,0.0,0.965,0.024,0.015,100,87,0.979,0.167,0.04,0.042,0.0,0.0,0.0,0.0,normal
3.518,tcp,smtp,SF,590,995,0,0,0,0,0,1,0,0,0,0,0,0,0,0,0,0,1,1,0.006,0.021,0.0,0.0,0.873,0.12,0.03,210,66,0.911,0.112,0.011,0.062,0.0,0.0,0.0,0.0,normal
0.018,udp,dns,SF,65,98,0,0,0,0,0,0,0,0,0,0,0,0,0,0,0,0,3,1,0.0,0.0,0.0,0.0,0.994,0.127,0.085,199,205,0.823,0.034,0.041,0.067,0.0,0.0,0.0,0.0,normal
1.552,tcp,http,SF,327,4895,0,0,0,0,0,1,0,0,0,0,0,0,0,0,0,0,4,6,0.0,0.053,0.0,0.0,0.962,0.096,0.001,47,138,0.903,0.162,0.121,0.066,0.0,0.0,0.0,0.0,normal
2.1,tcp,smtp,SF,685,588,0,0,0,0,0,1,0,0,0,0,0,0,0,0,0,0,6,2,0.0,0.0,0.0,0.0,0.904,0.078,0.037,41,32,0.818,0.102,0.139,0.044,0.0,0.0,0.0,0.0,normal
1.864,tcp,http,SF,287,3332,0,0,0,0,0,1,0,0,0,0,0,0,0,0,0,0,1,4,0.0,0.0,0.0,0.0,0.855,0.061,0.094,173,245,0.945,0.051,0.065,0.028,0.0,0.0,0.0,0.0,normal
1.942,tcp,http,SF,340,3506,0,0,0,0,0,1,0,0,0,0,0,0,0,0,0,0,6,1,0.0,0.035,0.0,0.0,0.885,0.03,0.001,80,152,0.947,0.122,0.08,0.064,0.0,0.0,0.0,0.0,normal
0.007,udp,dns,SF,78,149,0,0,0,0,0,0,0,0,0,0,0,0,0,0,0,0,1,1,0.0,0.0,0.0,0.0,0.935,0.024,0.001,60,75,0.81,0.149,0.127,0.034,0.0,0.0,0.0,0.0,normal
1.025,tcp,http,SF,283,4992,0,0,0,0,0,1,0,0,0,0,0,0,0,0,0,0,10,2,0.0,0.082,0.0,0.0,0.923,0.111,0.098,170,247,0.916,0.078,0.054,0.055,0.0,0.0,0.0,0.0,normal
0.636,tcp,http,SF,326,1811,0,0,0,0,0,1,0,0,0,0,0,0,0,0,0,0,7,3,0.012,0.0,0.0,0.0,0.969,0.082,0.093,109,75,0.857,0.102,0.012,0.074,0.0,0.0,0.0,0.0,normal
0.869,tcp,http,SF,513,36,0,0,0,0,0,1,0,0,0,0,0,0,0,0,0,0,8,1,0.0,0.0,0.0,0.0,0.895,0.07,0.055,205,60,0.947,0.121,0.01,0.05,0.0,0.0,0.0,0.0,normal
0.353,tcp,http,SF,362,900,0,0,0,0,0,1,0,0,0,0,0,0,0,0,0,0,3,3,0.0,0.0,0.0,0.0,0.902,0.148,0.04,13,19,0.954,0.044,0.014,0.069,0.0,0.0,0.0,0.0,normal
5.505,tcp,http,SF,352,3663,0,0,0,0,0,1,0,0,0,0,0,0,0,0,0,0,2,7,0.017,0.0,0.0,0.0,0.889,0.111,0.029,92,113,0.94,0.062,0.133,0.033,0.0,0.0,0.0,0.0,normal
2.077,tcp,http,SF,317,119,0,0,0,0,0,1,0,0,0,0,0,0,0,0,0,0,6,1,0.009,0.0,0.0,0.0,0.99,0.09,0.035,63,135,0.989,0.037,0.136,0.083,0.0,0.0,0.0,0.0,normal
0.732,tcp,http,SF,323,3425,0,0,0,0,0,1,0,0,0,0,0,0,0,0,0,0,4,1,0.052,0.0,0.0,0.0,0.952,0.072,0.05,202,145,0.879,0.163,0.136,0.086,0.0,0.0,0.0,0.0,normal
0.47,tcp,http,SF,263,7703,0,0,0,0,0,1,0,0,0,0,0,0,0,0,0,0,2,1,0.0,0.0,0.0,0.0,0.927,0.001,0.095,119,84,0.861,0.037,0.096,0.06,0.0,0.0,0.0,0.0,normal
3.566,tcp,http,SF,330,717,0,0,0,0,0,1,0,0,0,0,0,0,0,0,0,0,3,4,0.0,0.0,0.0,0.0,0.892,0.146,0.094,77,125,0.967,0.061,0.033,0.045,0.0,0.0,0.0,0.0,normal
2.365,tcp,http,SF,351,2465,0,0,0,0,0,1,0,0,0,0,0,0,0,0,0,0,2,4,0.078,0.0,0.0,0.0,0.914,0.018,0.076,97,145,0.932,0.017,0.075,0.087,0.0,0.0,0.0,0.0,normal
0.088,udp,dns,SF,74,322,0,0,0,0,0,0,0,0,0,0,0,0,0,0,0,0,1,2,0.009,0.0,0.0,0.0,0.91,0.08,0.048,171,70,0.831,0.16,0.107,0.019,0.0,0.0,0.0,0.0,normal
0.725,tcp,http,SF,263,1923,0,0,0,0,0,1,0,0,0,0,0,0,0,0,0,0,4,3,0.0,0.009,0.0,0.0,0.97,0.13,0.01,63,87,0.901,0.067,0.033,0.091,0.0,0.0,0.0,0.0,normal
3.659,tcp,http,SF,493,6494,0,0,0,0,0,1,0,0,0,0,0,0,0,0,0,0,6,3,0.0,0.008,0.0,0.0,0.927,0.015,0.055,70,171,0.996,0.193,0.048,0.067,0.0,0.0,0.0,0.0,normal
1.171,tcp,http,SF,292,116,0,0,0,0,0,1,0,0,0,0,0,0,0,0,0,0,5,1,0.0,0.0,0.0,0.0,0.889,0.099,0.029,204,37,0.991,0.167,0.082,0.01,0.0,0.0,0.0,0.0,normal
4.105,tcp,smtp,SF,585,1870,0,0,0,0,0,1,0,0,0,0,0,0,0,0,0,0,5,3,0.0,0.0,0.0,0.0,0.925,0.128,0.086,141,127,0.855,0.088,0.109,0.008,0.0,0.0,0.0,0.0,normal
6.901,tcp,http,SF,343,2329,0,0,0,0,0,1,0,0,0,0,0,0,0,0,0,0,4,4,0.0,0.0,0.0,0.0,0.905,0.093,0.009,148,233,0.96,0.176,0.039,0.024,0.0,0.0,0.0,0.0,normal
1.974,tcp,http,SF,330,1219,0,0,0,0,0,1,0,0,0,0,0,0,0,0,0,0,1,5,0.0,0.0,0.0,0.0,0.923,0.129,0.046,64,119,0.813,0.158,0.067,0.094,0.0,0.0,0.0,0.0,normal
0.671,tcp,http,SF,465,41,0,0,0,0,0,1,0,0,0,0,0,0,0,0,0,0,3,3,0.0,0.188,0.0,0.0,0.878,0.024,0.029,165,158,0.886,0.17,0.147,0.044,0.0,0.0,0.0,0.0,normal
0.016,tcp,http,SF,680,4058,0,0,0,0,0,1,0,0,0,0,0,0,0,0,0,0,3,3,0.0,0.0,0.0,0.0,0.955,0.14,0.033,98,204,0.847,0.116,0.131,0.088,0.0,0.0,0.0,0.0,normal
12.736,tcp,ssh,SF,1745,6036,0,0,0,0,0,1,0,0,0,0,0,0,0,0,0,0,3,1,0.0,0.0,0.0,0.0,0.944,0.07,0.005,133,218,0.923,0.043,0.042,0.074,0.0,0.0,0.0,0.0,normal
4.985,tcp,smtp,SF,1356,849,0,0,0,0,0,1,0,0,0,0,0,0,0,0,0,0,6,1,0.0,0.0,0.0,0.0,0.939,0.103,0.054,64,254,0.885,0.037,0.124,0.045,0.0,0.0,0.0,0.0,normal
3.938,tcp,http,SF,386,525,0,0,0,0,0,1,0,0,0,0,0,0,0,0,0,0,4,2,0.0,0.012,0.0,0.0,0.916,0.007,0.061,75,41,0.914,0.15,0.015,0.017,0.0,0.0,0.0,0.0,normal
36.54,tcp,ssh,SF,3176,3340,0,0,0,0,0,1,0,0,0,0,0,0,0,0,0,0,3,3,0.008,0.0,0.0,0.0,0.987,0.005,0.004,105,163,0.923,0.144,0.085,0.004,0.0,0.0,0.0,0.0,normal
0.079,udp,dns,SF,77,149,0,0,0,0,0,0,0,0,0,0,0,0,0,0,0,0,4,1,0.0,0.0,0.0,0.0,0.917,0.135,0.017,51,219,0.863,0.195,0.104,0.093,0.0,0.0,0.0,0.0,normal
5.222,tcp,http,SF,537,3033,0,0,0,0,0,1,0,0,0,0,0,0,0,0,0,0,3,4,0.061,0.0,0.0,0.0,0.93,0.052,0.059,91,125,0.979,0.054,0.028,0.028,0.0,0.0,0.0,0.0,normal
7.566,tcp,http,SF,286,4290,0,0,0,0,0,1,0,0,0,0,0,0,0,0,0,0,4,1,0.0,0.0,0.0,0.0,0.853,0.001,0.013,230,134,0.867,0.089,0.046,0.069,0.0,0.0,0.0,0.0,normal
1.632,tcp,http,SF,519,568,0,0,0,0,0,1,0,0,0,0,0,0,0,0,0,0,3,4,0.0,0.002,0.0,0.0,0.902,0.075,0.05,233,166,0.894,0.012,0.077,0.003,0.0,0.0,0.0,0.0,normal
0.075,udp,dns,SF,61,155,0,0,0,0,0,0,0,0,0,0,0,0,0,0,0,0,6,2,0.0,0.0,0.0,0.0,0.988,0.149,0.005,236,72,0.962,0.02,0.004,0.033,0.0,0.0,0.0,0.0,normal
2.364,tcp,http,SF,405,994,0,0,0,0,0,1,0,0,0,0,0,0,0,0,0,0,4,3,0.0,0.0,0.0,0.0,0.913,0.039,0.01,179,206,0.989,0.186,0.025,0.064,0.0,0.0,0.0,0.0,normal
1.056,tcp,http,SF,358,6380,0,0,0,0,0,1,0,0,0,0,0,0,0,0,0,0,1,4,0.0,0.0,0.0,0.0,0.862,0.089,0.048,103,147,0.968,0.098,0.118,0.094,0.0,0.0,0.0,0.0,normal
0.387,tcp,http,SF,213,1605,0,0,0,0,0,1,0,0,0,0,0,0,0,0,0,0,5,4,0.0,0.055,0.0,0.0,0.995,0.067,0.038,137,101,0.952,0.134,0.066,0.058,0.0,0.0,0.0,0.0,normal
6.377,tcp,http,SF,394,21,0,0,0,0,0,1,0,0,0,0,0,0,0,0,0,0,7,2,0.0,0.0,0.0,0.0,0.994,0.106,0.068,242,248,0.819,0.187,0.023,0.004,0.0,0.0,0.0,0.0,normal
105.526,tcp,ssh,SF,2404,5717,0,0,0,0,0,1,0,0,0,0,0,0,0,0,0,0,1,5,0.0,0.003,0.0,0.0,0.878,0.051,0.024,142,213,0.978,0.179,0.089,0.036,0.0,0.0,0.0,0.0,normal
1.841,tcp,http,SF,340,393,0,0,0,0,0,1,0,0,0,0,0,0,0,0,0,0,4,1,0.031,0.0,0.0,0.0,0.899,0.025,0.034,126,240,0.922,0.124,0.114,0.083,0.0,0.0,0.0,0.0,normal
7.221,tcp,smtp,SF,1014,1794,0,0,0,0,0,1,0,0,0,0,0,0,0,0,0,0,4,5,0.141,0.0,0.0,0.0,0.864,0.043,0.083,232,252,0.822,0.129,0.14,0.031,0.0,0.0,0.0,0.0,normal
1.222,tcp,other,REJ,342,115,0,0,0,0,0,0,0,0,0,0,0,0,0,0,0,0,2,3,0.012,0.004,0.0,0.0,0.935,0.108,0.02,217,82,0.983,0.019,0.139,0.072,0.0,0.0,0.0,0.0,normal
0.214,tcp,http,SF,539,8266,0,0,0,0,0,1,0,0,0,0,0,0,0,0,0,0,5,1,0.0,0.017,0.0,0.0,1.0,0.052,0.087,197,193,0.927,0.134,0.0,0.057,0.0,0.0,0.0,0.0,normal
0.589,tcp,http,SF,669,827,0,0,0,0,0,1,0,0,0,0,0,0,0,0,0,0,7,6,0.0,0.002,0.0,0.0,0.883,0.091,0.082,108,186,0.879,0.171,0.112,0.026,0.0,0.0,0.0,0.0,normal
6.989,tcp,http,SF,194,1550,0,0,0,0,0,1,0,0,0,0,0,0,0,0,0,0,1,3,0.002,0.0,0.0,0.0,0.893,0.119,0.056,214,216,0.831,0.078,0.105,0.091,0.0,0.0,0.0,0.0,normal
1.979,tcp,smtp,SF,988,706,0,0,0,0,0,1,0,0,0,0,0,0,0,0,0,0,4,2,0.001,0.0,0.0,0.0,1.0,0.06,0.001,132,182,0.928,0.071,0.11,0.076,0.0,0.0,0.0,0.0,normal
1.181,tcp,http,SF,396,1448,0,0,0,0,0,1,0,0,0,0,0,0,0,0,0,0,1,1,0.0,0.0,0.0,0.0,0.91,0.072,0.027,241,240,0.856,0.139,0.049,0.048,0.0,0.0,0.0,0.0,normal
0.701,tcp,http,SF,323,1098,0,0,0,0,0,1,0,0,0,0,0,0,0,0,0,0,2,3,0.0,0.0,0.0,0.0,0.917,0.147,0.075,162,241,0.975,0.171,0.05,0.082,0.0,0.0,0.0,0.0,normal
4.362,tcp,http,SF,207,1418,0,0,0,0,0,1,0,0,0,0,0,0,0,0,0,0,9,4,0.0,0.0,0.0,0.0,0.94,0.075,0.006,10,113,0.867,0.116,0.052,0.031,0.0,0.0,0.0,0.0,normal
0.362,tcp,http,SF,251,1273,0,0,0,0,0,1,0,0,0,0,0,0,0,0,0,0,2,3,0.0,0.0,0.0,0.0,0.879,0.064,0.06,206,159,0.929,0.19,0.023,0.089,0.0,0.0,0.0,0.0,normal
1.04,tcp,http,SF,229,3164,0,0,0,0,0,1,0,0,0,0,0,0,0,0,0,0,3,1,0.0,0.0,0.0,0.0,0.967,0.087,0.002,182,166,0.958,0.163,0.082,0.034,0.0,0.0,0.0,0.0,normal
1.655,tcp,http,SF,830,6323,0,0,0,0,0,1,0,0,0,0,0,0,0,0,0,0,6,2,0.001,0.0,0.0,0.0,0.954,0.126,0.026,192,114,0.907,0.071,0.039,0.002,0.0,0.0,0.0,0.0,normal
0.03,udp,dns,SF,76,90,0,0,0,0,0,0,0,0,0,0,0,0,0,0,0,0,3,1,0.022,0.0,0.0,0.0,0.958,0.117,0.043,117,35,0.897,0.108,0.038,0.023,0.0,0.0,0.0,0.0,normal
0.483,tcp,http,SF,214,1241,0,0,0,0,0,1,0,0,0,0,0,0,0,0,0,0,2,3,0.0,0.009,0.0,0.0,0.896,0.016,0.007,142,166,0.933,0.124,0.023,0.018,0.0,0.0,0.0,0.0,normal
0.553,tcp,http,SF,445,3969,0,0,0,0,0,1,0,0,0,0,0,0,0,0,0,0,1,5,0.0,0.001,0.0,0.0,0.965,0.065,0.086,173,70,0.97,0.125,0.007,0.036,0.0,0.0,0.0,0.0,normal
0.664,tcp,http,SF,401,3933,0,0,0,0,0,1,0,0,0,0,0,0,0,0,0,0,4,9,0.01,0.0,0.0,0.0,0.982,0.023,0.037,148,224,0.899,0.132,0.082,0.047,0.0,0.0,0.0,0.0,normal
0.012,udp,dns,SF,118,105,0,0,0,0,0,0,0,0,0,0,0,0,0,0,0,0,3,6,0.004,0.012,0.0,0.0,0.96,0.04,0.088,37,205,0.921,0.194,0.027,0.001,0.0,0.0,0.0,0.0,normal
0.299,tcp,http,SF,231,1018,0,0,0,0,0,1,0,0,0,0,0,0,0,0,0,0,2,2,0.139,0.01,0.0,0.0,0.978,0.066,0.023,105,60,0.968,0.05,0.08,0.07,0.0,0.0,0.0,0.0,normal
33.994,tcp,ssh,SF,2084,7324,0,0,0,0,0,1,0,0,0,0,0,0,0,0,0,0,6,2,0.0,0.104,0.0,0.0,0.909,0.029,0.048,104,130,0.878,0.011,0.035,0.026,0.0,0.0,0.0,0.0,normal
0.108,udp,dns,SF,55,123,0,0,0,0,0,0,0,0,0,0,0,0,0,0,0,0,2,1,0.0,0.0,0.0,0.0,0.98,0.085,0.074,235,203,0.88,0.085,0.113,0.082,0.0,0.0,0.0,0.0,normal
0.205,tcp,http,SF,912,15180,0,0,0,0,0,1,0,0,0,0,0,0,0,0,0,0,4,4,0.0,0.0,0.0,0.0,0.913,0.043,0.062,222,171,0.91,0.151,0.063,0.065,0.0,0.0,0.0,0.0,normal
4.31,tcp,http,SF,173,1275,0,0,0,0,0,1,0,0,0,0,0,0,0,0,0,0,4,5,0.001,0.007,0.0,0.0,0.932,0.094,0.006,104,228,0.807,0.014,0.006,0.073,0.0,0.0,0.0,0.0,normal
0.752,tcp,http,SF,376,420,0,0,0,0,0,1,0,0,0,0,0,0,0,0,0,0,5,6,0.001,0.0,0.0,0.0,0.982,0.079,0.059,19,75,0.985,0.142,0.106,0.086,0.0,0.0,0.0,0.0,normal
0.255,tcp,http,SF,220,559,0,0,0,0,0,1,0,0,0,0,0,0,0,0,0,0,7,4,0.003,0.0,0.0,0.0,0.973,0.148,0.024,139,168,0.981,0.088,0.073,0.004,0.0,0.0,0.0,0.0,normal
2.064,tcp,http,SF,196,3249,0,0,0,0,0,1,0,0,0,0,0,0,0,0,0,0,4,6,0.058,0.0,0.0,0.0,0.98,0.026,0.081,223,175,0.971,0.119,0.132,0.078,0.0,0.0,0.0,0.0,normal
10.519,tcp,smtp,SF,918,1504,0,0,0,0,0,1,0,0,0,0,0,0,0,0,0,0,3,3,0.0,0.196,0.0,0.0,0.895,0.032,0.027,40,85,0.896,0.058,0.128,0.099,0.0,0.0,0.0,0.0,normal
2.743,tcp,smtp,SF,691,1096,0,0,0,0,0,1,0,0,0,0,0,0,0,0,0,0,4,4,0.0,0.007,0.0,0.0,0.881,0.108,0.054,241,162,0.908,0.174,0.057,0.006,0.0,0.0,0.0,0.0,normal
99.102,tcp,ssh,SF,2597,2946,0,0,0,0,0,1,0,0,0,0,0,0,0,0,0,0,2,1,0.002,0.0,0.0,0.0,0.964,0.141,0.08,103,96,0.804,0.195,0.102,0.032,0.0,0.0,0.0,0.0,normal
3.111,tcp,http,SF,231,1141,0,0,0,0,0,1,0,0,0,0,0,0,0,0,0,0,2,5,0.002,0.009,0.0,0.0,0.904,0.008,0.035,152,76,0.956,0.027,0.025,0.08,0.0,0.0,0.0,0.0,normal
0.048,udp,dns,SF,69,137,0,0,0,0,0,0,0,0,0,0,0,0,0,0,0,0,5,4,0.0,0.0,0.0,0.0,0.94,0.104,0.034,157,56,0.989,0.121,0.072,0.1,0.0,0.0,0.0,0.0,normal
1.314,tcp,smtp,SF,1024,850,0,0,0,0,0,1,0,0,0,0,0,0,0,0,0,0,4,3,0.0,0.004,0.0,0.0,0.984,0.127,0.033,234,169,0.83,0.151,0.15,0.094,0.0,0.0,0.0,0.0,normal
0.013,udp,dns,SF,58,87,0,0,0,0,0,0,0,0,0,0,0,0,0,0,0,0,1,4,0.05,0.02,0.0,0.0,0.89,0.143,0.093,212,177,0.804,0.005,0.089,0.023,0.0,0.0,0.0,0.0,normal
5.113,tcp,http,SF,452,9074,0,0,0,0,0,1,0,0,0,0,0,0,0,0,0,0,2,6,0.008,0.002,0.0,0.0,0.987,0.112,0.029,196,71,0.814,0.094,0.059,0.025,0.0,0.0,0.0,0.0,normal
3.209,tcp,http,SF,258,496,0,0,0,0,0,1,0,0,0,0,0,0,0,0,0,0,3,2,0.001,0.0,0.0,0.0,0.933,0.057,0.069,102,237,0.884,0.182,0.138,0.087,0.0,0.0,0.0,0.0,normal
0.487,tcp,http,SF,559,3134,0,0,0,0,0,1,0,0,0,0,0,0,0,0,0,0,4,3,0.0,0.009,0.0,0.0,0.886,0.104,0.068,46,45,0.861,0.095,0.137,0.016,0.0,0.0,0.0,0.0,normal
0.451,tcp,http,SF,320,973,0,0,0,0,0,1,0,0,0,0,0,0,0,0,0,0,1,2,0.0,0.0,0.0,0.0,0.994,0.114,0.088,229,145,0.913,0.149,0.053,0.066,0.0,0.0,0.0,0.0,normal
4.275,tcp,http,SF,444,884,0,0,0,0,0,1,0,0,0,0,0,0,0,0,0,0,1,7,0.0,0.0,0.0,0.0,0.953,0.091,0.033,124,116,0.966,0.136,0.047,0.05,0.0,0.0,0.0,0.0,normal
1.112,tcp,other,SF,239,326,0,0,0,0,0,0,0,0,0,0,0,0,0,0,0,0,4,2,0.015,0.0,0.0,0.0,0.873,0.047,0.006,30,76,0.935,0.162,0.14,0.035,0.0,0.0,0.0,0.0,normal
0.169,tcp,http,SF,229,3058,0,0,0,0,0,1,0,0,0,0,0,0,0,0,0,0,1,1,0.007,0.0,0.0,0.0,0.934,0.091,0.003,95,252,0.989,0.075,0.089,0.038,0.0,0.0,0.0,0.0,normal
79.135,tcp,ssh,SF,3690,3335,0,0,0,0,0,1,0,0,0,0,0,0,0,0,0,0,5,7,0.011,0.011,0.0,0.0,0.989,0.038,0.032,176,65,0.943,0.117,0.086,0.07,0.0,0.0,0.0,0.0,normal
8.431,tcp,smtp,SF,755,1122,0,0,0,0,0,1,0,0,0,0,0,0,0,0,0,0,2,1,0.002,0.002,0.0,0.0,0.924,0.144,0.04,144,120,0.942,0.161,0.035,0.099,0.0,0.0,0.0,0.0,normal
0.236,tcp,http,SF,425,303,0,0,0,0,0,1,0,0,0,0,0,0,0,0,0,0,7,4,0.0,0.0,0.0,0.0,0.95,0.061,0.08,69,187,0.958,0.053,0.112,0.066,0.0,0.0,0.0,0.0,normal
0.029,udp,dns,SF,59,62,0,0,0,0,0,0,0,0,0,0,0,0,0,0,0,0,6,1,0.0,0.211,0.0,0.0,0.989,0.131,0.032,119,184,0.831,0.135,0.035,0.081,0.0,0.0,0.0,0.0,normal
4.108,tcp,http,SF,317,15129,0,0,0,0,0,1,0,0,0,0,0,0,0,0,0,0,7,6,0.015,0.0,0.0,0.0,0.917,0.074,0.075,238,249,0.878,0.162,0.094,0.085,0.0,0.0,0.0,0.0,normal
19.002,tcp,ssh,SF,1769,3245,0,0,0,0,0,1,0,0,0,0,0,0,0,0,0,0,5,1,0.0,0.0,0.0,0.0,0.881,0.004,0.003,189,227,0.996,0.186,0.053,0.007,0.0,0.0,0.0,0.0,normal
2.894,tcp,http,SF,296,263,0,0,0,0,0,1,0,0,0,0,0,0,0,0,0,0,1,3,0.0,0.0,0.0,0.0,0.918,0.015,0.03,107,93,0.992,0.111,0.02,0.075,0.0,0.0,0.0,0.0,normal
3.952,tcp,http,SF,427,11851,0,0,0,0,0,1,0,0,0,0,0,0,0,0,0,0,2,7,0.018,0.0,0.0,0.0,0.974,0.051,0.051,20,74,0.873,0.157,0.129,0.047,0.0,0.0,0.0,0.0,normal
0.62,tcp,http,SF,448,1362,0,0,0,0,0,1,0,0,0,0,0,0,0,0,0,0,3,2,0.0,0.0,0.0,0.0,0.929,0.041,0.094,165,27,0.866,0.001,0.001,0.007,0.0,0.0,0.0,0.0,normal
5.131,tcp,smtp,SF,574,1592,0,0,0,0,0,1,0,0,0,0,0,0,0,0,0,0,2,5,0.0,0.007,0.0,0.0,0.992,0.109,0.034,57,30,0.807,0.005,0.044,0.027,0.0,0.0,0.0,0.0,normal
1.534,tcp,http,SF,314,1329,0,0,0,0,0,1,0,0,0,0,0,0,0,0,0,0,5,4,0.0,0.0,0.0,0.0,0.96,0.036,0.078,77,169,0.823,0.085,0.078,0.048,0.0,0.0,0.0,0.0,normal
1.351,tcp,http,SF,371,2841,0,0,0,0,0,1,0,0,0,0,0,0,0,0,0,0,5,4,0.016,0.0,0.0,0.0,0.93,0.106,0.049,90,11,0.956,0.09,0.145,0.003,0.0,0.0,0.0,0.0,normal
3.59,tcp,http,SF,324,312,0,0,0,0,0,1,0,0,0,0,0,0,0,0,0,0,5,4,0.003,0.0,0.0,0.0,0.945,0.093,0.032,108,109,0.951,0.018,0.105,0.05,0.0,0.0,0.0,0.0,normal
52.082,tcp,ssh,SF,2544,4383,0,0,0,0,0,1,0,0,0,0,0,0,0,0,0,0,2,6,0.011,0.0,0.0,0.0,0.854,0.03,0.009,220,129,0.837,0.1,0.03,0.068,0.0,0.0,0.0,0.0,normal
2.2,tcp,http,SF,308,939,0,0,0,0,0,1,0,0,0,0,0,0,0,0,0,0,5,1,0.0,0.0,0.0,0.0,0.92,0.07,0.053,139,128,0.868,0.057,0.11,0.054,0.0,0.0,0.0,0.0,normal
0.909,tcp,http,SF,194,530,0,0,0,0,0,1,0,0,0,0,0,0,0,0,0,0,1,5,0.0,0.002,0.0,0.0,0.959,0.072,0.098,72,164,0.832,0.016,0.032,0.054,0.0,0.0,0.0,0.0,normal
6.548,tcp,http,SF,251,5285,0,0,0,0,0,1,0,0,0,0,0,0,0,0,0,0,3,2,0.001,0.0,0.0,0.0,0.951,0.102,0.084,154,11,0.936,0.112,0.038,0.06,0.0,0.0,0.0,0.0,normal
2.215,tcp,smtp,SF,712,2304,0,0,0,0,0,1,0,0,0,0,0,0,0,0,0,0,5,1,0.01,0.0,0.0,0.0,0.875,0.057,0.023,182,60,0.941,0.187,0.06,0.084,0.0,0.0,0.0,0.0,normal
0.034,udp,dns,SF,69,127,0,0,0,0,0,0,0,0,0,0,0,0,0,0,0,0,5,1,0.006,0.001,0.0,0.0,0.91,0.15,0.083,236,214,0.844,0.083,0.018,0.038,0.0,0.0,0.0,0.0,normal
0.01,udp,dns,SF,78,109,0,0,0,0,0,0,0,0,0,0,0,0,0,0,0,0,3,1,0.0,0.0,0.0,0.0,0.975,0.139,0.041,76,62,0.939,0.041,0.102,0.069,0.0,0.0,0.0,0.0,normal
0.436,tcp,http,SF,335,71,0,0,0,0,0,1,0,0,0,0,0,0,0,0,0,0,5,5,0.075,0.001,0.0,0.0,0.952,0.008,0.027,64,254,0.802,0.184,0.123,0.073,0.0,0.0,0.0,0.0,normal
1.467,tcp,http,SF,338,2163,0,0,0,0,0,1,0,0,0,0,0,0,0,0,0,0,3,4,0.002,0.0,0.0,0.0,0.909,0.045,0.026,167,89,0.817,0.073,0.024,0.022,0.0,0.0,0.0,0.0,normal
0.463,tcp,http,SF,243,5319,0,0,0,0,0,1,0,0,0,0,0,0,0,0,0,0,3,4,0.003,0.0,0.0,0.0,0.981,0.05,0.025,79,37,0.904,0.038,0.088,0.057,0.0,0.0,0.0,0.0,normal
0.327,tcp,http,SF,306,2317,0,0,0,0,0,1,0,0,0,0,0,0,0,0,0,0,5,2,0.0,0.14,0.0,0.0,0.975,0.044,0.058,246,34,0.829,0.08,0.078,0.043,0.0,0.0,0.0,0.0,normal
0.001,udp,dns,SF,53,116,0,0,0,0,0,0,0,0,0,0,0,0,0,0,0,0,3,1,0.0,0.0,0.0,0.0,0.883,0.028,0.049,219,169,0.925,0.071,0.092,0.045,0.0,0.0,0.0,0.0,normal
1.555,tcp,http,SF,268,434,0,0,0,0,0,1,0,0,0,0,0,0,0,0,0,0,3,4,0.006,0.0,0.0,0.0,0.998,0.006,0.019,129,129,0.929,0.034,0.032,0.051,0.0,0.0,0.0,0.0,normal
0.032,tcp,http,SF,337,7085,0,0,0,0,0,1,0,0,0,0,0,0,0,0,0,0,7,4,0.014,0.0,0.0,0.0,0.884,0.074,0.05,232,176,0.824,0.088,0.007,0.08,0.0,0.0,0.0,0.0,normal
2.764,tcp,http,SF,732,12616,0,0,0,0,0,1,0,0,0,0,0,0,0,0,0,0,3,3,0.0,0.0,0.0,0.0,0.899,0.096,0.082,90,165,0.978,0.133,0.037,0.06,0.0,0.0,0.0,0.0,normal
3.902,tcp,http,SF,398,294,0,0,0,0,0,1,0,0,0,0,0,0,0,0,0,0,2,5,0.0,0.004,0.0,0.0,0.925,0.145,0.014,50,95,0.892,0.188,0.016,0.055,0.0,0.0,0.0,0.0,normal
1.563,tcp,http,SF,267,2638,0,0,0,0,0,1,0,0,0,0,0,0,0,0,0,0,3,3,0.0,0.0,0.0,0.0,0.947,0.109,0.092,140,148,0.99,0.043,0.079,0.046,0.0,0.0,0.0,0.0,normal
10.665,tcp,http,SF,205,1354,0,0,0,0,0,1,0,0,0,0,0,0,0,0,0,0,6,1,0.0,0.0,0.0,0.0,0.898,0.031,0.009,250,58,0.964,0.113,0.088,0.037,0.0,0.0,0.0,0.0,normal
33.702,tcp,ssh,SF,2979,3555,0,0,0,0,0,1,0,0,0,0,0,0,0,0,0,0,3,3,0.0,0.0,0.0,0.0,0.981,0.057,0.047,209,107,0.924,0.081,0.14,0.084,0.0,0.0,0.0,0.0,normal
0.289,tcp,http,SF,317,3050,0,0,0,0,0,1,0,0,0,0,0,0,0,0,0,0,6,1,0.0,0.0,0.0,0.0,0.96,0.054,0.044,204,186,0.986,0.06,0.116,0.069,0.0,0.0,0.0,0.0,normal
0.424,tcp,http,SF,280,3019,0,0,0,0,0,1,0,0,0,0,0,0,0,0,0,0,4,3,0.0,0.0,0.0,0.0,0.997,0.122,0.006,140,98,0.938,0.11,0.14,0.079,0.0,0.0,0.0,0.0,normal
0.251,tcp,http,SF,212,13,0,0,0,0,0,1,0,0,0,0,0,0,0,0,0,0,6,1,0.0,0.0,0.0,0.0,0.974,0.093,0.098,234,107,0.819,0.182,0.086,0.051,0.0,0.0,0.0,0.0,normal
0.211,tcp,http,SF,281,5411,0,0,0,0,0,1,0,0,0,0,0,0,0,0,0,0,5,3,0.0,0.046,0.0,0.0,0.903,0.104,0.033,194,126,0.99,0.189,0.068,0.09,0.0,0.0,0.0,0.0,normal
1.241,tcp,http,SF,847,1741,0,0,0,0,0,1,0,0,0,0,0,0,0,0,0,0,9,2,0.001,0.039,0.0,0.0,0.86,0.012,0.029,243,15,0.893,0.117,0.117,0.089,0.0,0.0,0.0,0.0,normal
0.004,udp,dns,SF,112,173,0,0,0,0,0,0,0,0,0,0,0,0,0,0,0,0,3,2,0.003,0.285,0.0,0.0,0.865,0.039,0.088,201,189,0.855,0.001,0.123,0.085,0.0,0.0,0.0,0.0,normal
1.168,tcp,smtp,SF,906,1446,0,0,0,0,0,1,0,0,0,0,0,0,0,0,0,0,4,3,0.0,0.021,0.0,0.0,0.987,0.015,0.097,244,200,0.887,0.015,0.121,0.042,0.0,0.0,0.0,0.0,normal
0.022,udp,dns,SF,76,174,0,0,0,0,0,0,0,0,0,0,0,0,0,0,0,0,5,5,0.0,0.004,0.0,0.0,0.959,0.122,0.018,94,207,0.846,0.133,0.078,0.077,0.0,0.0,0.0,0.0,normal
1.802,tcp,http,SF,252,3538,0,0,0,0,0,1,0,0,0,0,0,0,0,0,0,0,2,3,0.0,0.055,0.0,0.0,0.871,0.102,0.014,82,223,0.928,0.089,0.019,0.028,0.0,0.0,0.0,0.0,normal
3.016,tcp,smtp,SF,671,1031,0,0,0,0,0,1,0,0,0,0,0,0,0,0,0,0,1,5,0.0,0.0,0.0,0.0,0.896,0.11,0.091,23,239,0.913,0.065,0.136,0.097,0.0,0.0,0.0,0.0,normal
2.0,tcp,http,SF,243,2702,0,0,0,0,0,1,0,0,0,0,0,0,0,0,0,0,2,3,0.0,0.0,0.0,0.0,0.945,0.132,0.063,88,17,0.901,0.115,0.134,0.052,0.0,0.0,0.0,0.0,normal
0.889,tcp,http,SF,252,1754,0,0,0,0,0,1,0,0,0,0,0,0,0,0,0,0,7,3,0.011,0.001,0.0,0.0,0.907,0.061,0.03,217,205,0.966,0.031,0.103,0.025,0.0,0.0,0.0,0.0,normal
0.081,tcp,http,SF,429,288,0,0,0,0,0,1,0,0,0,0,0,0,0,0,0,0,4,1,0.0,0.0,0.0,0.0,0.88,0.137,0.04,237,216,0.993,0.005,0.142,0.072,0.0,0.0,0.0,0.0,normal
0.099,tcp,http,SF,217,3113,0,0,0,0,0,1,0,0,0,0,0,0,0,0,0,0,5,2,0.0,0.0,0.0,0.0,0.881,0.011,0.073,20,136,0.983,0.093,0.13,0.007,0.0,0.0,0.0,0.0,normal
7.018,tcp,http,SF,681,437,0,0,0,0,0,1,0,0,0,0,0,0,0,0,0,0,1,4,0.004,0.0,0.0,0.0,0.897,0.09,0.03,155,10,0.813,0.176,0.127,0.096,0.0,0.0,0.0,0.0,normal
0.095,udp,dns,SF,67,222,0,0,0,0,0,0,0,0,0,0,0,0,0,0,0,0,7,2,0.0,0.0,0.0,0.0,0.915,0.061,0.078,223,242,0.809,0.004,0.078,0.072,0.0,0.0,0.0,0.0,normal
2.947,tcp,http,SF,283,3137,0,0,0,0,0,1,0,0,0,0,0,0,0,0,0,0,3,4,0.0,0.0,0.0,0.0,0.881,0.039,0.008,86,220,0.886,0.058,0.101,0.036,0.0,0.0,0.0,0.0,normal
1.26,tcp,other,SF,94,213,0,0,0,0,0,0,0,0,0,0,0,0,0,0,0,0,1,3,0.0,0.0,0.0,0.0,0.945,0.05,0.045,160,149,0.844,0.041,0.115,0.083,0.0,0.0,0.0,0.0,normal
20.169,tcp,ssh,SF,2428,3729,0,0,0,0,0,1,0,0,0,0,0,0,0,0,0,0,4,2,0.0,0.0,0.0,0.0,0.932,0.013,0.005,174,78,0.886,0.049,0.149,0.003,0.0,0.0,0.0,0.0,normal
2.507,tcp,smtp,SF,750,1227,0,0,0,0,0,1,0,0,0,0,0,0,0,0,0,0,4,3,0.001,0.035,0.0,0.0,0.988,0.081,0.007,225,251,0.856,0.037,0.01,0.052,0.0,0.0,0.0,0.0,normal
1.036,tcp,http,SF,271,10074,0,0,0,0,0,1,0,0,0,0,0,0,0,0,0,0,5,2,0.0,0.0,0.0,0.0,0.875,0.12,0.066,87,55,0.9,0.077,0.15,0.098,0.0,0.0,0.0,0.0,normal
3.924,tcp,http,SF,308,1351,0,0,0,0,0,1,0,0,0,0,0,0,0,0,0,0,3,1,0.0,0.001,0.0,0.0,0.925,0.083,0.005,173,74,0.921,0.173,0.114,0.084,0.0,0.0,0.0,0.0,normal
3.734,tcp,http,SF,333,8815,0,0,0,0,0,1,0,0,0,0,0,0,0,0,0,0,6,4,0.0,0.001,0.0,0.0,0.961,0.063,0.018,87,27,0.85,0.195,0.017,0.1,0.0,0.0,0.0,0.0,normal
1.919,tcp,http,SF,512,4526,0,0,0,0,0,1,0,0,0,0,0,0,0,0,0,0,1,5,0.045,0.0,0.0,0.0,0.997,0.09,0.037,114,88,0.818,0.007,0.024,0.046,0.0,0.0,0.0,0.0,normal
0.007,udp,dns,SF,42,155,0,0,0,0,0,0,0,0,0,0,0,0,0,0,0,0,5,1,0.013,0.002,0.0,0.0,0.953,0.13,0.085,199,51,0.92,0.191,0.12,0.086,0.0,0.0,0.0,0.0,normal
0.771,tcp,http,SF,276,2038,0,0,0,0,0,1,0,0,0,0,0,0,0,0,0,0,5,3,0.0,0.0,0.0,0.0,0.933,0.039,0.095,234,148,0.956,0.121,0.023,0.093,0.0,0.0,0.0,0.0,normal
1.715,tcp,http,SF,296,1405,0,0,0,0,0,1,0,0,0,0,0,0,0,0,0,0,4,2,0.0,0.008,0.0,0.0,0.954,0.0,0.056,166,25,0.982,0.148,0.11,0.074,0.0,0.0,0.0,0.0,normal
0.019,udp,dns,SF,110,95,0,0,0,0,0,0,0,0,0,0,0,0,0,0,0,0,4,4,0.03,0.002,0.0,0.0,0.997,0.099,0.064,211,215,0.995,0.125,0.003,0.076,0.0,0.0,0.0,0.0,normal
0.762,tcp,http,SF,350,6721,0,0,0,0,0,1,0,0,0,0,0,0,0,0,0,0,4,3,0.0,0.0,0.0,0.0,0.874,0.107,0.058,45,80,0.853,0.145,0.014,0.022,0.0,0.0,0.0,0.0,normal
0.648,tcp,http,SF,330,1457,0,0,0,0,0,1,0,0,0,0,0,0,0,0,0,0,7,1,0.0,0.0,0.0,0.0,0.892,0.149,0.006,94,129,0.986,0.11,0.087,0.027,0.0,0.0,0.0,0.0,normal
0.821,tcp,http,SF,278,7180,0,0,0,0,0,1,0,0,0,0,0,0,0,0,0,0,4,1,0.0,0.006,0.0,0.0,0.914,0.066,0.056,147,248,0.857,0.114,0.126,0.043,0.0,0.0,0.0,0.0,normal
0.003,udp,dns,SF,48,193,0,0,0,0,0,0,0,0,0,0,0,0,0,0,0,0,3,1,0.062,0.0,0.0,0.0,0.863,0.138,0.035,175,37,0.942,0.073,0.031,0.093,0.0,0.0,0.0,0.0,normal
352.967,tcp,ssh,SF,3446,5910,0,0,0,0,0,1,0,0,0,0,0,0,0,0,0,0,5,1,0.0,0.0,0.0,0.0,0.935,0.13,0.034,85,61,0.83,0.063,0.076,0.098,0.0,0.0,0.0,0.0,normal
1.723,tcp,http,SF,228,1357,0,0,0,0,0,1,0,0,0,0,0,0,0,0,0,0,9,9,0.0,0.0,0.0,0.0,0.952,0.134,0.056,207,67,0.986,0.101,0.027,0.041,0.0,0.0,0.0,0.0,normal
0.291,tcp,http,SF,462,2544,0,0,0,0,0,1,0,0,0,0,0,0,0,0,0,0,4,1,0.0,0.0,0.0,0.0,0.872,0.045,0.023,194,29,0.992,0.015,0.111,0.027,0.0,0.0,0.0,0.0,normal
36.481,tcp,ssh,SF,2476,4173,0,0,0,0,0,1,0,0,0,0,0,0,0,0,0,0,7,4,0.0,0.0,0.0,0.0,0.956,0.02,0.069,236,165,0.824,0.193,0.076,0.054,0.0,0.0,0.0,0.0,normal
1.314,tcp,http,SF,503,2762,0,0,0,0,0,1,0,0,0,0,0,0,0,0,0,0,6,2,0.0,0.0,0.0,0.0,0.909,0.076,0.089,38,55,0.871,0.12,0.067,0.056,0.0,0.0,0.0,0.0,normal
0.052,tcp,other,SF,102,124,0,0,0,0,0,0,0,0,0,0,0,0,0,0,0,0,9,1,0.01,0.0,0.0,0.0,0.995,0.142,0.011,73,67,0.824,0.119,0.082,0.013,0.0,0.0,0.0,0.0,normal
36.181,tcp,ssh,SF,919,4973,0,0,0,0,0,1,0,0,0,0,0,0,0,0,0,0,2,6,0.0,0.001,0.0,0.0,0.931,0.008,0.07,152,111,0.889,0.011,0.059,0.01,0.0,0.0,0.0,0.0,normal
1.86,tcp,http,SF,286,724,0,0,0,0,0,1,0,0,0,0,0,0,0,0,0,0,4,4,0.0,0.0,0.0,0.0,0.981,0.088,0.082,123,154,0.956,0.043,0.014,0.061,0.0,0.0,0.0,0.0,normal
1.124,tcp,http,SF,200,4496,0,0,0,0,0,1,0,0,0,0,0,0,0,0,0,0,6,4,0.108,0.0,0.0,0.0,0.929,0.11,0.077,99,94,0.938,0.108,0.143,0.054,0.0,0.0,0.0,0.0,normal
59.653,tcp,ssh,SF,1445,3788,0,0,0,0,0,1,0,0,0,0,0,0,0,0,0,0,5,2,0.0,0.0,0.0,0.0,0.906,0.109,0.088,10,55,0.929,0.035,0.12,0.036,0.0,0.0,0.0,0.0,normal
6.122,tcp,smtp,SF,824,1930,0,0,0,0,0,1,0,0,0,0,0,0,0,0,0,0,3,4,0.0,0.001,0.0,0.0,0.853,0.052,0.057,226,96,0.859,0.094,0.11,0.074,0.0,0.0,0.0,0.0,normal
2.715,tcp,http,SF,296,241,0,0,0,0,0,1,0,0,0,0,0,0,0,0,0,0,3,3,0.082,0.0,0.0,0.0,0.913,0.086,0.089,240,29,0.995,0.154,0.069,0.061,0.0,0.0,0.0,0.0,normal
3.542,tcp,http,SF,388,2633,0,0,0,0,0,1,0,0,0,0,0,0,0,0,0,0,1,1,0.0,0.057,0.0,0.0,0.94,0.075,0.086,211,146,0.983,0.182,0.052,0.075,0.0,0.0,0.0,0.0,normal
2.137,tcp,http,SF,227,1448,0,0,0,0,0,1,0,0,0,0,0,0,0,0,0,0,8,4,0.0,0.0,0.0,0.0,0.955,0.046,0.079,62,54,0.993,0.187,0.099,0.034,0.0,0.0,0.0,0.0,normal
2.01,tcp,http,SF,350,2238,0,0,0,0,0,1,0,0,0,0,0,0,0,0,0,0,3,6,0.0,0.0,0.0,0.0,0.941,0.073,0.067,104,10,0.908,0.038,0.118,0.087,0.0,0.0,0.0,0.0,normal
4.865,tcp,http,SF,410,1591,0,0,0,0,0,1,0,0,0,0,0,0,0,0,0,0,4,6,0.0,0.002,0.0,0.0,0.867,0.085,0.024,122,46,0.896,0.118,0.119,0.028,0.0,0.0,0.0,0.0,normal
3.614,tcp,smtp,SF,669,1515,0,0,0,0,0,1,0,0,0,0,0,0,0,0,0,0,6,3,0.0,0.0,0.0,0.0,0.963,0.14,0.043,64,230,0.971,0.071,0.015,0.097,0.0,0.0,0.0,0.0,normal
1.276,tcp,http,SF,210,664,0,0,0,0,0,1,0,0,0,0,0,0,0,0,0,0,3,5,0.036,0.0,0.0,0.0,0.964,0.038,0.028,46,55,0.99,0.03,0.079,0.036,0.0,0.0,0.0,0.0,normal
2.868,tcp,http,SF,323,7105,0,0,0,0,0,1,0,0,0,0,0,0,0,0,0,0,4,5,0.005,0.003,0.0,0.0,0.988,0.145,0.004,95,19,0.996,0.12,0.042,0.044,0.0,0.0,0.0,0.0,normal
0.079,udp,dns,SF,100,105,0,0,0,0,0,0,0,0,0,0,0,0,0,0,0,0,4,1,0.0,0.0,0.0,0.0,0.933,0.095,0.039,39,147,0.972,0.145,0.086,0.078,0.0,0.0,0.0,0.0,normal
0.894,tcp,http,SF,240,5609,0,0,0,0,0,1,0,0,0,0,0,0,0,0,0,0,1,2,0.033,0.0,0.0,0.0,0.906,0.102,0.094,154,106,0.944,0.084,0.057,0.063,0.0,0.0,0.0,0.0,normal
3.744,tcp,http,SF,259,1508,0,0,0,0,0,1,0,0,0,0,0,0,0,0,0,0,3,3,0.0,0.0,0.0,0.0,0.971,0.015,0.012,44,190,0.806,0.041,0.065,0.097,0.0,0.0,0.0,0.0,normal
3.74,tcp,http,SF,298,9486,0,0,0,0,0,1,0,0,0,0,0,0,0,0,0,0,3,7,0.083,0.0,0.0,0.0,0.861,0.042,0.042,191,212,0.843,0.131,0.139,0.041,0.0,0.0,0.0,0.0,normal
12.4,tcp,http,SF,362,978,0,0,0,0,0,1,0,0,0,0,0,0,0,0,0,0,3,2,0.0,0.0,0.0,0.0,0.926,0.081,0.051,251,119,0.868,0.073,0.015,0.039,0.0,0.0,0.0,0.0,normal
1.884,tcp,smtp,SF,746,1418,0,0,0,0,0,1,0,0,0,0,0,0,0,0,0,0,4,3,0.0,0.0,0.0,0.0,0.883,0.094,0.064,239,33,0.909,0.092,0.034,0.081,0.0,0.0,0.0,0.0,normal
4.694,tcp,http,SF,273,2087,0,0,0,0,0,1,0,0,0,0,0,0,0,0,0,0,10,1,0.0,0.0,0.0,0.0,0.971,0.013,0.033,72,146,0.907,0.123,0.079,0.049,0.0,0.0,0.0,0.0,normal
0.046,udp,dns,SF,53,191,0,0,0,0,0,0,0,0,0,0,0,0,0,0,0,0,8,5,0.0,0.0,0.0,0.0,0.922,0.022,0.036,66,143,0.981,0.065,0.001,0.067,0.0,0.0,0.0,0.0,normal
1.232,tcp,http,SF,158,6198,0,0,0,0,0,1,0,0,0,0,0,0,0,0,0,0,5,3,0.0,0.0,0.0,0.0,0.924,0.043,0.026,106,236,0.991,0.148,0.037,0.01,0.0,0.0,0.0,0.0,normal
0.289,tcp,http,SF,491,9533,0,0,0,0,0,1,0,0,0,0,0,0,0,0,0,0,5,1,0.0,0.001,0.0,0.0,0.869,0.139,0.088,229,28,0.911,0.147,0.039,0.002,0.0,0.0,0.0,0.0,normal
2.305,tcp,http,SF,303,2131,0,0,0,0,0,1,0,0,0,0,0,0,0,0,0,0,5,2,0.0,0.0,0.0,0.0,0.959,0.094,0.016,160,39,0.824,0.17,0.043,0.1,0.0,0.0,0.0,0.0,normal
0.211,tcp,http,SF,735,917,0,0,0,0,0,1,0,0,0,0,0,0,0,0,0,0,4,1,0.001,0.0,0.0,0.0,0.926,0.118,0.063,56,247,0.926,0.071,0.13,0.052,0.0,0.0,0.0,0.0,normal
0.828,tcp,http,SF,276,166,0,0,0,0,0,1,0,0,0,0,0,0,0,0,0,0,1,3,0.001,0.0,0.0,0.0,0.884,0.007,0.019,122,128,0.942,0.074,0.055,0.044,0.0,0.0,0.0,0.0,normal
2.44,tcp,http,SF,387,13065,0,0,0,0,0,1,0,0,0,0,0,0,0,0,0,0,8,3,0.0,0.0,0.0,0.0,0.981,0.057,0.045,40,237,0.805,0.141,0.076,0.064,0.0,0.0,0.0,0.0,normal
4.752,tcp,http,SF,319,4251,0,0,0,0,0,1,0,0,0,0,0,0,0,0,0,0,2,3,0.0,0.002,0.0,0.0,0.864,0.01,0.002,69,221,0.993,0.03,0.142,0.026,0.0,0.0,0.0,0.0,normal
9.928,tcp,http,SF,337,868,0,0,0,0,0,1,0,0,0,0,0,0,0,0,0,0,5,3,0.0,0.002,0.0,0.0,0.866,0.145,0.035,141,216,0.956,0.152,0.005,0.083,0.0,0.0,0.0,0.0,normal
1.673,tcp,smtp,SF,401,1064,0,0,0,0,0,1,0,0,0,0,0,0,0,0,0,0,6,3,0.001,0.0,0.0,0.0,0.906,0.029,0.05,170,61,0.939,0.158,0.045,0.056,0.0,0.0,0.0,0.0,normal
0.653,tcp,http,SF,416,4304,0,0,0,0,0,1,0,0,0,0,0,0,0,0,0,0,8,4,0.037,0.039,0.0,0.0,0.97,0.118,0.099,17,155,0.872,0.181,0.098,0.061,0.0,0.0,0.0,0.0,normal
0.065,udp,dns,SF,63,98,0,0,0,1,0,0,0,0,0,0,0,0,0,0,0,0,7,2,0.0,0.029,0.0,0.0,0.988,0.077,0.024,144,95,0.881,0.159,0.14,0.046,0.0,0.0,0.0,0.0,normal
6.166,tcp,smtp,SF,593,1592,0,0,0,0,0,1,0,0,0,0,0,0,0,0,0,0,4,1,0.0,0.0,0.0,0.0,0.937,0.053,0.013,39,15,0.934,0.175,0.025,0.058,0.0,0.0,0.0,0.0,normal
0.015,udp,dns,SF,79,135,0,0,0,0,0,0,0,0,0,0,0,0,0,0,0,0,2,4,0.0,0.0,0.0,0.0,0.964,0.134,0.092,180,23,0.886,0.121,0.068,0.066,0.0,0.0,0.0,0.0,normal
0.378,tcp,other,SF,128,233,0,0,0,0,0,0,0,0,0,0,0,0,0,0,0,0,1,3,0.0,0.0,0.0,0.0,0.992,0.051,0.041,83,37,0.905,0.121,0.075,0.076,0.0,0.0,0.0,0.0,normal
4.139,tcp,http,SF,405,2509,0,0,0,0,0,1,0,0,0,0,0,0,0,0,0,0,2,1,0.0,0.006,0.0,0.0,0.977,0.012,0.081,188,215,0.943,0.082,0.077,0.015,0.0,0.0,0.0,0.0,normal
0.122,udp,dns,SF,93,199,0,0,0,0,0,0,0,0,0,0,0,0,0,0,0,0,2,1,0.0,0.0,0.0,0.0,0.969,0.064,0.045,195,14,0.9,0.101,0.114,0.057,0.0,0.0,0.0,0.0,normal
0.133,tcp,http,SF,543,17528,0,0,0,0,0,1,0,0,0,0,0,0,0,0,0,0,3,1,0.0,0.0,0.0,0.0,0.932,0.014,0.002,211,186,0.942,0.006,0.125,0.077,0.0,0.0,0.0,0.0,normal
0.356,tcp,http,SF,306,2137,0,0,0,0,0,1,0,0,0,0,0,0,0,0,0,0,3,6,0.0,0.003,0.0,0.0,0.862,0.145,0.096,214,51,0.992,0.191,0.018,0.001,0.0,0.0,0.0,0.0,normal
4.442,tcp,http,SF,240,2817,0,0,0,0,0,1,0,0,0,0,0,0,0,0,0,0,6,3,0.0,0.001,0.0,0.0,0.871,0.039,0.014,60,254,0.922,0.188,0.145,0.09,0.0,0.0,0.0,0.0,normal
2.24,tcp,http,SF,320,1417,0,0,0,0,0,1,0,0,0,0,0,0,0,0,0,0,8,2,0.0,0.0,0.0,0.0,0.863,0.045,0.033,198,157,0.958,0.199,0.038,0.019,0.0,0.0,0.0,0.0,normal
0.84,tcp,http,SF,283,4230,0,0,0,0,0,1,0,0,0,0,0,0,0,0,0,0,3,2,0.0,0.0,0.0,0.0,0.996,0.134,0.032,121,133,0.849,0.101,0.037,0.037,0.0,0.0,0.0,0.0,normal
0.186,tcp,http,SF,251,204,0,0,0,0,0,1,0,0,0,0,0,0,0,0,0,0,2,5,0.058,0.063,0.0,0.0,0.879,0.116,0.09,229,132,0.86,0.089,0.146,0.074,0.0,0.0,0.0,0.0,normal
2.396,tcp,http,SF,444,2923,0,0,0,0,0,1,0,0,0,0,0,0,0,0,0,0,10,2,0.0,0.011,0.0,0.0,0.97,0.094,0.083,239,79,0.835,0.109,0.005,0.049,0.0,0.0,0.0,0.0,normal
17.811,tcp,smtp,SF,753,1150,0,0,0,0,0,1,0,0,0,0,0,0,0,0,0,0,5,2,0.0,0.035,0.0,0.0,0.892,0.023,0.039,188,195,0.92,0.044,0.112,0.009,0.0,0.0,0.0,0.0,normal
0.436,tcp,http,SF,454,1060,0,0,0,0,0,1,0,0,0,0,0,0,0,0,0,0,3,2,0.0,0.0,0.0,0.0,0.858,0.065,0.022,87,97,0.852,0.156,0.038,0.09,0.0,0.0,0.0,0.0,normal
3.444,tcp,smtp,SF,697,797,0,0,0,0,0,1,0,0,0,0,0,0,0,0,0,0,6,4,0.0,0.001,0.0,0.0,0.986,0.142,0.077,250,127,0.87,0.016,0.14,0.029,0.0,0.0,0.0,0.0,normal
0.57,tcp,http,SF,263,2112,0,0,0,0,0,1,0,0,0,0,0,0,0,0,0,0,5,2,0.0,0.0,0.0,0.0,0.992,0.117,0.078,106,183,0.935,0.079,0.015,0.05,0.0,0.0,0.0,0.0,normal
5.05,tcp,http,SF,221,985,0,0,0,0,0,1,0,0,0,0,0,0,0,0,0,0,4,2,0.092,0.002,0.0,0.0,0.985,0.017,0.044,165,56,0.809,0.031,0.037,0.056,0.0,0.0,0.0,0.0,normal
1.49,tcp,http,SF,244,2861,0,0,0,0,0,1,0,0,0,0,0,0,0,0,0,0,6,4,0.0,0.03,0.0,0.0,0.879,0.01,0.004,165,77,0.836,0.18,0.139,0.044,0.0,0.0,0.0,0.0,normal
1.223,tcp,http,SF,371,3748,0,0,0,0,0,1,0,0,0,0,0,0,0,0,0,0,3,1,0.0,0.0,0.0,0.0,0.871,0.134,0.012,166,151,0.995,0.057,0.072,0.075,0.0,0.0,0.0,0.0,normal
0.609,tcp,http,SF,243,318,0,0,0,0,0,1,0,0,0,0,0,0,0,0,0,0,2,4,0.006,0.002,0.0,0.0,0.876,0.077,0.09,221,125,0.842,0.101,0.051,0.093,0.0,0.0,0.0,0.0,normal
4.829,tcp,http,SF,221,2610,0,0,0,0,0,1,0,0,0,0,0,0,0,0,0,0,1,4,0.0,0.003,0.0,0.0,0.921,0.098,0.099,139,53,0.934,0.036,0.05,0.081,0.0,0.0,0.0,0.0,normal
0.43,tcp,http,SF,344,3418,0,0,0,0,0,1,0,0,0,0,0,0,0,0,0,0,7,5,0.002,0.0,0.0,0.0,0.865,0.064,0.026,29,128,0.883,0.155,0.085,0.044,0.0,0.0,0.0,0.0,normal
0.428,tcp,http,SF,381,1008,0,0,0,0,0,1,0,0,0,0,0,0,0,0,0,0,3,5,0.0,0.023,0.0,0.0,0.907,0.016,0.005,31,123,0.818,0.121,0.085,0.095,0.0,0.0,0.0,0.0,normal
0.046,udp,dns,SF,74,170,0,0,0,0,0,0,0,0,0,0,0,0,0,0,0,0,6,1,0.002,0.012,0.0,0.0,0.926,0.136,0.058,210,67,0.997,0.062,0.071,0.038,0.0,0.0,0.0,0.0,normal
0.044,udp,dns,SF,55,185,0,0,0,0,0,0,0,0,0,0,0,0,0,0,0,0,1,4,0.0,0.006,0.0,0.0,0.969,0.056,0.086,171,19,0.923,0.102,0.121,0.017,0.0,0.0,0.0,0.0,normal
0.04,udp,dns,SF,54,210,0,0,0,0,0,0,0,0,0,0,0,0,0,0,0,0,5,5,0.003,0.0,0.0,0.0,0.975,0.014,0.041,130,96,0.975,0.066,0.141,0.081,0.0,0.0,0.0,0.0,normal
64.081,tcp,ssh,SF,1779,6080,0,0,0,0,0,1,0,0,0,0,0,0,0,0,0,0,7,4,0.014,0.003,0.0,0.0,0.948,0.143,0.005,81,82,0.929,0.076,0.067,0.043,0.0,0.0,0.0,0.0,normal
2.718,tcp,http,SF,278,1258,0,0,0,0,0,1,0,0,0,0,0,0,0,0,0,0,3,4,0.0,0.002,0.0,0.0,0.904,0.092,0.078,81,207,0.974,0.135,0.021,0.028,0.0,0.0,0.0,0.0,normal
0.654,tcp,other,REJ,196,194,0,0,0,0,0,0,0,0,0,0,0,0,0,0,0,0,3,3,0.0,0.0,0.0,0.0,0.996,0.14,0.012,240,48,0.876,0.134,0.001,0.061,0.0,0.0,0.0,0.0,normal
3.265,tcp,http,SF,565,382,0,0,0,0,0,1,0,0,0,0,0,0,0,0,0,0,4,2,0.0,0.0,0.0,0.0,0.874,0.145,0.012,85,11,0.909,0.031,0.099,0.066,0.0,0.0,0.0,0.0,normal
17.499,tcp,smtp,SF,968,1583,0,0,0,0,0,1,0,0,0,0,0,0,0,0,0,0,2,3,0.13,0.0,0.0,0.0,0.865,0.103,0.027,85,242,0.98,0.176,0.0,0.094,0.0,0.0,0.0,0.0,normal
5.261,tcp,smtp,SF,615,1008,0,0,0,0,0,1,0,0,0,0,0,0,0,0,0,0,5,1,0.006,0.022,0.0,0.0,0.877,0.142,0.063,34,111,0.989,0.107,0.06,0.013,0.0,0.0,0.0,0.0,normal
0.011,tcp,http,SF,453,1013,0,0,0,0,0,1,0,0,0,0,0,0,0,0,0,0,6,3,0.0,0.0,0.0,0.0,0.947,0.083,0.049,63,44,0.95,0.182,0.056,0.012,0.0,0.0,0.0,0.0,normal
1.702,tcp,http,SF,208,545,0,0,0,0,0,1,0,0,0,0,0,0,0,0,0,0,3,3,0.095,0.0,0.0,0.0,0.989,0.005,0.034,213,94,0.94,0.197,0.142,0.042,0.0,0.0,0.0,0.0,normal
2.83,tcp,smtp,SF,883,1199,0,0,0,0,0,1,0,0,0,0,0,0,0,0,0,0,3,4,0.0,0.329,0.0,0.0,0.939,0.103,0.046,132,209,0.803,0.122,0.091,0.09,0.0,0.0,0.0,0.0,normal
0.017,udp,dns,SF,102,108,0,0,0,0,0,0,0,0,0,0,0,0,0,0,0,0,3,2,0.0,0.0,0.0,0.0,0.963,0.051,0.048,187,207,0.906,0.077,0.057,0.052,0.0,0.0,0.0,0.0,normal
27.847,tcp,ssh,SF,2228,5342,0,0,0,0,0,1,0,0,0,0,0,0,0,0,0,0,3,4,0.007,0.102,0.0,0.0,0.89,0.088,0.026,197,247,0.892,0.122,0.034,0.063,0.0,0.0,0.0,0.0,normal
0.958,tcp,http,SF,456,8463,0,0,0,0,0,1,0,0,0,0,0,0,0,0,0,0,7,1,0.0,0.0,0.0,0.0,0.973,0.104,0.083,66,183,0.81,0.114,0.082,0.082,0.0,0.0,0.0,0.0,normal
0.024,udp,dns,SF,55,160,0,0,0,0,0,0,0,0,0,0,0,0,0,0,0,0,1,2,0.0,0.0,0.0,0.0,0.884,0.039,0.022,82,96,0.954,0.128,0.049,0.072,0.0,0.0,0.0,0.0,normal
61.043,tcp,ssh,SF,5047,2981,0,0,0,0,0,1,0,0,0,0,0,0,0,0,0,0,4,4,0.0,0.001,0.0,0.0,0.988,0.101,0.008,52,14,0.975,0.107,0.05,0.06,0.0,0.0,0.0,0.0,normal
1.438,tcp,http,SF,268,1073,0,0,0,0,0,1,0,0,0,0,0,0,0,0,0,0,5,5,0.0,0.0,0.0,0.0,0.883,0.02,0.046,109,238,0.989,0.186,0.076,0.094,0.0,0.0,0.0,0.0,normal
4.531,tcp,http,SF,330,8249,0,0,0,0,0,1,0,0,0,0,0,0,0,0,0,0,4,1,0.0,0.002,0.0,0.0,0.855,0.072,0.021,149,128,0.915,0.093,0.081,0.097,0.0,0.0,0.0,0.0,normal
6.552,tcp,http,SF,568,2867,0,0,0,0,0,1,0,0,0,0,0,0,0,0,0,0,4,5,0.012,0.0,0.0,0.0,0.888,0.137,0.079,65,130,0.964,0.174,0.12,0.1,0.0,0.0,0.0,0.0,normal
2.116,tcp,other,REJ,145,160,0,0,0,1,0,0,0,0,0,0,0,0,0,0,0,0,3,1,0.007,0.0,0.0,0.0,0.984,0.029,0.064,37,75,0.908,0.092,0.039,0.054,0.0,0.0,0.0,0.0,normal
3.829,tcp,http,SF,470,1817,0,0,0,0,0,1,0,0,0,0,0,0,0,0,0,0,7,4,0.0,0.007,0.0,0.0,0.999,0.054,0.038,138,218,0.877,0.176,0.026,0.091,0.0,0.0,0.0,0.0,normal
0.064,tcp,http,SF,205,1734,0,0,0,0,0,1,0,0,0,0,0,0,0,0,0,0,3,3,0.142,0.0,0.0,0.0,0.896,0.096,0.058,134,184,0.815,0.099,0.035,0.012,0.0,0.0,0.0,0.0,normal
2.319,tcp,http,SF,210,889,0,0,0,0,0,1,0,0,0,0,0,0,0,0,0,0,1,4,0.0,0.05,0.0,0.0,0.997,0.117,0.026,165,90,0.951,0.128,0.099,0.037,0.0,0.0,0.0,0.0,normal
1.284,tcp,http,SF,152,3128,0,0,0,0,0,1,0,0,0,0,0,0,0,0,0,0,3,5,0.001,0.0,0.0,0.0,0.947,0.134,0.053,245,98,0.838,0.027,0.056,0.003,0.0,0.0,0.0,0.0,normal
0.084,udp,dns,SF,64,133,0,0,0,1,0,0,0,0,0,0,0,0,0,0,0,0,3,2,0.028,0.0,0.0,0.0,0.889,0.115,0.064,46,87,0.903,0.075,0.036,0.011,0.0,0.0,0.0,0.0,normal
1.225,tcp,http,SF,343,5,0,0,0,0,0,1,0,0,0,0,0,0,0,0,0,0,6,3,0.0,0.0,0.0,0.0,0.979,0.018,0.042,74,184,0.871,0.133,0.148,0.004,0.0,0.0,0.0,0.0,normal
0.25,tcp,http,SF,173,1822,0,0,0,0,0,1,0,0,0,0,0,0,0,0,0,0,3,5,0.075,0.243,0.0,0.0,0.936,0.044,0.073,115,50,0.867,0.08,0.127,0.043,0.0,0.0,0.0,0.0,normal
1.655,tcp,http,SF,205,1535,0,0,0,0,0,1,0,0,0,0,0,0,0,0,0,0,6,3,0.0,0.0,0.0,0.0,0.889,0.126,0.029,242,85,0.857,0.137,0.133,0.038,0.0,0.0,0.0,0.0,normal
0.135,udp,dns,SF,58,93,0,0,0,0,0,0,0,0,0,0,0,0,0,0,0,0,3,2,0.0,0.0,0.0,0.0,0.856,0.016,0.069,53,45,0.862,0.089,0.066,0.006,0.0,0.0,0.0,0.0,normal
3.42,tcp,smtp,SF,883,993,0,0,0,0,0,1,0,0,0,0,0,0,0,0,0,0,7,1,0.0,0.0,0.0,0.0,0.91,0.096,0.024,208,51,0.977,0.044,0.134,0.095,0.0,0.0,0.0,0.0,normal
2.12,tcp,http,SF,537,1822,0,0,0,0,0,1,0,0,0,0,0,0,0,0,0,0,2,2,0.002,0.019,0.0,0.0,0.896,0.113,0.059,154,25,0.964,0.009,0.031,0.089,0.0,0.0,0.0,0.0,normal
2.369,tcp,http,SF,450,2218,0,0,0,0,0,1,0,0,0,0,0,0,0,0,0,0,3,4,0.023,0.0,0.0,0.0,0.895,0.065,0.001,36,202,0.856,0.035,0.094,0.088,0.0,0.0,0.0,0.0,normal
2.817,tcp,smtp,SF,890,800,0,0,0,0,0,1,0,0,0,0,0,0,0,0,0,0,4,5,0.103,0.0,0.0,0.0,0.898,0.053,0.097,33,180,0.904,0.089,0.103,0.089,0.0,0.0,0.0,0.0,normal
1.352,tcp,smtp,SF,434,2833,0,0,0,0,0,1,0,0,0,0,0,0,0,0,0,0,6,1,0.0,0.0,0.0,0.0,0.933,0.123,0.005,14,87,0.991,0.019,0.055,0.09,0.0,0.0,0.0,0.0,normal
0.622,tcp,http,SF,264,1258,0,0,0,0,0,1,0,0,0,0,0,0,0,0,0,0,4,1,0.0,0.0,0.0,0.0,0.899,0.004,0.068,58,48,0.831,0.021,0.132,0.058,0.0,0.0,0.0,0.0,normal
8.805,tcp,http,SF,355,990,0,0,0,0,0,1,0,0,0,0,0,0,0,0,0,0,4,4,0.038,0.033,0.0,0.0,0.903,0.133,0.055,125,204,0.942,0.185,0.106,0.072,0.0,0.0,0.0,0.0,normal
0.092,udp,dns,SF,64,136,0,0,0,0,0,0,0,0,0,0,0,0,0,0,0,0,6,2,0.001,0.0,0.0,0.0,0.994,0.078,0.022,124,138,0.897,0.103,0.026,0.02,0.0,0.0,0.0,0.0,normal
5.47,tcp,http,SF,339,2234,0,0,0,0,0,1,0,0,0,0,0,0,0,0,0,0,2,5,0.0,0.0,0.0,0.0,0.951,0.022,0.013,202,219,0.878,0.036,0.092,0.097,0.0,0.0,0.0,0.0,normal
2.85,tcp,http,SF,935,4415,0,0,0,0,0,1,0,0,0,0,0,0,0,0,0,0,6,1,0.0,0.0,0.0,0.0,0.85,0.12,0.037,171,72,0.949,0.158,0.122,0.077,0.0,0.0,0.0,0.0,normal
0.739,tcp,http,SF,401,1560,0,0,0,0,0,1,0,0,0,0,0,0,0,0,0,0,4,3,0.0,0.0,0.0,0.0,0.88,0.008,0.086,111,66,0.993,0.195,0.037,0.093,0.0,0.0,0.0,0.0,normal
0.595,tcp,http,SF,644,4626,0,0,0,0,0,1,0,0,0,0,0,0,0,0,0,0,6,2,0.005,0.002,0.0,0.0,0.922,0.102,0.035,114,98,0.843,0.182,0.014,0.049,0.0,0.0,0.0,0.0,normal
0.768,tcp,http,SF,296,7693,0,0,0,0,0,1,0,0,0,0,0,0,0,0,0,0,4,2,0.0,0.013,0.0,0.0,0.853,0.117,0.074,219,46,0.831,0.154,0.019,0.08,0.0,0.0,0.0,0.0,normal
0.023,udp,dns,SF,40,106,0,0,0,0,0,0,0,0,0,0,0,0,0,0,0,0,5,4,0.0,0.0,0.0,0.0,0.96,0.126,0.048,131,71,0.898,0.16,0.071,0.027,0.0,0.0,0.0,0.0,normal
0.067,udp,dns,SF,71,187,0,0,0,0,0,0,0,0,0,0,0,0,0,0,0,0,3,3,0.0,0.0,0.0,0.0,0.906,0.094,0.053,232,63,0.853,0.142,0.109,0.072,0.0,0.0,0.0,0.0,normal
1.776,tcp,http,SF,319,765,0,0,0,0,0,1,0,0,0,0,0,0,0,0,0,0,3,2,0.0,0.001,0.0,0.0,0.969,0.11,0.027,116,148,0.894,0.136,0.108,0.039,0.0,0.0,0.0,0.0,normal
0.504,tcp,http,SF,161,2313,0,0,0,0,0,1,0,0,0,0,0,0,0,0,0,0,4,4,0.0,0.001,0.0,0.0,0.972,0.025,0.006,22,20,0.979,0.163,0.07,0.091,0.0,0.0,0.0,0.0,normal
0.345,tcp,http,SF,260,2901,0,0,0,0,0,1,0,0,0,0,0,0,0,0,0,0,2,3,0.0,0.0,0.0,0.0,0.881,0.075,0.01,252,146,0.965,0.083,0.008,0.058,0.0,0.0,0.0,0.0,normal
28.576,tcp,ssh,SF,2692,4076,0,0,0,0,0,1,0,0,0,0,0,0,0,0,0,0,4,1,0.0,0.089,0.0,0.0,0.966,0.141,0.066,217,82,0.997,0.069,0.02,0.048,0.0,0.0,0.0,0.0,normal
0.074,udp,dns,SF,66,101,0,0,0,0,0,0,0,0,0,0,0,0,0,0,0,0,2,3,0.003,0.0,0.0,0.0,0.872,0.119,0.009,139,43,0.975,0.036,0.121,0.091,0.0,0.0,0.0,0.0,normal
0.109,tcp,http,SF,490,1931,0,0,0,0,0,1,0,0,0,0,0,0,0,0,0,0,7,1,0.0,0.037,0.0,0.0,0.922,0.067,0.004,234,93,0.905,0.103,0.076,0.036,0.0,0.0,0.0,0.0,normal
0.055,udp,dns,SF,51,113,0,0,0,0,0,0,0,0,0,0,0,0,0,0,0,0,3,2,0.0,0.227,0.0,0.0,0.94,0.038,0.046,138,127,0.991,0.052,0.124,0.073,0.0,0.0,0.0,0.0,normal
1.774,tcp,http,SF,264,1935,0,0,0,0,0,1,0,0,0,0,0,0,0,0,0,0,4,5,0.0,0.003,0.0,0.0,0.895,0.073,0.091,166,64,0.87,0.031,0.005,0.041,0.0,0.0,0.0,0.0,normal
0.238,tcp,http,SF,263,1475,0,0,0,0,0,1,0,0,0,0,0,0,0,0,0,0,4,2,0.001,0.0,0.0,0.0,0.988,0.047,0.08,53,101,0.906,0.135,0.101,0.085,0.0,0.0,0.0,0.0,normal
0.012,udp,dns,SF,49,173,0,0,0,0,0,0,0,0,0,0,0,0,0,0,0,0,3,1,0.0,0.009,0.0,0.0,0.99,0.011,0.099,142,113,0.898,0.005,0.04,0.038,0.0,0.0,0.0,0.0,normal
2.046,tcp,http,SF,786,4331,0,0,0,0,0,1,0,0,0,0,0,0,0,0,0,0,4,2,0.0,0.003,0.0,0.0,0.999,0.107,0.065,251,131,0.813,0.007,0.112,0.076,0.0,0.0,0.0,0.0,normal
2.058,tcp,smtp,SF,1073,1675,0,0,0,0,0,1,0,0,0,0,0,0,0,0,0,0,6,1,0.001,0.0,0.0,0.0,0.928,0.06,0.034,143,43,0.941,0.108,0.012,0.041,0.0,0.0,0.0,0.0,normal
0.091,udp,dns,SF,65,121,0,0,0,0,0,0,0,0,0,0,0,0,0,0,0,0,2,1,0.0,0.0,0.0,0.0,0.95,0.082,0.068,82,153,0.962,0.037,0.02,0.068,0.0,0.0,0.0,0.0,normal
0.544,tcp,http,SF,215,599,0,0,0,0,0,1,0,0,0,0,0,0,0,0,0,0,6,1,0.0,0.107,0.0,0.0,0.922,0.09,0.027,205,148,0.891,0.127,0.063,0.05,0.0,0.0,0.0,0.0,normal
0.003,udp,dns,SF,57,197,0,0,0,0,0,0,0,0,0,0,0,0,0,0,0,0,4,1,0.003,0.0,0.0,0.0,0.891,0.057,0.065,82,139,0.818,0.124,0.084,0.074,0.0,0.0,0.0,0.0,normal
6.268,tcp,smtp,SF,671,1575,0,0,0,0,0,1,0,0,0,0,0,0,0,0,0,0,5,5,0.001,0.001,0.0,0.0,0.968,0.034,0.098,186,65,0.851,0.003,0.017,0.008,0.0,0.0,0.0,0.0,normal
0.694,tcp,http,SF,199,4318,0,0,0,0,0,1,0,0,0,0,0,0,0,0,0,0,3,1,0.0,0.0,0.0,0.0,0.974,0.114,0.05,124,52,0.906,0.126,0.137,0.024,0.0,0.0,0.0,0.0,normal
0.124,udp,dns,SF,63,150,0,0,0,0,0,0,0,0,0,0,0,0,0,0,0,0,3,1,0.023,0.0,0.0,0.0,0.934,0.053,0.045,53,150,0.965,0.189,0.034,0.025,0.0,0.0,0.0,0.0,normal
8.665,tcp,http,SF,194,490,0,0,0,0,0,1,0,0,0,0,0,0,0,0,0,0,2,6,0.003,0.0,0.0,0.0,0.901,0.105,0.047,35,61,0.888,0.146,0.078,0.043,0.0,0.0,0.0,0.0,normal
0.357,tcp,http,SF,418,5019,0,0,0,0,0,1,0,0,0,0,0,0,0,0,0,0,4,2,0.001,0.002,0.0,0.0,0.868,0.086,0.095,78,82,0.92,0.126,0.125,0.015,0.0,0.0,0.0,0.0,normal
0.196,tcp,http,SF,294,4175,0,0,0,0,0,1,0,0,0,0,0,0,0,0,0,0,3,1,0.0,0.01,0.0,0.0,0.959,0.007,0.055,172,133,0.93,0.138,0.01,0.025,0.0,0.0,0.0,0.0,normal
0.052,udp,dns,SF,61,147,0,0,0,0,0,0,0,0,0,0,0,0,0,0,0,0,7,4,0.0,0.012,0.0,0.0,0.871,0.086,0.088,80,121,0.965,0.131,0.039,0.09,0.0,0.0,0.0,0.0,normal
1.699,tcp,http,SF,416,2109,0,0,0,0,0,1,0,0,0,0,0,0,0,0,0,0,5,3,0.003,0.0,0.0,0.0,0.962,0.02,0.093,42,102,0.93,0.172,0.076,0.088,0.0,0.0,0.0,0.0,normal
4.039,tcp,smtp,SF,737,1223,0,0,0,1,0,1,0,0,0,0,0,0,0,0,0,0,4,3,0.0,0.0,0.0,0.0,0.949,0.123,0.072,170,159,0.943,0.022,0.052,0.066,0.0,0.0,0.0,0.0,normal
0.037,udp,dns,SF,74,94,0,0,0,0,0,0,0,0,0,0,0,0,0,0,0,0,4,4,0.0,0.0,0.0,0.0,0.855,0.038,0.061,179,78,0.93,0.124,0.076,0.078,0.0,0.0,0.0,0.0,normal
0.094,tcp,http,SF,270,788,0,0,0,0,0,1,0,0,0,0,0,0,0,0,0,0,4,3,0.0,0.024,0.0,0.0,0.965,0.117,0.009,226,217,0.888,0.164,0.05,0.092,0.0,0.0,0.0,0.0,normal
0.799,tcp,http,SF,234,190,0,0,0,0,0,1,0,0,0,0,0,0,0,0,0,0,3,5,0.0,0.08,0.0,0.0,0.947,0.01,0.068,156,125,0.915,0.159,0.025,0.036,0.0,0.0,0.0,0.0,normal
0.072,tcp,http,SF,424,392,0,0,0,0,0,1,0,0,0,0,0,0,0,0,0,0,4,5,0.0,0.0,0.0,0.0,0.893,0.039,0.089,85,40,0.968,0.021,0.147,0.014,0.0,0.0,0.0,0.0,normal
0.07,tcp,smtp,SF,830,1330,0,0,0,0,0,1,0,0,0,0,0,0,0,0,0,0,7,5,0.0,0.002,0.0,0.0,0.898,0.041,0.01,18,12,0.96,0.053,0.135,0.003,0.0,0.0,0.0,0.0,normal
0.087,udp,dns,SF,79,124,0,0,0,0,0,0,0,0,0,0,0,0,0,0,0,0,3,2,0.003,0.0,0.0,0.0,0.987,0.012,0.051,55,68,0.893,0.04,0.046,0.068,0.0,0.0,0.0,0.0,normal
0.069,udp,dns,SF,75,105,0,0,0,0,0,0,0,0,0,0,0,0,0,0,0,0,7,4,0.0,0.005,0.0,0.0,0.997,0.081,0.004,213,193,0.879,0.103,0.111,0.096,0.0,0.0,0.0,0.0,normal
2.812,tcp,http,SF,318,776,0,0,0,0,0,1,0,0,0,0,0,0,0,0,0,0,3,1,0.001,0.0,0.0,0.0,0.899,0.095,0.02,104,87,0.911,0.193,0.057,0.09,0.0,0.0,0.0,0.0,normal
0.65,tcp,http,SF,289,3519,0,0,0,0,0,1,0,0,0,0,0,0,0,0,0,0,1,4,0.0,0.0,0.0,0.0,0.973,0.13,0.003,148,235,0.958,0.058,0.096,0.046,0.0,0.0,0.0,0.0,normal
1.371,tcp,http,SF,232,8218,0,0,0,0,0,1,0,0,0,0,0,0,0,0,0,0,7,4,0.0,0.132,0.0,0.0,0.911,0.058,0.067,84,125,0.85,0.15,0.104,0.041,0.0,0.0,0.0,0.0,normal
3.015,tcp,http,SF,315,4059,0,0,0,0,0,1,0,0,0,0,0,0,0,0,0,0,3,3,0.0,0.034,0.0,0.0,0.989,0.089,0.026,14,182,0.924,0.185,0.133,0.06,0.0,0.0,0.0,0.0,normal
2.069,tcp,http,SF,221,12145,0,0,0,0,0,1,0,0,0,0,0,0,0,0,0,0,6,3,0.0,0.0,0.0,0.0,0.935,0.135,0.099,45,34,0.857,0.006,0.052,0.065,0.0,0.0,0.0,0.0,normal
1.022,tcp,http,SF,589,133,0,0,0,0,0,1,0,0,0,0,0,0,0,0,0,0,6,3,0.068,0.0,0.0,0.0,0.953,0.041,0.088,129,179,0.964,0.128,0.144,0.086,0.0,0.0,0.0,0.0,normal
0.031,udp,dns,SF,78,102,0,0,0,0,0,0,0,0,0,0,0,0,0,0,0,0,2,1,0.001,0.0,0.0,0.0,0.889,0.108,0.02,234,27,0.872,0.172,0.111,0.07,0.0,0.0,0.0,0.0,normal
3.547,tcp,ssh,SF,2772,3516,0,0,0,0,0,1,0,0,0,0,0,0,0,0,0,0,4,6,0.0,0.0,0.0,0.0,0.986,0.111,0.044,90,125,0.922,0.19,0.143,0.071,0.0,0.0,0.0,0.0,normal
2.516,tcp,smtp,SF,1233,1316,0,0,0,0,0,1,0,0,0,0,0,0,0,0,0,0,2,2,0.0,0.035,0.0,0.0,0.945,0.0,0.09,63,214,0.916,0.105,0.121,0.014,0.0,0.0,0.0,0.0,normal
0.058,udp,dns,SF,79,175,0,0,0,0,0,0,0,0,0,0,0,0,0,0,0,0,9,2,0.002,0.0,0.0,0.0,0.92,0.043,0.1,176,179,0.823,0.026,0.084,0.066,0.0,0.0,0.0,0.0,normal
0.018,udp,dns,SF,63,138,0,0,0,0,0,0,0,0,0,0,0,0,0,0,0,0,5,4,0.0,0.0,0.0,0.0,0.902,0.077,0.047,114,172,0.852,0.131,0.065,0.074,0.0,0.0,0.0,0.0,normal
2.786,tcp,http,SF,368,4608,0,0,0,0,0,1,0,0,0,0,0,0,0,0,0,0,1,4,0.0,0.0,0.0,0.0,0.907,0.029,0.023,45,11,0.968,0.001,0.053,0.064,0.0,0.0,0.0,0.0,normal
4.469,tcp,http,SF,536,1197,0,0,0,0,0,1,0,0,0,0,0,0,0,0,0,0,6,4,0.023,0.001,0.0,0.0,0.901,0.06,0.087,217,239,0.954,0.03,0.059,0.001,0.0,0.0,0.0,0.0,normal
4.328,tcp,http,SF,347,1535,0,0,0,0,0,1,0,0,0,0,0,0,0,0,0,0,3,3,0.0,0.0,0.0,0.0,0.951,0.037,0.052,77,155,0.968,0.138,0.044,0.078,0.0,0.0,0.0,0.0,normal
0.141,udp,dns,SF,60,107,0,0,0,0,0,0,0,0,0,0,0,0,0,0,0,0,4,5,0.0,0.0,0.0,0.0,0.943,0.115,0.095,126,188,0.962,0.131,0.041,0.021,0.0,0.0,0.0,0.0,normal
9.895,tcp,http,SF,339,4418,0,0,0,0,0,1,0,0,0,0,0,0,0,0,0,0,7,1,0.001,0.0,0.0,0.0,0.874,0.012,0.01,10,19,0.914,0.051,0.135,0.078,0.0,0.0,0.0,0.0,normal
0.013,udp,dns,SF,59,164,0,0,0,0,0,0,0,0,0,0,0,0,0,0,0,0,6,4,0.0,0.006,0.0,0.0,0.984,0.11,0.071,232,162,0.858,0.073,0.0,0.068,0.0,0.0,0.0,0.0,normal
0.017,udp,dns,SF,52,115,0,0,0,0,0,0,0,0,0,0,0,0,0,0,0,0,3,4,0.001,0.0,0.0,0.0,0.858,0.143,0.045,54,14,0.872,0.147,0.04,0.003,0.0,0.0,0.0,0.0,normal
1.321,tcp,http,SF,369,1833,0,0,0,0,0,1,0,0,0,0,0,0,0,0,0,0,1,1,0.0,0.0,0.0,0.0,0.904,0.138,0.064,139,164,0.99,0.029,0.079,0.065,0.0,0.0,0.0,0.0,normal
3.295,tcp,http,SF,296,5304,0,0,0,0,0,1,0,0,0,0,0,0,0,0,0,0,7,1,0.0,0.0,0.0,0.0,0.912,0.069,0.095,149,233,0.876,0.194,0.024,0.024,0.0,0.0,0.0,0.0,normal
2.376,tcp,http,SF,732,5663,0,0,0,0,0,1,0,0,0,0,0,0,0,0,0,0,6,3,0.0,0.002,0.0,0.0,0.887,0.08,0.042,106,159,0.814,0.062,0.033,0.058,0.0,0.0,0.0,0.0,normal
0.306,tcp,http,SF,189,3851,0,0,0,0,0,1,0,0,0,0,0,0,0,0,0,0,2,3,0.0,0.002,0.0,0.0,0.959,0.133,0.003,170,75,0.93,0.191,0.143,0.1,0.0,0.0,0.0,0.0,normal
4.008,tcp,http,SF,198,5526,0,0,0,0,0,1,0,0,0,0,0,0,0,0,0,0,4,2,0.0,0.001,0.0,0.0,0.994,0.034,0.078,219,165,1.0,0.171,0.148,0.069,0.0,0.0,0.0,0.0,normal
1.838,tcp,smtp,SF,636,1641,0,0,0,0,0,1,0,0,0,0,0,0,0,0,0,0,2,1,0.0,0.0,0.0,0.0,0.949,0.143,0.055,231,65,0.954,0.03,0.03,0.074,0.0,0.0,0.0,0.0,normal
1.157,tcp,http,SF,384,2680,0,0,0,0,0,1,0,0,0,0,0,0,0,0,0,0,2,6,0.0,0.0,0.0,0.0,0.91,0.055,0.005,254,151,0.855,0.011,0.06,0.093,0.0,0.0,0.0,0.0,normal
6.602,tcp,http,SF,288,1538,0,0,0,0,0,1,0,0,0,0,0,0,0,0,0,0,7,2,0.001,0.0,0.0,0.0,0.993,0.009,0.005,126,166,0.863,0.183,0.122,0.048,0.0,0.0,0.0,0.0,normal
3.911,tcp,smtp,SF,1016,1238,0,0,0,0,0,1,0,0,0,0,0,0,0,0,0,0,3,2,0.002,0.0,0.0,0.0,0.913,0.108,0.094,151,185,0.983,0.199,0.126,0.071,0.0,0.0,0.0,0.0,normal
0.026,udp,dns,SF,66,100,0,0,0,0,0,0,0,0,0,0,0,0,0,0,0,0,7,6,0.0,0.0,0.0,0.0,0.883,0.032,0.033,204,87,0.985,0.149,0.04,0.095,0.0,0.0,0.0,0.0,normal
2.253,tcp,http,SF,153,1463,0,0,0,0,0,1,0,0,0,0,0,0,0,0,0,0,5,3,0.0,0.0,0.0,0.0,0.982,0.001,0.08,253,149,0.81,0.084,0.095,0.008,0.0,0.0,0.0,0.0,normal
0.007,udp,dns,SF,78,136,0,0,0,0,0,0,0,0,0,0,0,0,0,0,0,0,3,4,0.007,0.0,0.0,0.0,0.904,0.057,0.034,175,195,0.856,0.045,0.131,0.098,0.0,0.0,0.0,0.0,normal
2.379,tcp,http,SF,381,462,0,0,0,0,0,1,0,0,0,0,0,0,0,0,0,0,8,2,0.031,0.002,0.0,0.0,0.938,0.111,0.019,38,171,0.812,0.175,0.106,0.012,0.0,0.0,0.0,0.0,normal
4.099,tcp,http,SF,457,1839,0,0,0,0,0,1,0,0,0,0,0,0,0,0,0,0,8,6,0.0,0.0,0.0,0.0,0.958,0.14,0.02,16,192,0.885,0.062,0.044,0.082,0.0,0.0,0.0,0.0,normal
0.004,udp,dns,SF,39,142,0,0,0,0,0,0,0,0,0,0,0,0,0,0,0,0,3,5,0.002,0.063,0.0,0.0,0.941,0.125,0.034,29,159,0.817,0.164,0.1,0.06,0.0,0.0,0.0,0.0,normal
0.1,tcp,http,SF,571,138,0,0,0,0,0,1,0,0,0,0,0,0,0,0,0,0,3,2,0.011,0.0,0.0,0.0,0.929,0.068,0.036,224,103,0.8,0.045,0.026,0.058,0.0,0.0,0.0,0.0,normal
2.292,tcp,http,SF,434,301,0,0,0,0,0,1,0,0,0,0,0,0,0,0,0,0,4,2,0.0,0.0,0.0,0.0,0.907,0.062,0.086,121,20,0.863,0.019,0.099,0.051,0.0,0.0,0.0,0.0,normal
0.956,tcp,http,SF,248,3104,0,0,0,0,0,1,0,0,0,0,0,0,0,0,0,0,7,2,0.0,0.0,0.0,0.0,0.863,0.133,0.036,168,66,0.856,0.054,0.116,0.064,0.0,0.0,0.0,0.0,normal
0.815,tcp,http,SF,372,5552,0,0,0,0,0,1,0,0,0,0,0,0,0,0,0,0,6,1,0.013,0.072,0.0,0.0,0.859,0.052,0.087,193,34,0.833,0.065,0.108,0.037,0.0,0.0,0.0,0.0,normal
2.605,tcp,http,SF,322,659,0,0,0,0,0,1,0,0,0,0,0,0,0,0,0,0,4,3,0.001,0.0,0.0,0.0,0.865,0.027,0.027,187,155,0.936,0.058,0.084,0.074,0.0,0.0,0.0,0.0,normal
7.031,tcp,smtp,SF,1057,1613,0,0,0,0,0,1,0,0,0,0,0,0,0,0,0,0,1,1,0.0,0.003,0.0,0.0,0.857,0.107,0.082,209,12,0.908,0.08,0.137,0.07,0.0,0.0,0.0,0.0,normal
2.498,tcp,http,SF,584,511,0,0,0,0,0,1,0,0,0,0,0,0,0,0,0,0,3,2,0.001,0.0,0.0,0.0,0.869,0.058,0.05,43,207,0.897,0.132,0.09,0.045,0.0,0.0,0.0,0.0,normal
10.345,tcp,http,SF,385,229,0,0,0,0,0,1,0,0,0,0,0,0,0,0,0,0,2,4,0.0,0.0,0.0,0.0,0.858,0.037,0.02,30,218,0.987,0.135,0.128,0.048,0.0,0.0,0.0,0.0,normal
11.728,tcp,ssh,SF,1324,3839,0,0,0,0,0,1,0,0,0,0,0,0,0,0,0,0,5,5,0.0,0.0,0.0,0.0,0.968,0.001,0.046,45,239,0.999,0.196,0.132,0.064,0.0,0.0,0.0,0.0,normal
153.353,tcp,ssh,SF,2631,6849,0,0,0,0,0,1,0,0,0,0,0,0,0,0,0,0,4,2,0.019,0.017,0.0,0.0,0.974,0.109,0.011,240,197,0.927,0.076,0.118,0.044,0.0,0.0,0.0,0.0,normal
3.633,tcp,http,SF,425,6380,0,0,0,0,0,1,0,0,0,0,0,0,0,0,0,0,8,2,0.005,0.0,0.0,0.0,0.966,0.117,0.044,218,47,0.885,0.021,0.127,0.044,0.0,0.0,0.0,0.0,normal
6.112,tcp,other,REJ,289,446,0,0,0,0,0,0,0,0,0,0,0,0,0,0,0,0,3,3,0.0,0.0,0.0,0.0,0.885,0.086,0.054,239,243,0.961,0.061,0.021,0.025,0.0,0.0,0.0,0.0,normal
0.013,udp,dns,SF,48,130,0,0,0,0,0,0,0,0,0,0,0,0,0,0,0,0,2,1,0.0,0.004,0.0,0.0,0.9,0.044,0.067,168,65,0.812,0.011,0.05,0.098,0.0,0.0,0.0,0.0,normal
0.939,tcp,http,SF,418,4664,0,0,0,0,0,1,0,0,0,0,0,0,0,0,0,0,5,3,0.003,0.0,0.0,0.0,0.855,0.005,0.017,121,76,0.977,0.029,0.123,0.069,0.0,0.0,0.0,0.0,normal
0.133,udp,dns,SF,60,188,0,0,0,0,0,0,0,0,0,0,0,0,0,0,0,0,3,1,0.001,0.002,0.0,0.0,0.96,0.143,0.075,218,156,0.829,0.018,0.003,0.049,0.0,0.0,0.0,0.0,normal
0.024,udp,dns,SF,70,136,0,0,0,0,0,0,0,0,0,0,0,0,0,0,0,0,3,5,0.0,0.004,0.0,0.0,0.939,0.109,0.065,232,112,0.963,0.016,0.091,0.041,0.0,0.0,0.0,0.0,normal
2.711,tcp,http,SF,469,2280,0,0,0,0,0,1,0,0,0,0,0,0,0,0,0,0,3,2,0.0,0.0,0.0,0.0,0.991,0.077,0.007,124,35,0.943,0.132,0.034,0.076,0.0,0.0,0.0,0.0,normal
0.636,tcp,http,SF,283,1303,0,0,0,0,0,1,0,0,0,0,0,0,0,0,0,0,4,1,0.0,0.049,0.0,0.0,0.912,0.135,0.005,252,133,0.966,0.122,0.015,0.006,0.0,0.0,0.0,0.0,normal
6.362,tcp,http,SF,303,1097,0,0,0,0,0,1,0,0,0,0,0,0,0,0,0,0,3,4,0.0,0.005,0.0,0.0,0.952,0.007,0.084,105,228,0.93,0.048,0.03,0.022,0.0,0.0,0.0,0.0,normal
13.657,tcp,ssh,SF,2510,5046,0,0,0,0,0,1,0,0,0,0,0,0,0,0,0,0,4,3,0.0,0.005,0.0,0.0,0.987,0.137,0.044,200,234,0.97,0.024,0.042,0.026,0.0,0.0,0.0,0.0,normal
0.056,tcp,http,SF,442,1544,0,0,0,0,0,1,0,0,0,0,0,0,0,0,0,0,3,1,0.001,0.0,0.0,0.0,0.885,0.085,0.091,43,38,0.984,0.136,0.011,0.049,0.0,0.0,0.0,0.0,normal
0.487,tcp,http,SF,511,258,0,0,0,0,0,1,0,0,0,0,0,0,0,0,0,0,3,2,0.002,0.0,0.0,0.0,0.852,0.106,0.055,206,244,0.961,0.06,0.003,0.056,0.0,0.0,0.0,0.0,normal
72.231,tcp,ssh,SF,1483,2527,0,0,0,0,0,1,0,0,0,0,0,0,0,0,0,0,2,1,0.0,0.0,0.0,0.0,0.889,0.001,0.006,29,22,0.965,0.004,0.042,0.035,0.0,0.0,0.0,0.0,normal
1.42,tcp,http,SF,370,1073,0,0,0,0,0,1,0,0,0,0,0,0,0,0,0,0,2,6,0.042,0.001,0.0,0.0,0.969,0.088,0.05,237,131,0.894,0.162,0.075,0.049,0.0,0.0,0.0,0.0,normal
0.004,udp,dns,SF,54,160,0,0,0,0,0,0,0,0,0,0,0,0,0,0,0,0,5,3,0.036,0.002,0.0,0.0,0.988,0.138,0.003,192,32,0.909,0.125,0.14,0.062,0.0,0.0,0.0,0.0,normal
3.134,tcp,http,SF,452,1982,0,0,0,0,0,1,0,0,0,0,0,0,0,0,0,0,4,1,0.002,0.0,0.0,0.0,0.906,0.049,0.091,68,218,0.821,0.078,0.047,0.093,0.0,0.0,0.0,0.0,normal
2.637,tcp,http,SF,376,2329,0,0,0,0,0,1,0,0,0,0,0,0,0,0,0,0,1,4,0.0,0.0,0.0,0.0,0.872,0.026,0.032,133,253,0.977,0.093,0.121,0.0,0.0,0.0,0.0,0.0,normal
0.246,tcp,http,SF,114,3480,0,0,0,0,0,1,0,0,0,0,0,0,0,0,0,0,2,5,0.0,0.0,0.0,0.0,0.981,0.082,0.09,24,245,0.92,0.072,0.132,0.027,0.0,0.0,0.0,0.0,normal
0.962,tcp,http,SF,279,267,0,0,0,0,0,1,0,0,0,0,0,0,0,0,0,0,5,2,0.0,0.025,0.0,0.0,0.851,0.075,0.066,184,105,0.885,0.088,0.044,0.042,0.0,0.0,0.0,0.0,normal
5.229,tcp,http,SF,398,1943,0,0,0,0,0,1,0,0,0,0,0,0,0,0,0,0,3,3,0.0,0.0,0.0,0.0,0.923,0.001,0.042,54,160,0.828,0.185,0.027,0.015,0.0,0.0,0.0,0.0,normal
0.005,tcp,http,SF,269,2655,0,0,0,0,0,1,0,0,0,0,0,0,0,0,0,0,5,1,0.0,0.001,0.0,0.0,0.917,0.141,0.063,43,61,0.801,0.013,0.026,0.063,0.0,0.0,0.0,0.0,normal
0.548,tcp,http,SF,298,2809,0,0,0,0,0,1,0,0,0,0,0,0,0,0,0,0,4,2,0.0,0.0,0.0,0.0,0.987,0.028,0.083,173,210,0.912,0.088,0.06,0.091,0.0,0.0,0.0,0.0,normal
4.178,tcp,http,SF,435,7875,0,0,0,0,0,1,0,0,0,0,0,0,0,0,0,0,3,4,0.024,0.0,0.0,0.0,0.969,0.127,0.049,90,140,0.837,0.1,0.087,0.082,0.0,0.0,0.0,0.0,normal
0.93,tcp,smtp,SF,596,1564,0,0,0,0,0,1,0,0,0,0,0,0,0,0,0,0,3,2,0.0,0.0,0.0,0.0,0.986,0.008,0.097,196,113,0.969,0.132,0.124,0.015,0.0,0.0,0.0,0.0,normal
0.007,udp,dns,SF,77,185,0,0,0,0,0,0,0,0,0,0,0,0,0,0,0,0,4,2,0.0,0.062,0.0,0.0,0.854,0.121,0.001,160,164,0.818,0.158,0.079,0.016,0.0,0.0,0.0,0.0,normal
0.277,tcp,http,SF,646,9992,0,0,0,0,0,1,0,0,0,0,0,0,0,0,0,0,6,5,0.014,0.0,0.0,0.0,0.86,0.084,0.066,247,127,0.915,0.023,0.135,0.099,0.0,0.0,0.0,0.0,normal
4.589,tcp,http,SF,264,7351,0,0,0,0,0,1,0,0,0,0,0,0,0,0,0,0,3,2,0.0,0.032,0.0,0.0,0.86,0.035,0.057,221,54,0.985,0.049,0.043,0.071,0.0,0.0,0.0,0.0,normal
0.882,tcp,http,SF,629,6055,0,0,0,0,0,1,0,0,0,0,0,0,0,0,0,0,3,3,0.0,0.0,0.0,0.0,0.942,0.147,0.045,181,86,0.802,0.056,0.072,0.0,0.0,0.0,0.0,0.0,normal
0.066,udp,dns,SF,73,141,0,0,0,0,0,0,0,0,0,0,0,0,0,0,0,0,9,2,0.003,0.0,0.0,0.0,0.98,0.084,0.006,116,245,0.893,0.11,0.106,0.084,0.0,0.0,0.0,0.0,normal
26.711,tcp,ssh,SF,2492,5286,0,0,0,0,0,1,0,0,0,0,0,0,0,0,0,0,5,5,0.005,0.0,0.0,0.0,0.895,0.136,0.011,162,119,0.943,0.124,0.096,0.081,0.0,0.0,0.0,0.0,normal
1.194,tcp,http,SF,261,2501,0,0,0,0,0,1,0,0,0,0,0,0,0,0,0,0,4,3,0.04,0.002,0.0,0.0,0.876,0.013,0.016,67,34,0.818,0.028,0.056,0.014,0.0,0.0,0.0,0.0,normal
2.846,tcp,http,SF,321,1566,0,0,0,0,0,1,0,0,0,0,0,0,0,0,0,0,5,1,0.0,0.0,0.0,0.0,0.866,0.066,0.026,177,239,0.842,0.089,0.142,0.009,0.0,0.0,0.0,0.0,normal
0.148,udp,dns,SF,61,121,0,0,0,0,0,0,0,0,0,0,0,0,0,0,0,0,2,3,0.0,0.0,0.0,0.0,0.879,0.022,0.08,15,69,0.892,0.101,0.144,0.065,0.0,0.0,0.0,0.0,normal
4.33,tcp,http,SF,441,5108,0,0,0,0,0,1,0,0,0,0,0,0,0,0,0,0,6,6,0.009,0.0,0.0,0.0,0.895,0.002,0.024,51,213,0.804,0.043,0.111,0.098,0.0,0.0,0.0,0.0,normal
1.737,tcp,smtp,SF,939,1243,0,0,0,0,0,1,0,0,0,0,0,0,0,0,0,0,1,5,0.0,0.0,0.0,0.0,0.992,0.087,0.085,141,242,0.894,0.066,0.048,0.037,0.0,0.0,0.0,0.0,normal
0.883,tcp,http,SF,262,658,0,0,0,0,0,1,0,0,0,0,0,0,0,0,0,0,2,2,0.014,0.005,0.0,0.0,0.851,0.148,0.056,165,134,0.838,0.061,0.091,0.015,0.0,0.0,0.0,0.0,normal
0.078,udp,dns,SF,61,239,0,0,0,0,0,0,0,0,0,0,0,0,0,0,0,0,4,4,0.0,0.013,0.0,0.0,0.897,0.105,0.018,40,184,0.822,0.115,0.073,0.044,0.0,0.0,0.0,0.0,normal
0.677,tcp,http,SF,625,3701,0,0,0,0,0,1,0,0,0,0,0,0,0,0,0,0,3,4,0.0,0.0,0.0,0.0,0.86,0.147,0.051,241,49,0.847,0.045,0.077,0.044,0.0,0.0,0.0,0.0,normal
0.791,tcp,http,SF,300,3574,0,0,0,0,0,1,0,0,0,0,0,0,0,0,0,0,1,3,0.0,0.0,0.0,0.0,0.919,0.081,0.065,138,52,0.954,0.007,0.036,0.098,0.0,0.0,0.0,0.0,normal
3.059,tcp,http,SF,352,4434,0,0,0,0,0,1,0,0,0,0,0,0,0,0,0,0,4,4,0.0,0.0,0.0,0.0,0.913,0.109,0.049,215,37,0.92,0.135,0.037,0.067,0.0,0.0,0.0,0.0,normal
0.858,tcp,http,SF,443,1841,0,0,0,0,0,1,0,0,0,0,0,0,0,0,0,0,1,6,0.07,0.084,0.0,0.0,0.862,0.005,0.04,117,167,0.979,0.007,0.041,0.075,0.0,0.0,0.0,0.0,normal
0.236,tcp,http,SF,487,1443,0,0,0,0,0,1,0,0,0,0,0,0,0,0,0,0,2,1,0.07,0.01,0.0,0.0,0.915,0.102,0.011,250,190,0.856,0.133,0.07,0.025,0.0,0.0,0.0,0.0,normal
2.81,tcp,http,SF,325,6976,0,0,0,0,0,1,0,0,0,0,0,0,0,0,0,0,4,3,0.0,0.005,0.0,0.0,0.866,0.13,0.013,34,53,0.8,0.076,0.062,0.026,0.0,0.0,0.0,0.0,normal
7.0,tcp,http,SF,324,195,0,0,0,0,0,1,0,0,0,0,0,0,0,0,0,0,3,1,0.0,0.0,0.0,0.0,0.993,0.146,0.061,175,59,0.986,0.073,0.073,0.074,0.0,0.0,0.0,0.0,normal
6.13,tcp,smtp,SF,581,1351,0,0,0,0,0,1,0,0,0,0,0,0,0,0,0,0,4,3,0.0,0.005,0.0,0.0,0.945,0.111,0.084,244,83,0.831,0.186,0.14,0.029,0.0,0.0,0.0,0.0,normal
0.402,tcp,http,SF,251,1872,0,0,0,0,0,1,0,0,0,0,0,0,0,0,0,0,2,4,0.076,0.0,0.0,0.0,0.96,0.038,0.064,224,35,0.843,0.025,0.031,0.017,0.0,0.0,0.0,0.0,normal
1.691,tcp,http,SF,261,2327,0,0,0,0,0,1,0,0,0,0,0,0,0,0,0,0,4,1,0.0,0.0,0.0,0.0,0.947,0.037,0.007,12,151,0.858,0.173,0.144,0.018,0.0,0.0,0.0,0.0,normal
0.018,udp,dns,SF,61,95,0,0,0,0,0,0,0,0,0,0,0,0,0,0,0,0,2,4,0.001,0.0,0.0,0.0,0.989,0.121,0.087,83,32,0.94,0.139,0.013,0.034,0.0,0.0,0.0,0.0,normal
0.947,tcp,http,SF,308,3105,0,0,0,0,0,1,0,0,0,0,0,0,0,0,0,0,2,3,0.0,0.0,0.0,0.0,0.889,0.119,0.099,174,95,0.895,0.088,0.054,0.026,0.0,0.0,0.0,0.0,normal
0.058,udp,dns,SF,85,126,0,0,0,0,0,0,0,0,0,0,0,0,0,0,0,0,2,2,0.0,0.021,0.0,0.0,0.944,0.1,0.097,119,107,0.855,0.053,0.03,0.084,0.0,0.0,0.0,0.0,normal
1.94,tcp,smtp,SF,489,1108,0,0,0,0,0,1,0,0,0,0,0,0,0,0,0,0,5,4,0.001,0.023,0.0,0.0,0.959,0.097,0.04,58,89,0.998,0.022,0.123,0.039,0.0,0.0,0.0,0.0,normal
0.023,tcp,http,SF,253,4122,0,0,0,0,0,1,0,0,0,0,0,0,0,0,0,0,5,4,0.0,0.135,0.0,0.0,0.911,0.106,0.059,142,178,0.905,0.141,0.085,0.04,0.0,0.0,0.0,0.0,normal
0.101,udp,dns,SF,81,80,0,0,0,0,0,0,0,0,0,0,0,0,0,0,0,0,1,2,0.0,0.037,0.0,0.0,0.946,0.134,0.055,97,201,0.921,0.032,0.138,0.02,0.0,0.0,0.0,0.0,normal
0.165,tcp,http,SF,406,3155,0,0,0,0,0,1,0,0,0,0,0,0,0,0,0,0,2,3,0.0,0.0,0.0,0.0,0.901,0.138,0.021,27,82,0.957,0.152,0.059,0.081,0.0,0.0,0.0,0.0,normal
1.146,tcp,http,SF,278,5658,0,0,0,0,0,1,0,0,0,0,0,0,0,0,0,0,6,3,0.0,0.062,0.0,0.0,0.923,0.082,0.098,121,197,0.998,0.023,0.06,0.025,0.0,0.0,0.0,0.0,normal
2.436,tcp,http,SF,640,4005,0,0,0,0,0,1,0,0,0,0,0,0,0,0,0,0,1,4,0.0,0.0,0.0,0.0,0.916,0.014,0.016,51,160,0.999,0.196,0.017,0.058,0.0,0.0,0.0,0.0,normal
8.395,tcp,http,SF,397,5100,0,0,0,0,0,1,0,0,0,0,0,0,0,0,0,0,6,3,0.0,0.003,0.0,0.0,0.949,0.087,0.076,187,142,0.926,0.001,0.096,0.051,0.0,0.0,0.0,0.0,normal
20.621,tcp,ssh,SF,1951,4015,0,0,0,0,0,1,0,0,0,0,0,0,0,0,0,0,4,3,0.0,0.0,0.0,0.0,0.911,0.068,0.068,237,127,0.843,0.168,0.042,0.086,0.0,0.0,0.0,0.0,normal
0.123,udp,dns,SF,67,120,0,0,0,0,0,0,0,0,0,0,0,0,0,0,0,0,4,4,0.0,0.0,0.0,0.0,0.923,0.025,0.097,241,13,0.827,0.142,0.14,0.005,0.0,0.0,0.0,0.0,normal
0.14,tcp,ssh,SF,2091,3711,0,0,0,0,0,1,0,0,0,0,0,0,0,0,0,0,2,2,0.007,0.047,0.0,0.0,0.932,0.131,0.093,222,71,0.911,0.073,0.033,0.0,0.0,0.0,0.0,0.0,normal
0.82,tcp,http,SF,258,10848,0,0,0,0,0,1,0,0,0,0,0,0,0,0,0,0,4,2,0.0,0.0,0.0,0.0,0.988,0.116,0.049,65,57,0.976,0.041,0.07,0.066,0.0,0.0,0.0,0.0,normal
3.053,tcp,http,SF,241,1184,0,0,0,0,0,1,0,0,0,0,0,0,0,0,0,0,4,5,0.0,0.022,0.0,0.0,0.963,0.078,0.014,252,88,0.896,0.189,0.116,0.078,0.0,0.0,0.0,0.0,normal
0.126,tcp,http,SF,291,6441,0,0,0,0,0,1,0,0,0,0,0,0,0,0,0,0,4,4,0.001,0.0,0.0,0.0,0.958,0.039,0.014,12,213,0.98,0.025,0.143,0.047,0.0,0.0,0.0,0.0,normal
0.494,tcp,http,SF,750,7355,0,0,0,0,0,1,0,0,0,0,0,0,0,0,0,0,5,1,0.0,0.0,0.0,0.0,0.891,0.099,0.07,201,20,0.81,0.042,0.088,0.064,0.0,0.0,0.0,0.0,normal
2.582,tcp,smtp,SF,1597,1442,0,0,0,0,0,1,0,0,0,0,0,0,0,0,0,0,6,7,0.0,0.0,0.0,0.0,0.864,0.018,0.01,54,228,0.806,0.057,0.031,0.045,0.0,0.0,0.0,0.0,normal
1.109,tcp,http,SF,330,7950,0,0,0,0,0,1,0,0,0,0,0,0,0,0,0,0,3,3,0.0,0.0,0.0,0.0,0.982,0.124,0.049,85,172,0.876,0.132,0.04,0.057,0.0,0.0,0.0,0.0,normal
2.201,tcp,http,SF,317,2472,0,0,0,0,0,1,0,0,0,0,0,0,0,0,0,0,3,1,0.0,0.001,0.0,0.0,0.919,0.02,0.046,167,167,0.939,0.179,0.108,0.053,0.0,0.0,0.0,0.0,normal
0.384,tcp,http,SF,397,1950,0,0,0,0,0,1,0,0,0,0,0,0,0,0,0,0,2,4,0.0,0.0,0.0,0.0,0.904,0.024,0.083,92,113,0.915,0.144,0.093,0.08,0.0,0.0,0.0,0.0,normal
0.449,tcp,http,SF,296,507,0,0,0,0,0,1,0,0,0,0,0,0,0,0,0,0,7,2,0.0,0.095,0.0,0.0,0.968,0.118,0.036,68,195,0.818,0.091,0.007,0.088,0.0,0.0,0.0,0.0,normal
0.384,tcp,other,SF,242,180,0,0,0,0,0,0,0,0,0,0,0,0,0,0,0,0,2,5,0.0,0.0,0.0,0.0,0.953,0.15,0.078,125,211,0.901,0.094,0.055,0.049,0.0,0.0,0.0,0.0,normal
2.349,tcp,http,SF,229,1052,0,0,0,0,0,1,0,0,0,0,0,0,0,0,0,0,2,4,0.0,0.0,0.0,0.0,0.882,0.127,0.029,73,130,0.985,0.139,0.065,0.05,0.0,0.0,0.0,0.0,normal
0.023,udp,dns,SF,49,162,0,0,0,0,0,0,0,0,0,0,0,0,0,0,0,0,2,3,0.28,0.0,0.0,0.0,0.852,0.13,0.066,24,140,0.889,0.087,0.047,0.067,0.0,0.0,0.0,0.0,normal
1.925,tcp,http,SF,474,2476,0,0,0,0,0,1,0,0,0,0,0,0,0,0,0,0,5,5,0.014,0.103,0.0,0.0,0.955,0.07,0.049,184,233,0.925,0.179,0.027,0.072,0.0,0.0,0.0,0.0,normal
0.819,tcp,other,SF,236,89,0,0,0,0,0,0,0,0,0,0,0,0,0,0,0,0,4,3,0.0,0.029,0.0,0.0,0.886,0.084,0.058,113,221,0.811,0.186,0.101,0.086,0.0,0.0,0.0,0.0,normal
3.417,tcp,smtp,SF,853,1544,0,0,0,0,0,1,0,0,0,0,0,0,0,0,0,0,2,4,0.02,0.079,0.0,0.0,0.86,0.081,0.087,123,47,0.831,0.162,0.145,0.008,0.0,0.0,0.0,0.0,normal
0.23,tcp,http,SF,350,2728,0,0,0,0,0,1,0,0,0,0,0,0,0,0,0,0,2,4,0.0,0.053,0.0,0.0,0.914,0.011,0.096,100,193,0.864,0.054,0.133,0.078,0.0,0.0,0.0,0.0,normal
0.95,tcp,http,SF,243,1316,0,0,0,0,0,1,0,0,0,0,0,0,0,0,0,0,3,1,0.0,0.0,0.0,0.0,0.877,0.039,0.036,84,40,0.838,0.082,0.084,0.057,0.0,0.0,0.0,0.0,normal
0.005,tcp,other,REJ,128,310,0,0,0,0,0,0,0,0,0,0,0,0,0,0,0,0,3,3,0.0,0.0,0.0,0.0,0.85,0.149,0.062,98,164,0.987,0.047,0.106,0.046,0.0,0.0,0.0,0.0,normal
3.116,tcp,http,SF,247,1537,0,0,0,0,0,1,0,0,0,0,0,0,0,0,0,0,3,2,0.0,0.0,0.0,0.0,0.956,0.059,0.051,97,147,0.944,0.162,0.015,0.009,0.0,0.0,0.0,0.0,normal
0.485,tcp,smtp,SF,898,1191,0,0,0,0,0,1,0,0,0,0,0,0,0,0,0,0,4,6,0.0,0.002,0.0,0.0,0.908,0.081,0.036,85,189,0.856,0.121,0.037,0.044,0.0,0.0,0.0,0.0,normal
2.02,tcp,http,SF,342,9107,0,0,0,0,0,1,0,0,0,0,0,0,0,0,0,0,6,3,0.0,0.0,0.0,0.0,0.941,0.097,0.061,217,109,0.814,0.113,0.124,0.091,0.0,0.0,0.0,0.0,normal
0.037,tcp,http,SF,231,2262,0,0,0,0,0,1,0,0,0,0,0,0,0,0,0,0,3,2,0.0,0.0,0.0,0.0,0.862,0.114,0.042,201,253,0.814,0.089,0.146,0.043,0.0,0.0,0.0,0.0,normal
1.795,tcp,http,SF,349,2421,0,0,0,0,0,1,0,0,0,0,0,0,0,0,0,0,4,3,0.0,0.009,0.0,0.0,0.901,0.006,0.022,80,47,0.834,0.032,0.051,0.065,0.0,0.0,0.0,0.0,normal
0.047,udp,dns,SF,69,154,0,0,0,0,0,0,0,0,0,0,0,0,0,0,0,0,1,7,0.0,0.0,0.0,0.0,0.943,0.135,0.02,229,61,0.949,0.128,0.133,0.015,0.0,0.0,0.0,0.0,normal
5.894,tcp,smtp,SF,888,1010,0,0,0,0,0,1,0,0,0,0,0,0,0,0,0,0,6,5,0.002,0.005,0.0,0.0,0.93,0.047,0.002,254,133,0.802,0.142,0.032,0.032,0.0,0.0,0.0,0.0,normal
0.7,tcp,http,SF,180,76,0,0,0,0,0,1,0,0,0,0,0,0,0,0,0,0,5,2,0.0,0.01,0.0,0.0,0.872,0.002,0.074,85,94,0.905,0.133,0.149,0.076,0.0,0.0,0.0,0.0,normal
0.165,tcp,http,SF,431,7208,0,0,0,0,0,1,0,0,0,0,0,0,0,0,0,0,5,2,0.0,0.004,0.0,0.0,0.854,0.103,0.051,254,159,0.911,0.144,0.071,0.007,0.0,0.0,0.0,0.0,normal
0.257,tcp,http,SF,312,5511,0,0,0,0,0,1,0,0,0,0,0,0,0,0,0,0,2,3,0.0,0.0,0.0,0.0,0.886,0.143,0.092,221,70,0.89,0.121,0.028,0.063,0.0,0.0,0.0,0.0,normal
5.529,tcp,smtp,SF,929,1253,0,0,0,0,0,1,0,0,0,0,0,0,0,0,0,0,4,3,0.0,0.041,0.0,0.0,0.981,0.119,0.095,245,69,0.989,0.132,0.11,0.019,0.0,0.0,0.0,0.0,normal
0.926,tcp,http,SF,774,1216,0,0,0,0,0,1,0,0,0,0,0,0,0,0,0,0,3,1,0.0,0.0,0.0,0.0,0.982,0.035,0.044,136,219,0.943,0.144,0.12,0.097,0.0,0.0,0.0,0.0,normal
7.268,tcp,ssh,SF,5464,4503,0,0,0,0,0,1,0,0,0,0,0,0,0,0,0,0,5,2,0.036,0.002,0.0,0.0,0.92,0.011,0.024,41,30,0.841,0.177,0.044,0.061,0.0,0.0,0.0,0.0,normal
1.065,tcp,http,SF,202,4505,0,0,0,0,0,1,0,0,0,0,0,0,0,0,0,0,3,5,0.0,0.0,0.0,0.0,0.888,0.079,0.057,195,212,0.887,0.156,0.012,0.054,0.0,0.0,0.0,0.0,normal
0.037,udp,dns,SF,52,113,0,0,0,0,0,0,0,0,0,0,0,0,0,0,0,0,7,2,0.032,0.0,0.0,0.0,0.93,0.087,0.05,83,12,0.853,0.184,0.063,0.032,0.0,0.0,0.0,0.0,normal
0.122,tcp,http,SF,284,4299,0,0,0,0,0,1,0,0,0,0,0,0,0,0,0,0,2,2,0.0,0.0,0.0,0.0,0.936,0.029,0.02,27,44,0.859,0.129,0.077,0.029,0.0,0.0,0.0,0.0,normal
0.092,udp,dns,SF,65,127,0,0,0,0,0,0,0,0,0,0,0,0,0,0,0,0,3,8,0.0,0.007,0.0,0.0,0.865,0.13,0.02,18,165,0.859,0.046,0.067,0.073,0.0,0.0,0.0,0.0,normal
2.613,tcp,http,SF,134,3457,0,0,0,0,0,1,0,0,0,0,0,0,0,0,0,0,3,2,0.104,0.0,0.0,0.0,0.901,0.026,0.041,169,98,0.998,0.019,0.087,0.099,0.0,0.0,0.0,0.0,normal
9.164,tcp,http,SF,218,876,0,0,0,0,0,1,0,0,0,0,0,0,0,0,0,0,3,1,0.0,0.0,0.0,0.0,0.998,0.001,0.0,43,35,0.983,0.174,0.003,0.007,0.0,0.0,0.0,0.0,normal
0.115,tcp,http,SF,383,3,0,0,0,0,0,1,0,0,0,0,0,0,0,0,0,0,4,2,0.053,0.0,0.0,0.0,0.865,0.123,0.069,217,198,0.846,0.064,0.049,0.016,0.0,0.0,0.0,0.0,normal
4.01,tcp,http,SF,649,5730,0,0,0,0,0,1,0,0,0,0,0,0,0,0,0,0,7,5,0.029,0.001,0.0,0.0,1.0,0.105,0.013,244,40,0.827,0.176,0.022,0.045,0.0,0.0,0.0,0.0,normal
91.056,tcp,ssh,SF,3094,5006,0,0,0,0,0,1,0,0,0,0,0,0,0,0,0,0,1,2,0.002,0.0,0.0,0.0,0.964,0.03,0.061,52,111,0.996,0.015,0.059,0.041,0.0,0.0,0.0,0.0,normal
1.947,tcp,http,SF,366,670,0,0,0,0,0,1,0,0,0,0,0,0,0,0,0,0,3,9,0.0,0.035,0.0,0.0,0.976,0.149,0.081,157,224,0.965,0.09,0.053,0.057,0.0,0.0,0.0,0.0,normal
1.169,tcp,http,SF,461,1085,0,0,0,0,0,1,0,0,0,0,0,0,0,0,0,0,3,3,0.02,0.0,0.0,0.0,0.901,0.111,0.021,200,193,0.91,0.119,0.107,0.079,0.0,0.0,0.0,0.0,normal
0.035,udp,dns,SF,55,122,0,0,0,0,0,0,0,0,0,0,0,0,0,0,0,0,3,5,0.0,0.0,0.0,0.0,0.978,0.117,0.018,129,95,0.918,0.027,0.059,0.021,0.0,0.0,0.0,0.0,normal
0.063,udp,dns,SF,73,125,0,0,0,0,0,0,0,0,0,0,0,0,0,0,0,0,4,3,0.007,0.032,0.0,0.0,0.959,0.148,0.076,215,131,0.954,0.145,0.107,0.095,0.0,0.0,0.0,0.0,normal
21.468,tcp,smtp,SF,832,1799,0,0,0,0,0,1,0,0,0,0,0,0,0,0,0,0,1,2,0.004,0.0,0.0,0.0,0.933,0.139,0.087,168,58,0.805,0.172,0.086,0.078,0.0,0.0,0.0,0.0,normal
11.01,tcp,smtp,SF,596,843,0,0,0,0,0,1,0,0,0,0,0,0,0,0,0,0,2,4,0.006,0.0,0.0,0.0,0.993,0.038,0.018,99,179,0.876,0.16,0.136,0.057,0.0,0.0,0.0,0.0,normal
12.583,tcp,smtp,SF,631,979,0,0,0,0,0,1,0,0,0,0,0,0,0,0,0,0,10,5,0.003,0.0,0.0,0.0,0.918,0.037,0.041,14,231,0.969,0.02,0.027,0.004,0.0,0.0,0.0,0.0,normal
0.283,tcp,http,SF,222,5400,0,0,0,0,0,1,0,0,0,0,0,0,0,0,0,0,2,2,0.0,0.002,0.0,0.0,0.923,0.056,0.024,212,196,0.847,0.144,0.019,0.05,0.0,0.0,0.0,0.0,normal
0.016,udp,dns,SF,79,113,0,0,0,0,0,0,0,0,0,0,0,0,0,0,0,0,2,4,0.06,0.0,0.0,0.0,0.96,0.099,0.024,13,27,0.968,0.048,0.04,0.026,0.0,0.0,0.0,0.0,normal
0.073,tcp,http,SF,212,209,0,0,0,0,0,1,0,0,0,0,0,0,0,0,0,0,5,2,0.0,0.0,0.0,0.0,0.95,0.082,0.078,13,15,0.931,0.131,0.069,0.084,0.0,0.0,0.0,0.0,normal
0.522,tcp,http,SF,351,641,0,0,0,0,0,1,0,0,0,0,0,0,0,0,0,0,1,2,0.0,0.0,0.0,0.0,0.958,0.06,0.01,12,197,0.957,0.065,0.003,0.092,0.0,0.0,0.0,0.0,normal
0.126,tcp,http,SF,347,4132,0,0,0,0,0,1,0,0,0,0,0,0,0,0,0,0,5,2,0.006,0.005,0.0,0.0,0.915,0.083,0.001,158,200,0.966,0.012,0.136,0.041,0.0,0.0,0.0,0.0,normal
0.414,tcp,http,SF,443,3627,0,0,0,0,0,1,0,0,0,0,0,0,0,0,0,0,4,2,0.0,0.0,0.0,0.0,0.944,0.078,0.034,80,227,0.849,0.018,0.016,0.079,0.0,0.0,0.0,0.0,normal
0.073,udp,dns,SF,72,98,0,0,0,0,0,0,0,0,0,0,0,0,0,0,0,0,4,2,0.0,0.0,0.0,0.0,0.933,0.105,0.071,26,180,0.815,0.181,0.122,0.088,0.0,0.0,0.0,0.0,normal
0.026,udp,dns,SF,75,113,0,0,0,0,0,0,0,0,0,0,0,0,0,0,0,0,3,5,0.001,0.002,0.0,0.0,0.962,0.148,0.044,153,195,0.844,0.192,0.128,0.01,0.0,0.0,0.0,0.0,normal
1.693,tcp,http,SF,501,768,0,0,0,0,0,1,0,0,0,0,0,0,0,0,0,0,6,2,0.003,0.0,0.0,0.0,0.893,0.146,0.077,151,143,0.874,0.014,0.141,0.064,0.0,0.0,0.0,0.0,normal
4.231,tcp,http,SF,300,10968,0,0,0,0,0,1,0,0,0,0,0,0,0,0,0,0,6,4,0.0,0.0,0.0,0.0,0.926,0.019,0.093,179,58,0.851,0.085,0.021,0.096,0.0,0.0,0.0,0.0,normal
3.54,tcp,smtp,SF,707,1690,0,0,0,0,0,1,0,0,0,0,0,0,0,0,0,0,1,5,0.0,0.115,0.0,0.0,0.912,0.101,0.095,245,15,0.834,0.159,0.102,0.045,0.0,0.0,0.0,0.0,normal
0.109,udp,dns,SF,58,156,0,0,0,0,0,0,0,0,0,0,0,0,0,0,0,0,4,1,0.0,0.0,0.0,0.0,0.936,0.003,0.081,65,97,0.999,0.171,0.003,0.084,0.0,0.0,0.0,0.0,normal
1.251,tcp,http,SF,330,603,0,0,0,0,0,1,0,0,0,0,0,0,0,0,0,0,6,5,0.007,0.026,0.0,0.0,0.981,0.114,0.047,129,110,0.824,0.064,0.035,0.019,0.0,0.0,0.0,0.0,normal
0.558,tcp,http,SF,293,235,0,0,0,0,0,1,0,0,0,0,0,0,0,0,0,0,3,3,0.0,0.0,0.0,0.0,0.97,0.146,0.051,57,152,0.863,0.102,0.109,0.004,0.0,0.0,0.0,0.0,normal
2.768,tcp,http,SF,634,3531,0,0,0,0,0,1,0,0,0,0,0,0,0,0,0,0,5,1,0.0,0.025,0.0,0.0,0.926,0.065,0.058,170,231,0.983,0.021,0.107,0.013,0.0,0.0,0.0,0.0,normal
1.165,tcp,http,SF,314,4516,0,0,0,0,0,1,0,0,0,0,0,0,0,0,0,0,5,2,0.0,0.0,0.0,0.0,0.955,0.046,0.014,146,20,0.86,0.143,0.07,0.099,0.0,0.0,0.0,0.0,normal
1.344,tcp,http,SF,362,13927,0,0,0,0,0,1,0,0,0,0,0,0,0,0,0,0,1,2,0.0,0.004,0.0,0.0,0.933,0.096,0.056,22,151,0.812,0.091,0.087,0.011,0.0,0.0,0.0,0.0,normal
0.033,udp,dns,SF,87,113,0,0,0,0,0,0,0,0,0,0,0,0,0,0,0,0,4,2,0.0,0.0,0.0,0.0,0.981,0.108,0.036,193,104,0.827,0.094,0.14,0.064,0.0,0.0,0.0,0.0,normal
2.146,tcp,http,SF,285,224,0,0,0,0,0,1,0,0,0,0,0,0,0,0,0,0,6,3,0.007,0.0,0.0,0.0,0.947,0.037,0.09,20,224,0.942,0.153,0.016,0.076,0.0,0.0,0.0,0.0,normal
1.553,tcp,smtp,SF,601,1365,0,0,0,0,0,1,0,0,0,0,0,0,0,0,0,0,5,4,0.051,0.0,0.0,0.0,0.872,0.095,0.015,40,74,0.918,0.138,0.035,0.031,0.0,0.0,0.0,0.0,normal
13.011,tcp,smtp,SF,1117,1031,0,0,0,0,0,1,0,0,0,0,0,0,0,0,0,0,4,1,0.004,0.0,0.0,0.0,0.875,0.116,0.065,96,106,0.941,0.069,0.086,0.045,0.0,0.0,0.0,0.0,normal
0.019,udp,dns,SF,78,156,0,0,0,0,0,0,0,0,0,0,0,0,0,0,0,0,4,5,0.014,0.001,0.0,0.0,0.958,0.051,0.053,40,129,0.814,0.079,0.037,0.06,0.0,0.0,0.0,0.0,normal
92.578,tcp,ssh,SF,2144,3209,0,0,0,0,0,1,0,0,0,0,0,0,0,0,0,0,1,4,0.0,0.0,0.0,0.0,0.89,0.121,0.004,163,194,0.969,0.061,0.106,0.096,0.0,0.0,0.0,0.0,normal
2.372,tcp,http,SF,272,731,0,0,0,0,0,1,0,0,0,0,0,0,0,0,0,0,2,5,0.012,0.0,0.0,0.0,0.943,0.086,0.093,191,29,0.896,0.179,0.079,0.096,0.0,0.0,0.0,0.0,normal
0.673,tcp,http,SF,217,1933,0,0,0,0,0,1,0,0,0,0,0,0,0,0,0,0,3,2,0.001,0.0,0.0,0.0,0.943,0.088,0.072,80,61,0.978,0.118,0.08,0.064,0.0,0.0,0.0,0.0,normal
0.008,udp,dns,SF,62,196,0,0,0,0,0,0,0,0,0,0,0,0,0,0,0,0,5,1,0.01,0.0,0.0,0.0,0.857,0.021,0.037,17,149,0.897,0.195,0.12,0.005,0.0,0.0,0.0,0.0,normal
0.006,udp,dns,SF,72,154,0,0,0,1,0,0,0,0,0,0,0,0,0,0,0,0,3,3,0.015,0.049,0.0,0.0,0.897,0.139,0.025,203,166,0.856,0.121,0.114,0.045,0.0,0.0,0.0,0.0,normal
1.263,tcp,http,SF,224,2408,0,0,0,0,0,1,0,0,0,0,0,0,0,0,0,0,5,3,0.0,0.0,0.0,0.0,0.877,0.09,0.078,89,46,0.841,0.044,0.1,0.09,0.0,0.0,0.0,0.0,normal
0.01,udp,dns,SF,34,150,0,0,0,0,0,0,0,0,0,0,0,0,0,0,0,0,3,2,0.003,0.062,0.0,0.0,0.858,0.117,0.099,152,135,0.818,0.128,0.114,0.083,0.0,0.0,0.0,0.0,normal
0.02,udp,dns,SF,91,144,0,0,0,0,0,0,0,0,0,0,0,0,0,0,0,0,5,1,0.0,0.006,0.0,0.0,0.881,0.088,0.077,35,62,0.96,0.008,0.097,0.085,0.0,0.0,0.0,0.0,normal
2.399,tcp,http,SF,404,1097,0,0,0,0,0,1,0,0,0,0,0,0,0,0,0,0,4,3,0.0,0.008,0.0,0.0,0.874,0.016,0.018,188,46,0.898,0.042,0.038,0.022,0.0,0.0,0.0,0.0,normal
1.054,tcp,http,SF,257,2911,0,0,0,0,0,1,0,0,0,0,0,0,0,0,0,0,4,2,0.0,0.0,0.0,0.0,0.897,0.062,0.093,120,148,0.802,0.143,0.07,0.076,0.0,0.0,0.0,0.0,normal
116.655,tcp,ssh,SF,1422,2607,0,0,0,0,0,1,0,0,0,0,0,0,0,0,0,0,3,3,0.004,0.082,0.0,0.0,0.852,0.129,0.069,193,105,0.972,0.147,0.119,0.029,0.0,0.0,0.0,0.0,normal
1.517,tcp,http,SF,190,2253,0,0,0,0,0,1,0,0,0,0,0,0,0,0,0,0,5,2,0.0,0.0,0.0,0.0,0.895,0.032,0.008,87,226,0.814,0.047,0.026,0.085,0.0,0.0,0.0,0.0,normal
3.646,tcp,http,SF,445,10161,0,0,0,0,0,1,0,0,0,0,0,0,0,0,0,0,2,2,0.0,0.011,0.0,0.0,0.933,0.002,0.005,59,63,0.958,0.12,0.09,0.099,0.0,0.0,0.0,0.0,normal
2.484,tcp,http,SF,299,1937,0,0,0,0,0,1,0,0,0,0,0,0,0,0,0,0,1,1,0.0,0.0,0.0,0.0,0.893,0.009,0.024,42,195,0.884,0.129,0.127,0.084,0.0,0.0,0.0,0.0,normal
3.046,tcp,http,SF,313,13417,0,0,0,0,0,1,0,0,0,0,0,0,0,0,0,0,5,1,0.008,0.031,0.0,0.0,0.866,0.113,0.031,90,189,0.82,0.003,0.062,0.039,0.0,0.0,0.0,0.0,normal
6.538,tcp,http,SF,280,3585,0,0,0,0,0,1,0,0,0,0,0,0,0,0,0,0,6,2,0.0,0.0,0.0,0.0,0.888,0.129,0.036,43,188,0.877,0.116,0.095,0.023,0.0,0.0,0.0,0.0,normal
0.071,udp,dns,SF,66,105,0,0,0,0,0,0,0,0,0,0,0,0,0,0,0,0,4,5,0.0,0.0,0.0,0.0,0.902,0.061,0.042,97,144,0.822,0.162,0.082,0.054,0.0,0.0,0.0,0.0,normal
2.095,tcp,http,SF,322,3001,0,0,0,0,0,1,0,0,0,0,0,0,0,0,0,0,7,2,0.0,0.0,0.0,0.0,0.972,0.146,0.013,172,92,0.991,0.166,0.122,0.057,0.0,0.0,0.0,0.0,normal
0.059,udp,dns,SF,77,116,0,0,0,1,0,0,0,0,0,0,0,0,0,0,0,0,7,2,0.043,0.0,0.0,0.0,0.998,0.031,0.001,194,90,0.983,0.173,0.066,0.082,0.0,0.0,0.0,0.0,normal
0.111,tcp,http,SF,190,6028,0,0,0,0,0,1,0,0,0,0,0,0,0,0,0,0,1,3,0.12,0.0,0.0,0.0,0.929,0.001,0.07,225,113,0.879,0.012,0.101,0.065,0.0,0.0,0.0,0.0,normal
0.185,udp,dns,SF,51,184,0,0,0,0,0,0,0,0,0,0,0,0,0,0,0,0,2,1,0.071,0.001,0.0,0.0,0.874,0.074,0.031,226,243,0.806,0.006,0.094,0.009,0.0,0.0,0.0,0.0,normal
6.279,tcp,http,SF,175,549,0,0,0,0,0,1,0,0,0,0,0,0,0,0,0,0,4,3,0.0,0.0,0.0,0.0,0.902,0.056,0.049,80,185,0.849,0.066,0.065,0.039,0.0,0.0,0.0,0.0,normal
2.167,tcp,http,SF,380,705,0,0,0,0,0,1,0,0,0,0,0,0,0,0,0,0,2,2,0.0,0.0,0.0,0.0,0.948,0.027,0.046,59,215,0.959,0.111,0.115,0.007,0.0,0.0,0.0,0.0,normal
2.059,tcp,http,SF,383,5769,0,0,0,0,0,1,0,0,0,0,0,0,0,0,0,0,3,2,0.0,0.003,0.0,0.0,0.968,0.007,0.037,238,38,0.96,0.194,0.135,0.092,0.0,0.0,0.0,0.0,normal
2.989,tcp,smtp,SF,920,1288,0,0,0,0,0,1,0,0,0,0,0,0,0,0,0,0,1,5,0.0,0.0,0.0,0.0,0.89,0.003,0.036,24,204,0.906,0.024,0.056,0.035,0.0,0.0,0.0,0.0,normal
0.551,tcp,http,SF,580,1253,0,0,0,0,0,1,0,0,0,0,0,0,0,0,0,0,2,6,0.001,0.0,0.0,0.0,0.945,0.141,0.052,99,246,0.923,0.119,0.028,0.015,0.0,0.0,0.0,0.0,normal
4.548,tcp,http,SF,251,15008,0,0,0,0,0,1,0,0,0,0,0,0,0,0,0,0,3,2,0.013,0.0,0.0,0.0,0.936,0.11,0.047,240,231,0.822,0.16,0.072,0.045,0.0,0.0,0.0,0.0,normal
0.884,tcp,http,SF,231,2710,0,0,0,0,0,1,0,0,0,0,0,0,0,0,0,0,5,7,0.0,0.0,0.0,0.0,0.86,0.135,0.011,78,146,0.974,0.124,0.026,0.1,0.0,0.0,0.0,0.0,normal
6.284,tcp,http,SF,378,1952,0,0,0,0,0,1,0,0,0,0,0,0,0,0,0,0,4,1,0.0,0.256,0.0,0.0,0.887,0.027,0.012,56,101,0.853,0.169,0.138,0.06,0.0,0.0,0.0,0.0,normal
0.445,tcp,http,SF,270,502,0,0,0,0,0,1,0,0,0,0,0,0,0,0,0,0,2,5,0.0,0.0,0.0,0.0,0.905,0.139,0.08,96,132,0.942,0.062,0.074,0.057,0.0,0.0,0.0,0.0,normal
0.477,tcp,http,SF,214,6061,0,0,0,0,0,1,0,0,0,0,0,0,0,0,0,0,3,2,0.001,0.0,0.0,0.0,0.979,0.05,0.003,82,227,0.985,0.109,0.053,0.081,0.0,0.0,0.0,0.0,normal
0.132,tcp,http,SF,200,668,0,0,0,0,0,1,0,0,0,0,0,0,0,0,0,0,7,3,0.0,0.001,0.0,0.0,0.884,0.111,0.041,51,34,0.979,0.087,0.052,0.079,0.0,0.0,0.0,0.0,normal
0.057,tcp,http,SF,563,94,0,0,0,0,0,1,0,0,0,0,0,0,0,0,0,0,6,5,0.001,0.0,0.0,0.0,0.916,0.059,0.069,138,161,0.999,0.062,0.14,0.05,0.0,0.0,0.0,0.0,normal
0.124,tcp,http,SF,564,834,0,0,0,0,0,1,0,0,0,0,0,0,0,0,0,0,3,3,0.0,0.0,0.0,0.0,0.978,0.057,0.085,136,238,0.86,0.124,0.031,0.066,0.0,0.0,0.0,0.0,normal
91.724,tcp,ssh,SF,2133,2036,0,0,0,0,0,1,0,0,0,0,0,0,0,0,0,0,7,2,0.043,0.001,0.0,0.0,0.961,0.106,0.015,124,57,0.948,0.033,0.083,0.051,0.0,0.0,0.0,0.0,normal
0.059,udp,dns,SF,72,198,0,0,0,0,0,0,0,0,0,0,0,0,0,0,0,0,2,1,0.0,0.0,0.0,0.0,0.98,0.022,0.021,56,43,0.957,0.029,0.015,0.051,0.0,0.0,0.0,0.0,normal
7.795,tcp,http,SF,452,13900,0,0,0,0,0,1,0,0,0,0,0,0,0,0,0,0,1,3,0.0,0.0,0.0,0.0,0.959,0.113,0.022,225,243,0.99,0.083,0.069,0.033,0.0,0.0,0.0,0.0,normal
1.284,tcp,http,SF,456,5494,0,0,0,0,0,1,0,0,0,0,0,0,0,0,0,0,6,1,0.023,0.0,0.0,0.0,0.968,0.085,0.015,202,64,0.865,0.046,0.135,0.02,0.0,0.0,0.0,0.0,normal
0.248,tcp,http,SF,206,238,0,0,0,0,0,1,0,0,0,0,0,0,0,0,0,0,3,2,0.011,0.218,0.0,0.0,0.904,0.06,0.044,57,204,0.817,0.058,0.117,0.007,0.0,0.0,0.0,0.0,normal
24.436,tcp,ssh,SF,3249,2368,0,0,0,0,0,1,0,0,0,0,0,0,0,0,0,0,3,1,0.0,0.006,0.0,0.0,0.999,0.104,0.02,154,34,0.857,0.147,0.15,0.027,0.0,0.0,0.0,0.0,normal
2.231,tcp,http,SF,508,9671,0,0,0,0,0,1,0,0,0,0,0,0,0,0,0,0,6,2,0.01,0.005,0.0,0.0,0.888,0.065,0.088,228,88,0.883,0.006,0.011,0.066,0.0,0.0,0.0,0.0,normal
0.359,tcp,http,SF,371,678,0,0,0,0,0,1,0,0,0,0,0,0,0,0,0,0,2,3,0.0,0.021,0.0,0.0,0.963,0.051,0.022,76,231,0.83,0.006,0.126,0.082,0.0,0.0,0.0,0.0,normal
5.224,tcp,http,SF,533,13892,0,0,0,0,0,1,0,0,0,0,0,0,0,0,0,0,7,1,0.0,0.001,0.0,0.0,0.928,0.089,0.036,14,168,0.88,0.039,0.127,0.021,0.0,0.0,0.0,0.0,normal
16.832,tcp,smtp,SF,592,1174,0,0,0,0,0,1,0,0,0,0,0,0,0,0,0,0,3,2,0.0,0.0,0.0,0.0,0.917,0.086,0.038,72,35,0.884,0.09,0.143,0.089,0.0,0.0,0.0,0.0,normal
0.007,tcp,http,SF,293,5297,0,0,0,0,0,1,0,0,0,0,0,0,0,0,0,0,5,2,0.0,0.0,0.0,0.0,0.976,0.053,0.081,76,49,0.872,0.117,0.076,0.036,0.0,0.0,0.0,0.0,normal
4.514,tcp,smtp,SF,808,1969,0,0,0,0,0,1,0,0,0,0,0,0,0,0,0,0,3,3,0.0,0.0,0.0,0.0,0.984,0.095,0.01,36,204,0.918,0.131,0.104,0.046,0.0,0.0,0.0,0.0,normal
2.018,tcp,http,SF,435,10587,0,0,0,0,0,1,0,0,0,0,0,0,0,0,0,0,4,5,0.0,0.004,0.0,0.0,0.895,0.044,0.068,122,176,0.92,0.19,0.046,0.061,0.0,0.0,0.0,0.0,normal
2.176,tcp,http,SF,239,734,0,0,0,0,0,1,0,0,0,0,0,0,0,0,0,0,5,1,0.064,0.001,0.0,0.0,0.966,0.108,0.011,160,91,0.951,0.179,0.025,0.0,0.0,0.0,0.0,0.0,normal
2.885,tcp,http,SF,450,1591,0,0,0,1,0,1,0,0,0,0,0,0,0,0,0,0,5,1,0.0,0.074,0.0,0.0,0.905,0.142,0.03,144,84,0.859,0.165,0.088,0.042,0.0,0.0,0.0,0.0,normal
0.892,tcp,smtp,SF,711,631,0,0,0,0,0,1,0,0,0,0,0,0,0,0,0,0,2,1,0.0,0.007,0.0,0.0,0.874,0.011,0.025,196,133,0.856,0.152,0.099,0.043,0.0,0.0,0.0,0.0,normal
0.078,udp,dns,SF,47,172,0,0,0,0,0,0,0,0,0,0,0,0,0,0,0,0,4,6,0.0,0.0,0.0,0.0,0.881,0.141,0.061,80,155,0.87,0.114,0.039,0.003,0.0,0.0,0.0,0.0,normal
0.91,tcp,http,SF,447,554,0,0,0,0,0,1,0,0,0,0,0,0,0,0,0,0,3,4,0.0,0.0,0.0,0.0,0.899,0.135,0.002,237,196,0.906,0.179,0.131,0.032,0.0,0.0,0.0,0.0,normal
0.161,tcp,http,SF,173,788,0,0,0,0,0,1,0,0,0,0,0,0,0,0,0,0,6,2,0.0,0.001,0.0,0.0,0.933,0.127,0.029,168,191,0.975,0.138,0.017,0.042,0.0,0.0,0.0,0.0,normal
4.046,tcp,http,SF,693,9384,0,0,0,0,0,1,0,0,0,0,0,0,0,0,0,0,4,2,0.005,0.0,0.0,0.0,0.899,0.121,0.08,245,152,0.93,0.114,0.016,0.044,0.0,0.0,0.0,0.0,normal
0.352,tcp,http,SF,247,3537,0,0,0,0,0,1,0,0,0,0,0,0,0,0,0,0,6,5,0.057,0.001,0.0,0.0,0.874,0.11,0.082,167,54,0.982,0.041,0.016,0.088,0.0,0.0,0.0,0.0,normal
0.07,udp,dns,SF,71,108,0,0,0,0,0,0,0,0,0,0,0,0,0,0,0,0,2,1,0.0,0.0,0.0,0.0,0.954,0.118,0.062,102,108,0.83,0.04,0.088,0.049,0.0,0.0,0.0,0.0,normal
1.916,tcp,http,SF,302,9423,0,0,0,0,0,1,0,0,0,0,0,0,0,0,0,0,1,2,0.0,0.0,0.0,0.0,0.966,0.004,0.022,152,254,0.954,0.083,0.089,0.077,0.0,0.0,0.0,0.0,normal
1.996,tcp,smtp,SF,936,864,0,0,0,0,0,1,0,0,0,0,0,0,0,0,0,0,4,2,0.0,0.064,0.0,0.0,0.993,0.128,0.037,118,132,0.891,0.061,0.072,0.009,0.0,0.0,0.0,0.0,normal
10.162,tcp,ssh,SF,3379,3919,0,0,0,0,0,1,0,0,0,0,0,0,0,0,0,0,4,1,0.016,0.0,0.0,0.0,0.904,0.094,0.018,80,10,0.871,0.184,0.098,0.089,0.0,0.0,0.0,0.0,normal
0.06,udp,dns,SF,75,168,0,0,0,0,0,0,0,0,0,0,0,0,0,0,0,0,9,6,0.038,0.028,0.0,0.0,0.965,0.106,0.062,239,119,0.813,0.114,0.08,0.072,0.0,0.0,0.0,0.0,normal
0.038,tcp,http,SF,368,2140,0,0,0,0,0,1,0,0,0,0,0,0,0,0,0,0,2,5,0.0,0.004,0.0,0.0,0.914,0.069,0.026,175,61,0.821,0.088,0.089,0.088,0.0,0.0,0.0,0.0,normal
0.097,tcp,http,SF,250,1579,0,0,0,0,0,1,0,0,0,0,0,0,0,0,0,0,2,3,0.0,0.0,0.0,0.0,0.935,0.126,0.048,206,13,0.981,0.15,0.145,0.081,0.0,0.0,0.0,0.0,normal
5.25,tcp,http,SF,383,2841,0,0,0,1,0,1,0,0,0,0,0,0,0,0,0,0,5,1,0.04,0.0,0.0,0.0,0.951,0.04,0.041,242,254,0.872,0.101,0.077,0.02,0.0,0.0,0.0,0.0,normal
3.14,tcp,smtp,SF,585,979,0,0,0,0,0,1,0,0,0,0,0,0,0,0,0,0,5,3,0.0,0.0,0.0,0.0,0.893,0.034,0.087,205,206,0.91,0.026,0.111,0.085,0.0,0.0,0.0,0.0,normal
1.462,tcp,http,SF,242,616,0,0,0,0,0,1,0,0,0,0,0,0,0,0,0,0,3,3,0.007,0.001,0.0,0.0,0.958,0.089,0.085,209,235,0.972,0.184,0.01,0.021,0.0,0.0,0.0,0.0,normal
0.05,udp,dns,SF,52,157,0,0,0,0,0,0,0,0,0,0,0,0,0,0,0,0,4,2,0.0,0.001,0.0,0.0,0.912,0.076,0.004,162,236,0.8,0.01,0.1,0.079,0.0,0.0,0.0,0.0,normal
26.076,tcp,ssh,SF,1891,6609,0,0,0,0,0,1,0,0,0,0,0,0,0,0,0,0,4,3,0.0,0.0,0.0,0.0,0.878,0.06,0.004,143,146,0.916,0.169,0.025,0.061,0.0,0.0,0.0,0.0,normal
0.164,udp,dns,SF,71,174,0,0,0,0,0,0,0,0,0,0,0,0,0,0,0,0,3,4,0.006,0.0,0.0,0.0,0.952,0.145,0.033,73,233,0.818,0.175,0.008,0.018,0.0,0.0,0.0,0.0,normal
0.043,udp,dns,SF,50,62,0,0,0,0,0,0,0,0,0,0,0,0,0,0,0,0,5,2,0.009,0.013,0.0,0.0,0.892,0.074,0.094,200,176,0.985,0.148,0.113,0.086,0.0,0.0,0.0,0.0,normal
0.413,tcp,http,SF,399,3823,0,0,0,0,0,1,0,0,0,0,0,0,0,0,0,0,4,1,0.0,0.0,0.0,0.0,0.886,0.13,0.086,144,90,0.815,0.137,0.104,0.092,0.0,0.0,0.0,0.0,normal
4.122,tcp,smtp,SF,779,1158,0,0,0,0,0,1,0,0,0,0,0,0,0,0,0,0,6,4,0.0,0.0,0.0,0.0,0.974,0.059,0.012,18,79,0.828,0.065,0.128,0.053,0.0,0.0,0.0,0.0,normal
3.357,tcp,smtp,SF,753,905,0,0,0,0,0,1,0,0,0,0,0,0,0,0,0,0,4,6,0.0,0.001,0.0,0.0,0.975,0.06,0.01,37,199,0.933,0.124,0.046,0.004,0.0,0.0,0.0,0.0,normal
6.175,tcp,http,SF,290,362,0,0,0,0,0,1,0,0,0,0,0,0,0,0,0,0,4,2,0.0,0.0,0.0,0.0,0.875,0.148,0.047,232,131,0.911,0.058,0.068,0.004,0.0,0.0,0.0,0.0,normal
4.09,tcp,http,SF,417,4722,0,0,0,0,0,1,0,0,0,0,0,0,0,0,0,0,4,5,0.0,0.004,0.0,0.0,0.852,0.061,0.093,96,102,0.921,0.166,0.03,0.02,0.0,0.0,0.0,0.0,normal
7.166,tcp,http,SF,226,4418,0,0,0,0,0,1,0,0,0,0,0,0,0,0,0,0,5,1,0.0,0.001,0.0,0.0,0.958,0.084,0.061,206,55,0.851,0.108,0.043,0.022,0.0,0.0,0.0,0.0,normal
0.604,tcp,http,SF,425,1112,0,0,0,0,0,1,0,0,0,0,0,0,0,0,0,0,7,5,0.001,0.0,0.0,0.0,0.989,0.132,0.063,61,251,0.803,0.07,0.037,0.014,0.0,0.0,0.0,0.0,normal
0.074,udp,dns,SF,63,150,0,0,0,0,0,0,0,0,0,0,0,0,0,0,0,0,5,1,0.0,0.0,0.0,0.0,0.903,0.078,0.036,39,82,0.901,0.006,0.003,0.087,0.0,0.0,0.0,0.0,normal
1.59,tcp,http,SF,173,1747,0,0,0,0,0,1,0,0,0,0,0,0,0,0,0,0,7,2,0.0,0.0,0.0,0.0,0.888,0.088,0.099,157,252,0.931,0.062,0.076,0.051,0.0,0.0,0.0,0.0,normal
2.951,tcp,http,SF,525,6478,0,0,0,0,0,1,0,0,0,0,0,0,0,0,0,0,6,3,0.102,0.0,0.0,0.0,0.996,0.011,0.033,106,192,0.941,0.167,0.144,0.056,0.0,0.0,0.0,0.0,normal
2.517,tcp,other,SF,252,198,0,0,0,0,0,0,0,0,0,0,0,0,0,0,0,0,5,4,0.0,0.0,0.0,0.0,0.974,0.129,0.083,90,16,0.95,0.121,0.103,0.005,0.0,0.0,0.0,0.0,normal
0.938,tcp,http,SF,527,258,0,0,0,0,0,1,0,0,0,0,0,0,0,0,0,0,6,3,0.041,0.0,0.0,0.0,0.876,0.047,0.078,201,31,0.986,0.143,0.091,0.018,0.0,0.0,0.0,0.0,normal
0.069,tcp,http,SF,235,546,0,0,0,0,0,1,0,0,0,0,0,0,0,0,0,0,6,1,0.001,0.0,0.0,0.0,0.889,0.039,0.008,149,15,0.881,0.016,0.052,0.024,0.0,0.0,0.0,0.0,normal
3.271,tcp,http,SF,325,2854,0,0,0,0,0,1,0,0,0,0,0,0,0,0,0,0,4,1,0.0,0.003,0.0,0.0,0.881,0.011,0.049,243,149,0.864,0.144,0.083,0.059,0.0,0.0,0.0,0.0,normal
0.056,udp,dns,SF,73,155,0,0,0,0,0,0,0,0,0,0,0,0,0,0,0,0,5,4,0.0,0.0,0.0,0.0,0.91,0.116,0.089,74,32,0.978,0.034,0.116,0.027,0.0,0.0,0.0,0.0,normal
5.128,tcp,http,SF,264,527,0,0,0,0,0,1,0,0,0,0,0,0,0,0,0,0,5,4,0.0,0.0,0.0,0.0,0.988,0.13,0.085,169,160,0.882,0.045,0.098,0.032,0.0,0.0,0.0,0.0,normal
3.283,tcp,http,SF,431,107,0,0,0,0,0,1,0,0,0,0,0,0,0,0,0,0,6,2,0.0,0.0,0.0,0.0,0.91,0.097,0.04,55,192,0.901,0.025,0.082,0.099,0.0,0.0,0.0,0.0,normal
0.176,tcp,http,SF,346,3168,0,0,0,0,0,1,0,0,0,0,0,0,0,0,0,0,3,1,0.053,0.002,0.0,0.0,0.919,0.107,0.001,25,85,0.967,0.025,0.005,0.068,0.0,0.0,0.0,0.0,normal
0.728,tcp,http,SF,358,1450,0,0,0,0,0,1,0,0,0,0,0,0,0,0,0,0,5,3,0.0,0.0,0.0,0.0,0.948,0.144,0.039,181,148,0.981,0.146,0.097,0.066,0.0,0.0,0.0,0.0,normal
1.077,tcp,http,SF,644,443,0,0,0,0,0,1,0,0,0,0,0,0,0,0,0,0,2,2,0.018,0.0,0.0,0.0,0.977,0.122,0.075,14,247,0.904,0.032,0.056,0.089,0.0,0.0,0.0,0.0,normal
0.054,udp,dns,SF,42,121,0,0,0,0,0,0,0,0,0,0,0,0,0,0,0,0,5,3,0.134,0.0,0.0,0.0,0.856,0.024,0.073,154,118,0.943,0.18,0.11,0.066,0.0,0.0,0.0,0.0,normal
67.895,tcp,ssh,SF,2806,4328,0,0,0,0,0,1,0,0,0,0,0,0,0,0,0,0,5,2,0.0,0.002,0.0,0.0,0.989,0.006,0.027,184,52,0.982,0.159,0.139,0.004,0.0,0.0,0.0,0.0,normal
0.057,udp,dns,SF,57,167,0,0,0,0,0,0,0,0,0,0,0,0,0,0,0,0,2,2,0.0,0.0,0.0,0.0,0.86,0.048,0.015,204,78,0.863,0.04,0.044,0.063,0.0,0.0,0.0,0.0,normal
0.216,tcp,http,SF,235,1660,0,0,0,0,0,1,0,0,0,0,0,0,0,0,0,0,2,2,0.0,0.0,0.0,0.0,0.856,0.093,0.059,160,37,0.94,0.042,0.014,0.007,0.0,0.0,0.0,0.0,normal
1.179,tcp,http,SF,351,5773,0,0,0,0,0,1,0,0,0,0,0,0,0,0,0,0,5,2,0.0,0.015,0.0,0.0,0.982,0.092,0.044,91,221,0.919,0.062,0.034,0.036,0.0,0.0,0.0,0.0,normal
3.665,tcp,http,SF,494,7780,0,0,0,0,0,1,0,0,0,0,0,0,0,0,0,0,3,2,0.0,0.0,0.0,0.0,0.987,0.019,0.049,239,214,0.945,0.123,0.103,0.084,0.0,0.0,0.0,0.0,normal
1.659,tcp,http,SF,288,926,0,0,0,0,0,1,0,0,0,0,0,0,0,0,0,0,6,1,0.0,0.012,0.0,0.0,0.937,0.049,0.039,198,26,0.867,0.195,0.112,0.094,0.0,0.0,0.0,0.0,normal
2.129,tcp,smtp,SF,441,1048,0,0,0,0,0,1,0,0,0,0,0,0,0,0,0,0,3,4,0.057,0.01,0.0,0.0,0.855,0.052,0.021,184,165,0.858,0.185,0.11,0.013,0.0,0.0,0.0,0.0,normal
2.214,tcp,smtp,SF,729,1577,0,0,0,0,0,1,0,0,0,0,0,0,0,0,0,0,3,2,0.01,0.0,0.0,0.0,0.866,0.008,0.035,120,48,0.835,0.059,0.087,0.078,0.0,0.0,0.0,0.0,normal
0.54,tcp,http,SF,267,13119,0,0,0,0,0,1,0,0,0,0,0,0,0,0,0,0,5,5,0.0,0.0,0.0,0.0,0.857,0.017,0.037,205,77,0.843,0.065,0.016,0.073,0.0,0.0,0.0,0.0,normal
2.136,tcp,http,SF,353,1162,0,0,0,0,0,1,0,0,0,0,0,0,0,0,0,0,4,1,0.0,0.0,0.0,0.0,0.876,0.055,0.099,65,222,0.819,0.126,0.072,0.068,0.0,0.0,0.0,0.0,normal
4.977,tcp,http,SF,415,1591,0,0,0,0,0,1,0,0,0,0,0,0,0,0,0,0,2,2,0.005,0.0,0.0,0.0,0.863,0.03,0.025,230,203,0.89,0.111,0.044,0.027,0.0,0.0,0.0,0.0,normal
2.421,tcp,http,SF,583,8765,0,0,0,0,0,1,0,0,0,0,0,0,0,0,0,0,3,4,0.041,0.0,0.0,0.0,0.943,0.079,0.091,236,43,0.813,0.133,0.137,0.013,0.0,0.0,0.0,0.0,normal
1.552,tcp,http,SF,372,11275,0,0,0,0,0,1,0,0,0,0,0,0,0,0,0,0,3,5,0.005,0.0,0.0,0.0,0.896,0.008,0.088,75,14,0.813,0.029,0.112,0.007,0.0,0.0,0.0,0.0,normal
1.144,tcp,http,SF,315,4231,0,0,0,0,0,1,0,0,0,0,0,0,0,0,0,0,6,3,0.129,0.0,0.0,0.0,0.957,0.02,0.078,197,118,0.884,0.181,0.023,0.049,0.0,0.0,0.0,0.0,normal
4.467,tcp,ssh,SF,3555,2645,0,0,0,0,0,1,0,0,0,0,0,0,0,0,0,0,2,1,0.001,0.204,0.0,0.0,0.892,0.06,0.041,124,94,0.948,0.077,0.138,0.056,0.0,0.0,0.0,0.0,normal
2.955,tcp,http,SF,249,2248,0,0,0,0,0,1,0,0,0,0,0,0,0,0,0,0,5,2,0.0,0.0,0.0,0.0,0.905,0.143,0.059,193,254,0.812,0.162,0.028,0.034,0.0,0.0,0.0,0.0,normal
0.052,udp,dns,SF,52,182,0,0,0,0,0,0,0,0,0,0,0,0,0,0,0,0,1,5,0.009,0.0,0.0,0.0,0.946,0.131,0.038,25,140,0.943,0.148,0.097,0.053,0.0,0.0,0.0,0.0,normal
3.341,tcp,http,SF,161,3385,0,0,0,0,0,1,0,0,0,0,0,0,0,0,0,0,8,3,0.001,0.0,0.0,0.0,0.892,0.048,0.005,129,104,0.903,0.168,0.097,0.022,0.0,0.0,0.0,0.0,normal
1.008,tcp,other,SF,296,446,0,0,0,0,0,0,0,0,0,0,0,0,0,0,0,0,4,3,0.0,0.0,0.0,0.0,0.974,0.1,0.043,18,15,0.931,0.157,0.034,0.012,0.0,0.0,0.0,0.0,normal
0.504,tcp,http,SF,255,6615,0,0,0,0,0,1,0,0,0,0,0,0,0,0,0,0,6,5,0.0,0.001,0.0,0.0,0.938,0.085,0.082,59,146,0.929,0.061,0.057,0.027,0.0,0.0,0.0,0.0,normal
0.057,udp,dns,SF,46,112,0,0,0,0,0,0,0,0,0,0,0,0,0,0,0,0,2,2,0.0,0.008,0.0,0.0,0.931,0.115,0.083,247,205,0.867,0.149,0.013,0.063,0.0,0.0,0.0,0.0,normal
0.067,udp,dns,SF,68,129,0,0,0,0,0,0,0,0,0,0,0,0,0,0,0,0,2,2,0.0,0.004,0.0,0.0,0.955,0.032,0.014,63,216,0.807,0.174,0.014,0.087,0.0,0.0,0.0,0.0,normal
0.017,udp,dns,SF,72,122,0,0,0,0,0,0,0,0,0,0,0,0,0,0,0,0,4,2,0.0,0.0,0.0,0.0,0.864,0.002,0.047,121,151,0.808,0.05,0.118,0.012,0.0,0.0,0.0,0.0,normal
4.509,tcp,http,SF,179,982,0,0,0,0,0,1,0,0,0,0,0,0,0,0,0,0,3,8,0.009,0.0,0.0,0.0,0.989,0.034,0.049,198,41,0.976,0.133,0.016,0.084,0.0,0.0,0.0,0.0,normal
136.31,tcp,ssh,SF,1848,3660,0,0,0,0,0,1,0,0,0,0,0,0,0,0,0,0,9,2,0.0,0.001,0.0,0.0,0.993,0.032,0.045,22,232,0.876,0.042,0.127,0.012,0.0,0.0,0.0,0.0,normal
1.766,tcp,http,SF,347,471,0,0,0,0,0,1,0,0,0,0,0,0,0,0,0,0,5,4,0.026,0.0,0.0,0.0,0.919,0.146,0.097,94,60,0.889,0.09,0.062,0.003,0.0,0.0,0.0,0.0,normal
1.694,tcp,http,SF,302,36,0,0,0,0,0,1,0,0,0,0,0,0,0,0,0,0,3,4,0.0,0.0,0.0,0.0,0.865,0.13,0.051,178,235,0.807,0.109,0.046,0.036,0.0,0.0,0.0,0.0,normal
0.404,tcp,http,SF,419,2395,0,0,0,0,0,1,0,0,0,0,0,0,0,0,0,0,1,3,0.0,0.0,0.0,0.0,0.916,0.096,0.053,25,200,0.868,0.023,0.035,0.056,0.0,0.0,0.0,0.0,normal
0.036,udp,dns,SF,60,145,0,0,0,0,0,0,0,0,0,0,0,0,0,0,0,0,2,2,0.0,0.0,0.0,0.0,0.969,0.071,0.072,126,26,0.855,0.085,0.05,0.003,0.0,0.0,0.0,0.0,normal
2.134,tcp,http,SF,307,816,0,0,0,0,0,1,0,0,0,0,0,0,0,0,0,0,3,1,0.0,0.002,0.0,0.0,0.883,0.148,0.052,237,233,0.911,0.192,0.143,0.007,0.0,0.0,0.0,0.0,normal
0.456,tcp,http,SF,308,765,0,0,0,0,0,1,0,0,0,0,0,0,0,0,0,0,4,3,0.0,0.0,0.0,0.0,0.975,0.125,0.065,248,34,0.93,0.089,0.143,0.052,0.0,0.0,0.0,0.0,normal
1.049,tcp,http,SF,475,2481,0,0,0,0,0,1,0,0,0,0,0,0,0,0,0,0,8,3,0.001,0.045,0.0,0.0,0.879,0.01,0.024,84,94,0.816,0.087,0.062,0.061,0.0,0.0,0.0,0.0,normal
0.02,udp,dns,SF,67,151,0,0,0,0,0,0,0,0,0,0,0,0,0,0,0,0,6,3,0.004,0.005,0.0,0.0,0.864,0.113,0.09,79,51,0.911,0.153,0.048,0.094,0.0,0.0,0.0,0.0,normal
0.011,udp,dns,SF,47,272,0,0,0,0,0,0,0,0,0,0,0,0,0,0,0,0,1,2,0.0,0.0,0.0,0.0,0.856,0.124,0.019,216,99,0.943,0.044,0.15,0.034,0.0,0.0,0.0,0.0,normal
0.827,tcp,http,SF,142,2647,0,0,0,0,0,1,0,0,0,0,0,0,0,0,0,0,3,3,0.0,0.0,0.0,0.0,0.896,0.002,0.04,136,87,0.9,0.019,0.068,0.017,0.0,0.0,0.0,0.0,normal
129.302,tcp,ssh,SF,3196,4911,0,0,0,0,0,1,0,0,0,0,0,0,0,0,0,0,3,1,0.0,0.0,0.0,0.0,0.994,0.113,0.012,81,242,0.951,0.006,0.135,0.066,0.0,0.0,0.0,0.0,normal
22.402,tcp,ssh,SF,2802,4206,0,0,0,0,0,1,0,0,0,0,0,0,0,0,0,0,7,2,0.0,0.001,0.0,0.0,0.977,0.04,0.072,83,216,0.86,0.07,0.061,0.076,0.0,0.0,0.0,0.0,normal
1.859,tcp,smtp,SF,1054,1416,0,0,0,0,0,1,0,0,0,0,0,0,0,0,0,0,4,6,0.0,0.003,0.0,0.0,0.856,0.012,0.043,225,254,0.859,0.102,0.147,0.063,0.0,0.0,0.0,0.0,normal
0.014,udp,dns,SF,73,152,0,0,0,0,0,0,0,0,0,0,0,0,0,0,0,0,3,2,0.001,0.0,0.0,0.0,0.974,0.013,0.074,47,162,0.968,0.091,0.087,0.014,0.0,0.0,0.0,0.0,normal
4.874,tcp,http,SF,195,500,0,0,0,0,0,1,0,0,0,0,0,0,0,0,0,0,1,3,0.0,0.005,0.0,0.0,0.873,0.03,0.032,247,189,0.866,0.151,0.101,0.073,0.0,0.0,0.0,0.0,normal
0.162,tcp,http,SF,432,1148,0,0,0,0,0,1,0,0,0,0,0,0,0,0,0,0,5,2,0.0,0.0,0.0,0.0,0.88,0.006,0.094,165,123,0.962,0.134,0.117,0.035,0.0,0.0,0.0,0.0,normal
9.863,tcp,smtp,SF,742,872,0,0,0,0,0,1,0,0,0,0,0,0,0,0,0,0,2,5,0.0,0.01,0.0,0.0,0.882,0.089,0.06,181,115,0.822,0.133,0.025,0.026,0.0,0.0,0.0,0.0,normal
0.217,tcp,http,SF,289,15249,0,0,0,0,0,1,0,0,0,0,0,0,0,0,0,0,3,1,0.005,0.07,0.0,0.0,0.928,0.063,0.053,224,104,0.906,0.181,0.123,0.06,0.0,0.0,0.0,0.0,normal
1.384,tcp,smtp,SF,869,1679,0,0,0,0,0,1,0,0,0,0,0,0,0,0,0,0,5,1,0.002,0.0,0.0,0.0,0.981,0.147,0.072,22,30,0.908,0.106,0.073,0.047,0.0,0.0,0.0,0.0,normal
0.197,tcp,http,SF,265,3055,0,0,0,0,0,1,0,0,0,0,0,0,0,0,0,0,5,4,0.023,0.001,0.0,0.0,0.968,0.055,0.016,128,131,0.873,0.185,0.1,0.048,0.0,0.0,0.0,0.0,normal
2.424,tcp,http,SF,503,2863,0,0,0,0,0,1,0,0,0,0,0,0,0,0,0,0,5,4,0.0,0.0,0.0,0.0,0.884,0.121,0.003,175,157,0.975,0.071,0.058,0.065,0.0,0.0,0.0,0.0,normal
2.264,tcp,http,SF,426,4933,0,0,0,0,0,1,0,0,0,0,0,0,0,0,0,0,5,1,0.0,0.026,0.0,0.0,0.866,0.077,0.099,202,137,0.803,0.124,0.001,0.091,0.0,0.0,0.0,0.0,normal
2.345,tcp,http,SF,348,8038,0,0,0,0,0,1,0,0,0,0,0,0,0,0,0,0,3,3,0.003,0.0,0.0,0.0,0.963,0.084,0.005,127,10,0.825,0.055,0.041,0.022,0.0,0.0,0.0,0.0,normal
1.671,tcp,http,SF,259,409,0,0,0,0,0,1,0,0,0,0,0,0,0,0,0,0,6,2,0.004,0.001,0.0,0.0,0.985,0.006,0.056,136,43,0.809,0.028,0.07,0.061,0.0,0.0,0.0,0.0,normal
0.016,udp,dns,SF,66,85,0,0,0,0,0,0,0,0,0,0,0,0,0,0,0,0,1,1,0.0,0.015,0.0,0.0,0.911,0.148,0.034,79,58,0.995,0.181,0.017,0.022,0.0,0.0,0.0,0.0,normal
3.949,tcp,http,SF,438,2015,0,0,0,0,0,1,0,0,0,0,0,0,0,0,0,0,2,2,0.0,0.0,0.0,0.0,0.929,0.038,0.082,103,247,0.887,0.198,0.031,0.076,0.0,0.0,0.0,0.0,normal
0.039,udp,dns,SF,58,127,0,0,0,0,0,0,0,0,0,0,0,0,0,0,0,0,1,2,0.001,0.0,0.0,0.0,0.947,0.125,0.007,171,143,0.803,0.056,0.008,0.097,0.0,0.0,0.0,0.0,normal
2.53,tcp,http,SF,573,11033,0,0,0,0,0,1,0,0,0,0,0,0,0,0,0,0,3,5,0.0,0.015,0.0,0.0,0.984,0.019,0.079,156,69,0.868,0.111,0.122,0.019,0.0,0.0,0.0,0.0,normal
3.002,tcp,http,SF,258,1577,0,0,0,0,0,1,0,0,0,0,0,0,0,0,0,0,4,2,0.001,0.005,0.0,0.0,0.889,0.073,0.008,38,97,0.852,0.185,0.093,0.055,0.0,0.0,0.0,0.0,normal
2.106,tcp,http,SF,290,1262,0,0,0,0,0,1,0,0,0,0,0,0,0,0,0,0,8,6,0.012,0.0,0.0,0.0,0.898,0.095,0.074,170,144,0.967,0.013,0.108,0.086,0.0,0.0,0.0,0.0,normal
0.079,udp,dns,SF,71,107,0,0,0,0,0,0,0,0,0,0,0,0,0,0,0,0,3,1,0.01,0.009,0.0,0.0,0.893,0.061,0.057,144,192,0.864,0.089,0.144,0.092,0.0,0.0,0.0,0.0,normal
0.448,tcp,http,SF,544,3788,0,0,0,0,0,1,0,0,0,0,0,0,0,0,0,0,7,2,0.0,0.0,0.0,0.0,0.902,0.027,0.05,250,114,0.906,0.074,0.014,0.081,0.0,0.0,0.0,0.0,normal
0.427,tcp,http,SF,629,5398,0,0,0,0,0,1,0,0,0,0,0,0,0,0,0,0,4,4,0.0,0.0,0.0,0.0,0.851,0.016,0.005,62,238,0.824,0.157,0.113,0.0,0.0,0.0,0.0,0.0,normal
0.153,tcp,smtp,SF,845,1104,0,0,0,0,0,1,0,0,0,0,0,0,0,0,0,0,2,1,0.077,0.001,0.0,0.0,0.862,0.118,0.007,69,60,0.832,0.034,0.129,0.066,0.0,0.0,0.0,0.0,normal
1.468,tcp,http,SF,244,1557,0,0,0,0,0,1,0,0,0,0,0,0,0,0,0,0,6,2,0.007,0.0,0.0,0.0,0.991,0.095,0.039,41,73,0.952,0.138,0.073,0.062,0.0,0.0,0.0,0.0,normal
1.165,tcp,other,SF,159,232,0,0,0,0,0,0,0,0,0,0,0,0,0,0,0,0,1,2,0.0,0.0,0.0,0.0,0.875,0.015,0.02,177,178,0.804,0.035,0.081,0.031,0.0,0.0,0.0,0.0,normal
1.527,tcp,http,SF,271,4888,0,0,0,0,0,1,0,0,0,0,0,0,0,0,0,0,1,4,0.0,0.0,0.0,0.0,0.851,0.04,0.081,230,93,0.881,0.133,0.042,0.063,0.0,0.0,0.0,0.0,normal
1.008,tcp,http,SF,566,8177,0,0,0,0,0,1,0,0,0,0,0,0,0,0,0,0,1,3,0.018,0.023,0.0,0.0,0.909,0.136,0.047,183,40,0.993,0.03,0.014,0.031,0.0,0.0,0.0,0.0,normal
138.347,tcp,ssh,SF,2991,4498,0,0,0,0,0,1,0,0,0,0,0,0,0,0,0,0,4,3,0.0,0.0,0.0,0.0,0.986,0.145,0.079,158,182,0.909,0.067,0.122,0.018,0.0,0.0,0.0,0.0,normal
3.61,tcp,http,SF,244,2906,0,0,0,0,0,1,0,0,0,0,0,0,0,0,0,0,4,6,0.022,0.0,0.0,0.0,0.865,0.055,0.013,227,153,0.98,0.104,0.035,0.06,0.0,0.0,0.0,0.0,normal
0.296,tcp,http,SF,257,10624,0,0,0,0,0,1,0,0,0,0,0,0,0,0,0,0,5,1,0.0,0.007,0.0,0.0,0.988,0.115,0.045,27,54,0.942,0.089,0.034,0.06,0.0,0.0,0.0,0.0,normal
0.014,udp,dns,SF,69,124,0,0,0,0,0,0,0,0,0,0,0,0,0,0,0,0,6,4,0.0,0.001,0.0,0.0,0.869,0.023,0.076,21,28,0.892,0.065,0.147,0.002,0.0,0.0,0.0,0.0,normal
0.058,udp,dns,SF,55,117,0,0,0,0,0,0,0,0,0,0,0,0,0,0,0,0,3,2,0.0,0.0,0.0,0.0,0.875,0.103,0.095,247,120,0.862,0.176,0.06,0.013,0.0,0.0,0.0,0.0,normal
0.424,tcp,http,SF,260,2042,0,0,0,0,0,1,0,0,0,0,0,0,0,0,0,0,6,2,0.0,0.013,0.0,0.0,0.993,0.046,0.06,202,229,0.914,0.021,0.093,0.06,0.0,0.0,0.0,0.0,normal
0.005,udp,dns,SF,51,132,0,0,0,0,0,0,0,0,0,0,0,0,0,0,0,0,3,2,0.0,0.033,0.0,0.0,0.89,0.072,0.095,66,83,0.827,0.152,0.072,0.024,0.0,0.0,0.0,0.0,normal
0.247,tcp,http,SF,257,1608,0,0,0,0,0,1,0,0,0,0,0,0,0,0,0,0,6,4,0.0,0.004,0.0,0.0,0.949,0.136,0.036,22,164,0.878,0.035,0.115,0.047,0.0,0.0,0.0,0.0,normal
0.046,udp,dns,SF,85,148,0,0,0,0,0,0,0,0,0,0,0,0,0,0,0,0,2,2,0.024,0.194,0.0,0.0,0.983,0.13,0.067,106,172,0.896,0.012,0.09,0.038,0.0,0.0,0.0,0.0,normal
1.777,tcp,http,SF,306,6658,0,0,0,0,0,1,0,0,0,0,0,0,0,0,0,0,5,2,0.0,0.001,0.0,0.0,0.999,0.1,0.067,227,67,0.975,0.022,0.117,0.089,0.0,0.0,0.0,0.0,normal
4.181,tcp,http,SF,369,11929,0,0,0,0,0,1,0,0,0,0,0,0,0,0,0,0,2,2,0.019,0.0,0.0,0.0,0.915,0.05,0.003,202,211,0.965,0.074,0.135,0.097,0.0,0.0,0.0,0.0,normal
0.043,udp,dns,SF,78,209,0,0,0,0,0,0,0,0,0,0,0,0,0,0,0,0,3,1,0.0,0.016,0.0,0.0,0.964,0.089,0.064,164,146,0.867,0.199,0.104,0.071,0.0,0.0,0.0,0.0,normal
1.223,tcp,http,SF,186,9057,0,0,0,0,0,1,0,0,0,0,0,0,0,0,0,0,7,5,0.0,0.0,0.0,0.0,0.874,0.024,0.072,37,241,0.833,0.044,0.052,0.049,0.0,0.0,0.0,0.0,normal
0.003,udp,dns,SF,62,138,0,0,0,1,0,0,0,0,0,0,0,0,0,0,0,0,11,4,0.001,0.0,0.0,0.0,0.853,0.076,0.032,70,219,0.961,0.155,0.105,0.099,0.0,0.0,0.0,0.0,normal
0.284,tcp,http,SF,409,2044,0,0,0,0,0,1,0,0,0,0,0,0,0,0,0,0,1,2,0.027,0.036,0.0,0.0,0.93,0.012,0.044,52,222,0.809,0.08,0.038,0.019,0.0,0.0,0.0,0.0,normal
0.174,udp,dns,SF,55,117,0,0,0,0,0,0,0,0,0,0,0,0,0,0,0,0,3,1,0.001,0.0,0.0,0.0,0.936,0.023,0.037,134,64,0.98,0.127,0.063,0.081,0.0,0.0,0.0,0.0,normal
1.379,tcp,http,SF,457,3000,0,0,0,0,0,1,0,0,0,0,0,0,0,0,0,0,6,4,0.001,0.0,0.0,0.0,0.997,0.026,0.047,192,251,0.84,0.023,0.098,0.008,0.0,0.0,0.0,0.0,normal
0.028,udp,dns,SF,67,184,0,0,0,0,0,0,0,0,0,0,0,0,0,0,0,0,8,6,0.0,0.0,0.0,0.0,0.966,0.001,0.008,29,223,0.965,0.117,0.034,0.005,0.0,0.0,0.0,0.0,normal
0.036,udp,dns,SF,74,120,0,0,0,0,0,0,0,0,0,0,0,0,0,0,0,0,4,2,0.01,0.0,0.0,0.0,0.992,0.148,0.024,236,238,0.97,0.102,0.09,0.001,0.0,0.0,0.0,0.0,normal
1.828,tcp,http,SF,132,2269,0,0,0,0,0,1,0,0,0,0,0,0,0,0,0,0,7,4,0.0,0.0,0.0,0.0,0.894,0.11,0.003,131,77,1.0,0.171,0.098,0.043,0.0,0.0,0.0,0.0,normal
20.304,tcp,ssh,SF,2206,2706,0,0,0,0,0,1,0,0,0,0,0,0,0,0,0,0,4,2,0.0,0.0,0.0,0.0,0.947,0.084,0.074,108,11,0.823,0.008,0.122,0.015,0.0,0.0,0.0,0.0,normal
1.285,tcp,http,SF,226,257,0,0,0,0,0,1,0,0,0,0,0,0,0,0,0,0,1,3,0.0,0.0,0.0,0.0,0.893,0.041,0.063,157,103,0.921,0.048,0.053,0.083,0.0,0.0,0.0,0.0,normal
1.006,tcp,http,SF,291,198,0,0,0,0,0,1,0,0,0,0,0,0,0,0,0,0,4,5,0.015,0.028,0.0,0.0,0.964,0.002,0.016,149,177,0.953,0.022,0.084,0.056,0.0,0.0,0.0,0.0,normal
2.813,tcp,http,SF,461,414,0,0,0,0,0,1,0,0,0,0,0,0,0,0,0,0,3,3,0.001,0.004,0.0,0.0,0.907,0.09,0.052,194,96,0.953,0.196,0.081,0.035,0.0,0.0,0.0,0.0,normal
2.297,tcp,http,SF,508,6117,0,0,0,0,0,1,0,0,0,0,0,0,0,0,0,0,2,4,0.0,0.015,0.0,0.0,0.855,0.097,0.043,233,37,0.803,0.123,0.089,0.077,0.0,0.0,0.0,0.0,normal
0.543,tcp,http,SF,301,6524,0,0,0,0,0,1,0,0,0,0,0,0,0,0,0,0,2,3,0.136,0.002,0.0,0.0,0.981,0.042,0.008,226,89,0.949,0.103,0.08,0.015,0.0,0.0,0.0,0.0,normal
2.014,tcp,http,SF,309,4982,0,0,0,0,0,1,0,0,0,0,0,0,0,0,0,0,3,4,0.0,0.0,0.0,0.0,0.873,0.051,0.086,130,155,0.968,0.05,0.072,0.021,0.0,0.0,0.0,0.0,normal
2.982,tcp,smtp,SF,558,1094,0,0,0,0,0,1,0,0,0,0,0,0,0,0,0,0,2,2,0.0,0.0,0.0,0.0,0.864,0.064,0.001,75,250,0.848,0.192,0.116,0.021,0.0,0.0,0.0,0.0,normal
1.77,tcp,http,SF,414,348,0,0,0,0,0,1,0,0,0,0,0,0,0,0,0,0,3,4,0.001,0.0,0.0,0.0,0.929,0.026,0.02,231,68,0.856,0.022,0.088,0.044,0.0,0.0,0.0,0.0,normal
0.002,udp,dns,SF,62,139,0,0,0,0,0,0,0,0,0,0,0,0,0,0,0,0,3,3,0.0,0.0,0.0,0.0,0.885,0.095,0.039,101,202,0.924,0.117,0.105,0.005,0.0,0.0,0.0,0.0,normal
0.029,udp,dns,SF,112,129,0,0,0,0,0,0,0,0,0,0,0,0,0,0,0,0,5,3,0.0,0.0,0.0,0.0,0.897,0.09,0.096,120,68,0.99,0.036,0.023,0.073,0.0,0.0,0.0,0.0,normal
1.567,tcp,http,SF,208,1212,0,0,0,0,0,1,0,0,0,0,0,0,0,0,0,0,8,3,0.001,0.0,0.0,0.0,0.856,0.135,0.09,124,178,0.963,0.091,0.036,0.043,0.0,0.0,0.0,0.0,normal
0.045,udp,dns,SF,77,89,0,0,0,0,0,0,0,0,0,0,0,0,0,0,0,0,2,3,0.072,0.009,0.0,0.0,0.97,0.02,0.095,221,66,0.931,0.134,0.031,0.011,0.0,0.0,0.0,0.0,normal
2.481,tcp,http,SF,275,7194,0,0,0,0,0,1,0,0,0,0,0,0,0,0,0,0,4,2,0.0,0.02,0.0,0.0,0.945,0.129,0.074,177,163,0.87,0.198,0.039,0.022,0.0,0.0,0.0,0.0,normal
0.445,tcp,http,SF,260,8421,0,0,0,0,0,1,0,0,0,0,0,0,0,0,0,0,4,3,0.002,0.009,0.0,0.0,0.988,0.111,0.088,110,152,0.8,0.099,0.074,0.007,0.0,0.0,0.0,0.0,normal
2.776,tcp,http,SF,294,5129,0,0,0,0,0,1,0,0,0,0,0,0,0,0,0,0,1,5,0.0,0.0,0.0,0.0,0.863,0.085,0.05,102,110,0.951,0.046,0.122,0.079,0.0,0.0,0.0,0.0,normal
0.544,tcp,http,SF,475,594,0,0,0,0,0,1,0,0,0,0,0,0,0,0,0,0,6,7,0.0,0.008,0.0,0.0,0.885,0.032,0.002,169,60,0.956,0.121,0.119,0.05,0.0,0.0,0.0,0.0,normal
1.399,tcp,http,SF,221,2269,0,0,0,0,0,1,0,0,0,0,0,0,0,0,0,0,9,1,0.0,0.095,0.0,0.0,0.855,0.022,0.023,148,219,0.954,0.146,0.025,0.098,0.0,0.0,0.0,0.0,normal
12.234,tcp,smtp,SF,929,966,0,0,0,0,0,1,0,0,0,0,0,0,0,0,0,0,3,6,0.0,0.002,0.0,0.0,0.857,0.07,0.019,245,212,0.87,0.18,0.018,0.006,0.0,0.0,0.0,0.0,normal
0.024,tcp,http,SF,536,3473,0,0,0,0,0,1,0,0,0,0,0,0,0,0,0,0,1,1,0.0,0.0,0.0,0.0,0.998,0.097,0.082,151,225,0.844,0.043,0.032,0.04,0.0,0.0,0.0,0.0,normal
1.153,tcp,http,SF,162,3236,0,0,0,0,0,1,0,0,0,0,0,0,0,0,0,0,3,2,0.0,0.001,0.0,0.0,0.976,0.145,0.044,141,69,0.899,0.042,0.041,0.015,0.0,0.0,0.0,0.0,normal
0.033,udp,dns,SF,82,116,0,0,0,0,0,0,0,0,0,0,0,0,0,0,0,0,2,3,0.02,0.0,0.0,0.0,0.895,0.126,0.099,33,66,0.951,0.054,0.021,0.014,0.0,0.0,0.0,0.0,normal
6.06,tcp,http,SF,222,2742,0,0,0,0,0,1,0,0,0,0,0,0,0,0,0,0,1,1,0.0,0.001,0.0,0.0,0.883,0.032,0.025,218,126,0.819,0.152,0.048,0.081,0.0,0.0,0.0,0.0,normal
0.611,tcp,http,SF,445,6515,0,0,0,0,0,1,0,0,0,0,0,0,0,0,0,0,4,3,0.001,0.011,0.0,0.0,0.939,0.035,0.029,55,52,0.935,0.015,0.016,0.051,0.0,0.0,0.0,0.0,normal
0.14,tcp,smtp,SF,648,953,0,0,0,0,0,1,0,0,0,0,0,0,0,0,0,0,10,3,0.003,0.003,0.0,0.0,0.851,0.14,0.061,32,53,0.968,0.163,0.129,0.059,0.0,0.0,0.0,0.0,normal
0.767,tcp,other,SF,344,201,0,0,0,0,0,0,0,0,0,0,0,0,0,0,0,0,6,5,0.0,0.003,0.0,0.0,0.985,0.147,0.074,245,80,0.878,0.162,0.125,0.031,0.0,0.0,0.0,0.0,normal
1.188,tcp,other,REJ,292,109,0,0,0,0,0,0,0,0,0,0,0,0,0,0,0,0,2,4,0.058,0.0,0.0,0.0,0.996,0.046,0.074,58,47,0.989,0.139,0.105,0.025,0.0,0.0,0.0,0.0,normal
2.672,tcp,http,SF,364,5227,0,0,0,0,0,1,0,0,0,0,0,0,0,0,0,0,3,3,0.001,0.0,0.0,0.0,0.918,0.149,0.061,63,49,0.95,0.122,0.018,0.007,0.0,0.0,0.0,0.0,normal
3.804,tcp,http,SF,172,6634,0,0,0,0,0,1,0,0,0,0,0,0,0,0,0,0,2,3,0.004,0.002,0.0,0.0,0.859,0.143,0.035,158,135,0.821,0.147,0.072,0.018,0.0,0.0,0.0,0.0,normal
31.367,tcp,ssh,SF,3703,2966,0,0,0,0,0,1,0,0,0,0,0,0,0,0,0,0,4,2,0.0,0.008,0.0,0.0,0.984,0.123,0.045,138,118,0.862,0.093,0.005,0.067,0.0,0.0,0.0,0.0,normal
136.054,tcp,ssh,SF,3434,4594,0,0,0,0,0,1,0,0,0,0,0,0,0,0,0,0,4,4,0.001,0.0,0.0,0.0,0.991,0.027,0.07,136,134,0.988,0.091,0.033,0.005,0.0,0.0,0.0,0.0,normal
5.422,tcp,http,SF,188,6139,0,0,0,0,0,1,0,0,0,0,0,0,0,0,0,0,4,4,0.0,0.032,0.0,0.0,0.864,0.074,0.025,129,184,0.816,0.015,0.143,0.085,0.0,0.0,0.0,0.0,normal
0.923,tcp,http,SF,335,2445,0,0,0,0,0,1,0,0,0,0,0,0,0,0,0,0,5,3,0.0,0.0,0.0,0.0,0.984,0.065,0.058,90,54,0.838,0.025,0.027,0.034,0.0,0.0,0.0,0.0,normal
0.002,udp,dns,SF,45,151,0,0,0,0,0,0,0,0,0,0,0,0,0,0,0,0,3,5,0.0,0.0,0.0,0.0,0.996,0.03,0.036,208,245,0.98,0.003,0.116,0.011,0.0,0.0,0.0,0.0,normal
2.629,tcp,http,SF,278,4082,0,0,0,1,0,1,0,0,0,0,0,0,0,0,0,0,2,4,0.0,0.0,0.0,0.0,0.909,0.078,0.004,192,243,0.863,0.136,0.067,0.007,0.0,0.0,0.0,0.0,normal
0.03,udp,dns,SF,98,139,0,0,0,0,0,0,0,0,0,0,0,0,0,0,0,0,6,1,0.003,0.0,0.0,0.0,0.889,0.102,0.095,232,206,0.885,0.146,0.025,0.078,0.0,0.0,0.0,0.0,normal
0.1,tcp,http,SF,333,3001,0,0,0,0,0,1,0,0,0,0,0,0,0,0,0,0,4,3,0.0,0.002,0.0,0.0,0.946,0.045,0.056,239,189,0.903,0.081,0.032,0.025,0.0,0.0,0.0,0.0,normal
0.737,tcp,http,SF,325,3280,0,0,0,0,0,1,0,0,0,0,0,0,0,0,0,0,2,2,0.0,0.026,0.0,0.0,0.929,0.132,0.085,122,154,0.823,0.069,0.148,0.083,0.0,0.0,0.0,0.0,normal
1.547,tcp,http,SF,193,1932,0,0,0,0,0,1,0,0,0,0,0,0,0,0,0,0,3,3,0.0,0.002,0.0,0.0,0.851,0.073,0.07,164,126,0.802,0.141,0.059,0.08,0.0,0.0,0.0,0.0,normal
0.157,udp,dns,SF,46,176,0,0,0,0,0,0,0,0,0,0,0,0,0,0,0,0,5,5,0.046,0.014,0.0,0.0,0.914,0.137,0.075,137,111,0.876,0.01,0.045,0.065,0.0,0.0,0.0,0.0,normal
0.941,tcp,http,SF,268,284,0,0,0,0,0,1,0,0,0,0,0,0,0,0,0,0,3,3,0.001,0.015,0.0,0.0,0.861,0.121,0.09,113,40,0.818,0.138,0.084,0.037,0.0,0.0,0.0,0.0,normal
2.733,tcp,smtp,SF,2061,1891,0,0,0,0,0,1,0,0,0,0,0,0,0,0,0,0,3,2,0.0,0.0,0.0,0.0,0.986,0.115,0.019,46,168,0.882,0.092,0.05,0.066,0.0,0.0,0.0,0.0,normal
0.066,tcp,http,SF,328,7789,0,0,0,1,0,1,0,0,0,0,0,0,0,0,0,0,2,8,0.003,0.085,0.0,0.0,0.861,0.137,0.098,79,226,0.964,0.114,0.137,0.01,0.0,0.0,0.0,0.0,normal
0.223,tcp,http,SF,427,34,0,0,0,0,0,1,0,0,0,0,0,0,0,0,0,0,5,4,0.023,0.0,0.0,0.0,0.867,0.122,0.089,149,174,0.898,0.108,0.103,0.095,0.0,0.0,0.0,0.0,normal
1.903,tcp,http,SF,299,1099,0,0,0,0,0,1,0,0,0,0,0,0,0,0,0,0,2,4,0.0,0.0,0.0,0.0,0.867,0.005,0.012,173,69,0.936,0.088,0.069,0.059,0.0,0.0,0.0,0.0,normal
3.202,tcp,other,SF,609,176,0,0,0,0,0,0,0,0,0,0,0,0,0,0,0,0,2,5,0.007,0.0,0.0,0.0,0.964,0.087,0.059,62,245,0.829,0.06,0.017,0.023,0.0,0.0,0.0,0.0,normal
0.115,udp,dns,SF,96,123,0,0,0,0,0,0,0,0,0,0,0,0,0,0,0,0,3,4,0.0,0.0,0.0,0.0,0.977,0.126,0.075,215,46,0.909,0.023,0.075,0.078,0.0,0.0,0.0,0.0,normal
0.872,tcp,http,SF,513,685,0,0,0,0,0,1,0,0,0,0,0,0,0,0,0,0,4,1,0.0,0.0,0.0,0.0,0.902,0.063,0.053,77,224,0.852,0.191,0.112,0.013,0.0,0.0,0.0,0.0,normal
0.108,udp,dns,SF,94,268,0,0,0,0,0,0,0,0,0,0,0,0,0,0,0,0,3,4,0.002,0.001,0.0,0.0,0.892,0.054,0.07,227,212,0.924,0.146,0.0,0.096,0.0,0.0,0.0,0.0,normal
0.189,tcp,http,SF,300,1846,0,0,0,0,0,1,0,0,0,0,0,0,0,0,0,0,1,3,0.0,0.0,0.0,0.0,0.906,0.125,0.028,72,33,0.811,0.039,0.033,0.075,0.0,0.0,0.0,0.0,normal
0.144,tcp,http,SF,272,4878,0,0,0,0,0,1,0,0,0,0,0,0,0,0,0,0,5,1,0.0,0.002,0.0,0.0,0.959,0.094,0.046,219,213,0.873,0.012,0.003,0.064,0.0,0.0,0.0,0.0,normal
0.76,tcp,http,SF,346,3314,0,0,0,0,0,1,0,0,0,0,0,0,0,0,0,0,4,7,0.0,0.0,0.0,0.0,0.956,0.119,0.012,138,161,0.94,0.168,0.075,0.004,0.0,0.0,0.0,0.0,normal
0.208,tcp,http,SF,271,2241,0,0,0,0,0,1,0,0,0,0,0,0,0,0,0,0,3,1,0.0,0.039,0.0,0.0,0.949,0.102,0.012,10,219,0.851,0.048,0.053,0.038,0.0,0.0,0.0,0.0,normal
2.79,tcp,http,SF,302,2623,0,0,0,0,0,1,0,0,0,0,0,0,0,0,0,0,3,8,0.033,0.0,0.0,0.0,0.861,0.023,0.069,54,142,0.835,0.004,0.044,0.025,0.0,0.0,0.0,0.0,normal
0.009,udp,dns,SF,50,135,0,0,0,0,0,0,0,0,0,0,0,0,0,0,0,0,6,5,0.001,0.0,0.0,0.0,0.965,0.095,0.086,254,85,0.874,0.075,0.018,0.013,0.0,0.0,0.0,0.0,normal
0.053,udp,dns,SF,70,135,0,0,0,0,0,0,0,0,0,0,0,0,0,0,0,0,6,3,0.0,0.0,0.0,0.0,0.979,0.136,0.081,229,133,0.957,0.148,0.068,0.035,0.0,0.0,0.0,0.0,normal
4.328,tcp,http,SF,471,1159,0,0,0,0,0,1,0,0,0,0,0,0,0,0,0,0,3,4,0.003,0.0,0.0,0.0,0.88,0.053,0.082,77,70,0.922,0.004,0.012,0.091,0.0,0.0,0.0,0.0,normal
0.003,udp,dns,SF,85,186,0,0,0,0,0,0,0,0,0,0,0,0,0,0,0,0,2,2,0.0,0.0,0.0,0.0,0.926,0.15,0.03,163,36,0.822,0.064,0.086,0.013,0.0,0.0,0.0,0.0,normal
0.027,udp,dns,SF,56,191,0,0,0,0,0,0,0,0,0,0,0,0,0,0,0,0,4,4,0.0,0.0,0.0,0.0,0.881,0.116,0.029,165,51,0.971,0.16,0.085,0.022,0.0,0.0,0.0,0.0,normal
2.203,tcp,http,SF,298,1006,0,0,0,0,0,1,0,0,0,0,0,0,0,0,0,0,7,1,0.0,0.0,0.0,0.0,0.932,0.044,0.018,91,168,0.973,0.123,0.087,0.043,0.0,0.0,0.0,0.0,normal
0.02,udp,dns,SF,77,195,0,0,0,0,0,0,0,0,0,0,0,0,0,0,0,0,3,1,0.0,0.0,0.0,0.0,0.942,0.142,0.09,33,197,0.961,0.2,0.114,0.038,0.0,0.0,0.0,0.0,normal
1.836,tcp,http,SF,333,9032,0,0,0,0,0,1,0,0,0,0,0,0,0,0,0,0,3,1,0.004,0.026,0.0,0.0,0.959,0.137,0.093,78,224,0.879,0.003,0.001,0.0,0.0,0.0,0.0,0.0,normal
1.328,tcp,smtp,SF,645,1293,0,0,0,0,0,1,0,0,0,0,0,0,0,0,0,0,3,1,0.0,0.0,0.0,0.0,0.943,0.064,0.006,37,154,0.995,0.002,0.045,0.069,0.0,0.0,0.0,0.0,normal
3.853,tcp,http,SF,218,2827,0,0,0,0,0,1,0,0,0,0,0,0,0,0,0,0,2,3,0.001,0.003,0.0,0.0,0.963,0.143,0.021,70,23,0.954,0.031,0.098,0.024,0.0,0.0,0.0,0.0,normal
0.049,udp,dns,SF,49,118,0,0,0,0,0,0,0,0,0,0,0,0,0,0,0,0,2,2,0.0,0.0,0.0,0.0,0.935,0.136,0.045,58,238,0.947,0.14,0.063,0.017,0.0,0.0,0.0,0.0,normal
1.472,tcp,http,SF,368,17584,0,0,0,0,0,1,0,0,0,0,0,0,0,0,0,0,4,2,0.0,0.0,0.0,0.0,0.924,0.137,0.043,81,27,0.888,0.073,0.017,0.015,0.0,0.0,0.0,0.0,normal
0.958,tcp,http,SF,179,5569,0,0,0,0,0,1,0,0,0,0,0,0,0,0,0,0,3,6,0.074,0.021,0.0,0.0,0.968,0.066,0.039,112,136,0.976,0.166,0.006,0.069,0.0,0.0,0.0,0.0,normal
3.264,tcp,http,SF,337,79,0,0,0,0,0,1,0,0,0,0,0,0,0,0,0,0,3,3,0.0,0.0,0.0,0.0,0.879,0.13,0.008,138,224,0.885,0.094,0.004,0.072,0.0,0.0,0.0,0.0,normal
1.366,tcp,http,SF,355,489,0,0,0,0,0,1,0,0,0,0,0,0,0,0,0,0,1,5,0.016,0.003,0.0,0.0,0.888,0.033,0.095,131,184,0.977,0.072,0.138,0.059,0.0,0.0,0.0,0.0,normal
4.382,tcp,http,SF,343,55,0,0,0,0,0,1,0,0,0,0,0,0,0,0,0,0,4,3,0.0,0.0,0.0,0.0,0.864,0.042,0.072,219,149,0.909,0.159,0.109,0.028,0.0,0.0,0.0,0.0,normal
4.49,tcp,http,SF,210,438,0,0,0,0,0,1,0,0,0,0,0,0,0,0,0,0,7,5,0.001,0.0,0.0,0.0,0.998,0.083,0.038,248,193,0.811,0.154,0.023,0.002,0.0,0.0,0.0,0.0,normal
6.663,tcp,http,SF,372,3123,0,0,0,0,0,1,0,0,0,0,0,0,0,0,0,0,2,3,0.0,0.0,0.0,0.0,0.894,0.032,0.086,126,61,0.93,0.141,0.087,0.04,0.0,0.0,0.0,0.0,normal
1.545,tcp,http,SF,408,398,0,0,0,0,0,1,0,0,0,0,0,0,0,0,0,0,8,3,0.001,0.0,0.0,0.0,0.864,0.136,0.026,173,29,0.87,0.032,0.106,0.033,0.0,0.0,0.0,0.0,normal
0.051,udp,dns,SF,45,103,0,0,0,0,0,0,0,0,0,0,0,0,0,0,0,0,4,2,0.0,0.0,0.0,0.0,0.932,0.14,0.001,91,236,0.851,0.017,0.149,0.011,0.0,0.0,0.0,0.0,normal
3.187,tcp,http,SF,436,9297,0,0,0,0,0,1,0,0,0,0,0,0,0,0,0,0,3,1,0.0,0.0,0.0,0.0,0.947,0.05,0.029,102,29,0.909,0.196,0.138,0.019,0.0,0.0,0.0,0.0,normal
3.35,tcp,http,SF,527,4107,0,0,0,0,0,1,0,0,0,0,0,0,0,0,0,0,3,5,0.0,0.018,0.0,0.0,0.958,0.033,0.028,42,14,0.812,0.056,0.019,0.039,0.0,0.0,0.0,0.0,normal
0.317,tcp,http,SF,440,15535,0,0,0,0,0,1,0,0,0,0,0,0,0,0,0,0,2,4,0.001,0.0,0.0,0.0,0.979,0.036,0.025,36,46,0.978,0.152,0.007,0.078,0.0,0.0,0.0,0.0,normal
9.733,tcp,http,SF,217,186,0,0,0,0,0,1,0,0,0,0,0,0,0,0,0,0,1,2,0.0,0.0,0.0,0.0,0.855,0.089,0.015,205,16,0.87,0.168,0.033,0.018,0.0,0.0,0.0,0.0,normal
5.26,tcp,ssh,SF,2766,3098,0,0,0,0,0,1,0,0,0,0,0,0,0,0,0,0,3,2,0.006,0.0,0.0,0.0,0.96,0.041,0.041,132,222,0.931,0.113,0.075,0.051,0.0,0.0,0.0,0.0,normal
0.337,tcp,http,SF,186,7007,0,0,0,0,0,1,0,0,0,0,0,0,0,0,0,0,3,6,0.013,0.0,0.0,0.0,0.962,0.15,0.003,15,220,0.911,0.078,0.026,0.099,0.0,0.0,0.0,0.0,normal
3.256,tcp,http,SF,447,455,0,0,0,0,0,1,0,0,0,0,0,0,0,0,0,0,2,1,0.023,0.0,0.0,0.0,0.967,0.131,0.047,52,245,0.929,0.04,0.065,0.029,0.0,0.0,0.0,0.0,normal
0.079,udp,dns,SF,82,203,0,0,0,0,0,0,0,0,0,0,0,0,0,0,0,0,2,3,0.015,0.0,0.0,0.0,0.949,0.131,0.092,197,184,0.88,0.011,0.099,0.077,0.0,0.0,0.0,0.0,normal
17.542,tcp,ssh,SF,1312,4455,0,0,0,0,0,1,0,0,0,0,0,0,0,0,0,0,5,2,0.0,0.0,0.0,0.0,1.0,0.063,0.03,93,142,0.981,0.056,0.112,0.04,0.0,0.0,0.0,0.0,normal
2.902,tcp,smtp,SF,815,858,0,0,0,0,0,1,0,0,0,0,0,0,0,0,0,0,7,1,0.0,0.0,0.0,0.0,0.919,0.048,0.015,124,146,0.809,0.003,0.073,0.068,0.0,0.0,0.0,0.0,normal
0.127,udp,dns,SF,62,148,0,0,0,0,0,0,0,0,0,0,0,0,0,0,0,0,2,7,0.0,0.005,0.0,0.0,0.875,0.094,0.012,212,67,0.947,0.193,0.053,0.02,0.0,0.0,0.0,0.0,normal
0.757,tcp,http,SF,254,17,0,0,0,0,0,1,0,0,0,0,0,0,0,0,0,0,3,5,0.0,0.011,0.0,0.0,0.867,0.071,0.07,138,234,0.997,0.165,0.123,0.012,0.0,0.0,0.0,0.0,normal
1.634,tcp,http,SF,493,1756,0,0,0,0,0,1,0,0,0,0,0,0,0,0,0,0,4,2,0.0,0.0,0.0,0.0,0.944,0.028,0.097,80,48,0.945,0.15,0.082,0.026,0.0,0.0,0.0,0.0,normal
2.019,tcp,http,SF,328,4458,0,0,0,0,0,1,0,0,0,0,0,0,0,0,0,0,4,5,0.0,0.0,0.0,0.0,0.915,0.042,0.02,200,124,0.864,0.095,0.068,0.026,0.0,0.0,0.0,0.0,normal
0.027,udp,dns,SF,65,142,0,0,0,0,0,0,0,0,0,0,0,0,0,0,0,0,5,3,0.0,0.0,0.0,0.0,0.999,0.013,0.051,150,108,0.839,0.005,0.002,0.07,0.0,0.0,0.0,0.0,normal
0.831,tcp,http,SF,665,640,0,0,0,0,0,1,0,0,0,0,0,0,0,0,0,0,6,4,0.0,0.013,0.0,0.0,0.913,0.02,0.086,60,150,0.989,0.121,0.015,0.031,0.0,0.0,0.0,0.0,normal
4.478,tcp,http,SF,373,2735,0,0,0,0,0,1,0,0,0,0,0,0,0,0,0,0,5,4,0.0,0.0,0.0,0.0,0.962,0.03,0.071,159,163,0.862,0.119,0.15,0.051,0.0,0.0,0.0,0.0,normal
3.931,tcp,http,SF,458,8839,0,0,0,0,0,1,0,0,0,0,0,0,0,0,0,0,4,4,0.0,0.001,0.0,0.0,0.889,0.095,0.082,30,21,0.83,0.161,0.004,0.081,0.0,0.0,0.0,0.0,normal
0.207,tcp,other,SF,136,232,0,0,0,0,0,0,0,0,0,0,0,0,0,0,0,0,7,6,0.005,0.0,0.0,0.0,0.986,0.084,0.06,233,102,0.872,0.031,0.013,0.052,0.0,0.0,0.0,0.0,normal
1.831,tcp,http,SF,466,8060,0,0,0,0,0,1,0,0,0,0,0,0,0,0,0,0,2,3,0.03,0.0,0.0,0.0,0.918,0.013,0.039,19,98,0.806,0.109,0.145,0.054,0.0,0.0,0.0,0.0,normal
0.261,tcp,http,SF,460,9945,0,0,0,0,0,1,0,0,0,0,0,0,0,0,0,0,8,3,0.018,0.0,0.0,0.0,0.883,0.014,0.043,96,131,0.844,0.2,0.043,0.015,0.0,0.0,0.0,0.0,normal
0.208,tcp,smtp,SF,1332,885,0,0,0,0,0,1,0,0,0,0,0,0,0,0,0,0,5,2,0.0,0.027,0.0,0.0,0.951,0.057,0.015,147,115,0.923,0.099,0.133,0.012,0.0,0.0,0.0,0.0,normal
0.848,tcp,smtp,SF,866,1547,0,0,0,0,0,1,0,0,0,0,0,0,0,0,0,0,6,2,0.032,0.044,0.0,0.0,0.929,0.067,0.031,22,128,0.804,0.048,0.051,0.018,0.0,0.0,0.0,0.0,normal
2.074,tcp,smtp,SF,855,1537,0,0,0,0,0,1,0,0,0,0,0,0,0,0,0,0,11,2,0.0,0.005,0.0,0.0,0.871,0.119,0.059,45,130,0.978,0.052,0.042,0.08,0.0,0.0,0.0,0.0,normal
0.306,tcp,http,SF,255,3856,0,0,0,0,0,1,0,0,0,0,0,0,0,0,0,0,1,2,0.007,0.0,0.0,0.0,0.987,0.067,0.071,129,199,0.918,0.017,0.005,0.021,0.0,0.0,0.0,0.0,normal
0.059,udp,dns,SF,66,199,0,0,0,0,0,0,0,0,0,0,0,0,0,0,0,0,7,4,0.0,0.089,0.0,0.0,0.87,0.114,0.028,195,13,0.999,0.141,0.005,0.097,0.0,0.0,0.0,0.0,normal
0.957,tcp,http,SF,232,6692,0,0,0,0,0,1,0,0,0,0,0,0,0,0,0,0,3,1,0.001,0.003,0.0,0.0,0.972,0.096,0.023,10,102,0.921,0.05,0.05,0.075,0.0,0.0,0.0,0.0,normal
0.106,tcp,http,SF,417,5238,0,0,0,0,0,1,0,0,0,0,0,0,0,0,0,0,6,5,0.0,0.0,0.0,0.0,0.879,0.037,0.085,94,74,0.826,0.018,0.016,0.066,0.0,0.0,0.0,0.0,normal
1.585,tcp,smtp,SF,673,1492,0,0,0,0,0,1,0,0,0,0,0,0,0,0,0,0,3,2,0.0,0.0,0.0,0.0,0.916,0.041,0.031,81,74,0.925,0.168,0.084,0.084,0.0,0.0,0.0,0.0,normal
2.386,tcp,smtp,SF,728,924,0,0,0,0,0,1,0,0,0,0,0,0,0,0,0,0,2,1,0.0,0.001,0.0,0.0,0.947,0.082,0.008,249,187,0.809,0.144,0.142,0.037,0.0,0.0,0.0,0.0,normal
1.697,tcp,http,SF,140,354,0,0,0,0,0,1,0,0,0,0,0,0,0,0,0,0,5,4,0.064,0.006,0.0,0.0,0.868,0.028,0.016,73,65,0.869,0.102,0.032,0.066,0.0,0.0,0.0,0.0,normal
1.642,tcp,http,SF,507,3909,0,0,0,0,0,1,0,0,0,0,0,0,0,0,0,0,5,2,0.0,0.0,0.0,0.0,0.98,0.107,0.09,12,155,0.838,0.097,0.039,0.093,0.0,0.0,0.0,0.0,normal
0.018,udp,dns,SF,47,118,0,0,0,0,0,0,0,0,0,0,0,0,0,0,0,0,2,3,0.0,0.01,0.0,0.0,0.937,0.052,0.039,155,179,0.889,0.13,0.04,0.021,0.0,0.0,0.0,0.0,normal
2.864,tcp,http,SF,275,9894,0,0,0,0,0,1,0,0,0,0,0,0,0,0,0,0,2,3,0.0,0.002,0.0,0.0,0.95,0.143,0.03,156,66,0.927,0.121,0.084,0.07,0.0,0.0,0.0,0.0,normal
1.513,tcp,smtp,SF,714,1273,0,0,0,0,0,1,0,0,0,0,0,0,0,0,0,0,6,1,0.0,0.0,0.0,0.0,0.879,0.101,0.032,37,125,0.829,0.098,0.141,0.067,0.0,0.0,0.0,0.0,normal
3.313,tcp,ssh,SF,1981,4510,0,0,0,0,0,1,0,0,0,0,0,0,0,0,0,0,7,4,0.088,0.0,0.0,0.0,0.854,0.099,0.043,34,206,0.968,0.134,0.06,0.078,0.0,0.0,0.0,0.0,normal
3.045,tcp,http,SF,231,6892,0,0,0,0,0,1,0,0,0,0,0,0,0,0,0,0,2,1,0.0,0.0,0.0,0.0,0.863,0.123,0.054,11,147,0.896,0.106,0.015,0.089,0.0,0.0,0.0,0.0,normal
0.076,udp,dns,SF,67,88,0,0,0,1,0,0,0,0,0,0,0,0,0,0,0,0,9,2,0.018,0.004,0.0,0.0,0.993,0.094,0.098,66,90,0.988,0.091,0.132,0.064,0.0,0.0,0.0,0.0,normal
4.325,tcp,http,SF,305,4919,0,0,0,0,0,1,0,0,0,0,0,0,0,0,0,0,3,4,0.0,0.0,0.0,0.0,0.855,0.144,0.095,67,134,0.975,0.186,0.139,0.068,0.0,0.0,0.0,0.0,normal
2.922,tcp,http,SF,207,6104,0,0,0,0,0,1,0,0,0,0,0,0,0,0,0,0,6,3,0.0,0.0,0.0,0.0,0.876,0.045,0.031,190,161,0.99,0.167,0.026,0.059,0.0,0.0,0.0,0.0,normal
0.518,tcp,http,SF,310,13,0,0,0,0,0,1,0,0,0,0,0,0,0,0,0,0,3,4,0.003,0.006,0.0,0.0,0.908,0.121,0.097,186,89,0.932,0.15,0.116,0.065,0.0,0.0,0.0,0.0,normal
2.265,tcp,http,SF,261,4817,0,0,0,0,0,1,0,0,0,0,0,0,0,0,0,0,9,4,0.004,0.027,0.0,0.0,0.868,0.143,0.05,191,142,0.824,0.092,0.13,0.082,0.0,0.0,0.0,0.0,normal
2.792,tcp,http,SF,389,5932,0,0,0,0,0,1,0,0,0,0,0,0,0,0,0,0,3,4,0.016,0.0,0.0,0.0,0.861,0.036,0.08,241,31,0.931,0.072,0.148,0.06,0.0,0.0,0.0,0.0,normal
4.406,tcp,smtp,SF,1037,1512,0,0,0,0,0,1,0,0,0,0,0,0,0,0,0,0,3,4,0.0,0.0,0.0,0.0,0.989,0.109,0.086,101,46,0.961,0.134,0.129,0.028,0.0,0.0,0.0,0.0,normal
0.068,udp,dns,SF,60,185,0,0,0,0,0,0,0,0,0,0,0,0,0,0,0,0,8,2,0.0,0.0,0.0,0.0,0.96,0.02,0.097,16,200,0.872,0.038,0.096,0.096,0.0,0.0,0.0,0.0,normal
3.049,tcp,http,SF,325,168,0,0,0,0,0,1,0,0,0,0,0,0,0,0,0,0,4,4,0.0,0.0,0.0,0.0,0.916,0.103,0.096,160,173,0.91,0.103,0.098,0.056,0.0,0.0,0.0,0.0,normal
1.415,tcp,http,SF,235,3021,0,0,0,0,0,1,0,0,0,0,0,0,0,0,0,0,2,2,0.0,0.001,0.0,0.0,0.965,0.009,0.038,52,114,0.988,0.022,0.071,0.028,0.0,0.0,0.0,0.0,normal
0.014,tcp,smtp,SF,917,1306,0,0,0,0,0,1,0,0,0,0,0,0,0,0,0,0,4,2,0.028,0.0,0.0,0.0,0.878,0.008,0.089,156,146,0.883,0.07,0.132,0.035,0.0,0.0,0.0,0.0,normal
0.485,tcp,http,SF,187,7508,0,0,0,0,0,1,0,0,0,0,0,0,0,0,0,0,3,5,0.0,0.0,0.0,0.0,0.93,0.125,0.088,145,75,0.816,0.051,0.088,0.063,0.0,0.0,0.0,0.0,normal
1.906,tcp,http,SF,251,2939,0,0,0,0,0,1,0,0,0,0,0,0,0,0,0,0,1,4,0.005,0.027,0.0,0.0,0.869,0.082,0.011,15,189,0.893,0.173,0.1,0.037,0.0,0.0,0.0,0.0,normal
0.046,udp,dns,SF,69,181,0,0,0,0,0,0,0,0,0,0,0,0,0,0,0,0,4,3,0.0,0.001,0.0,0.0,0.927,0.085,0.001,203,150,0.825,0.183,0.068,0.096,0.0,0.0,0.0,0.0,normal
0.529,tcp,other,SF,99,217,0,0,0,0,0,0,0,0,0,0,0,0,0,0,0,0,1,5,0.017,0.0,0.0,0.0,0.99,0.141,0.095,226,141,0.85,0.148,0.099,0.088,0.0,0.0,0.0,0.0,normal
0.495,tcp,http,SF,405,5869,0,0,0,0,0,1,0,0,0,0,0,0,0,0,0,0,3,1,0.035,0.0,0.0,0.0,0.851,0.123,0.093,163,245,0.824,0.078,0.018,0.093,0.0,0.0,0.0,0.0,normal
59.873,tcp,ssh,SF,2966,6004,0,0,0,0,0,1,0,0,0,0,0,0,0,0,0,0,5,1,0.0,0.0,0.0,0.0,0.99,0.127,0.051,127,239,0.884,0.015,0.02,0.095,0.0,0.0,0.0,0.0,normal
3.719,tcp,http,SF,428,14000,0,0,0,0,0,1,0,0,0,0,0,0,0,0,0,0,4,5,0.001,0.0,0.0,0.0,0.89,0.059,0.041,119,52,0.947,0.134,0.06,0.016,0.0,0.0,0.0,0.0,normal
2.308,tcp,http,SF,233,1546,0,0,0,0,0,1,0,0,0,0,0,0,0,0,0,0,13,1,0.0,0.0,0.0,0.0,0.914,0.056,0.032,22,84,0.83,0.117,0.12,0.083,0.0,0.0,0.0,0.0,normal
3.042,tcp,http,SF,275,2880,0,0,0,0,0,1,0,0,0,0,0,0,0,0,0,0,4,5,0.0,0.072,0.0,0.0,0.978,0.088,0.037,42,84,0.944,0.086,0.13,0.095,0.0,0.0,0.0,0.0,normal
0.034,udp,dns,SF,85,143,0,0,0,0,0,0,0,0,0,0,0,0,0,0,0,0,1,1,0.0,0.0,0.0,0.0,0.882,0.024,0.08,175,45,0.897,0.164,0.09,0.075,0.0,0.0,0.0,0.0,normal
0.004,udp,dns,SF,54,133,0,0,0,0,0,0,0,0,0,0,0,0,0,0,0,0,1,7,0.0,0.05,0.0,0.0,0.851,0.088,0.086,101,163,0.864,0.184,0.128,0.088,0.0,0.0,0.0,0.0,normal
0.063,udp,dns,SF,83,211,0,0,0,0,0,0,0,0,0,0,0,0,0,0,0,0,6,1,0.0,0.0,0.0,0.0,0.953,0.128,0.002,195,74,0.843,0.173,0.059,0.095,0.0,0.0,0.0,0.0,normal
2.535,tcp,smtp,SF,426,1031,0,0,0,0,0,1,0,0,0,0,0,0,0,0,0,0,2,4,0.001,0.0,0.0,0.0,0.982,0.073,0.067,142,65,0.997,0.192,0.091,0.092,0.0,0.0,0.0,0.0,normal
5.657,tcp,smtp,SF,562,2148,0,0,0,0,0,1,0,0,0,0,0,0,0,0,0,0,3,7,0.0,0.0,0.0,0.0,0.858,0.035,0.051,81,98,0.965,0.076,0.06,0.032,0.0,0.0,0.0,0.0,normal
0.011,udp,dns,SF,79,120,0,0,0,0,0,0,0,0,0,0,0,0,0,0,0,0,4,5,0.011,0.0,0.0,0.0,0.863,0.101,0.1,119,199,0.892,0.175,0.073,0.057,0.0,0.0,0.0,0.0,normal
2.97,tcp,smtp,SF,647,802,0,0,0,0,0,1,0,0,0,0,0,0,0,0,0,0,6,3,0.007,0.0,0.0,0.0,0.911,0.067,0.018,164,174,0.984,0.106,0.036,0.046,0.0,0.0,0.0,0.0,normal
1.39,tcp,http,SF,260,1748,0,0,0,0,0,1,0,0,0,0,0,0,0,0,0,0,4,4,0.008,0.0,0.0,0.0,0.977,0.054,0.087,48,73,0.884,0.077,0.114,0.062,0.0,0.0,0.0,0.0,normal
5.458,tcp,http,SF,385,3496,0,0,0,0,0,1,0,0,0,0,0,0,0,0,0,0,11,2,0.014,0.017,0.0,0.0,0.891,0.03,0.058,76,96,0.852,0.115,0.081,0.033,0.0,0.0,0.0,0.0,normal
3.433,tcp,smtp,SF,966,1008,0,0,0,0,0,1,0,0,0,0,0,0,0,0,0,0,6,7,0.0,0.0,0.0,0.0,0.972,0.084,0.029,74,131,0.804,0.088,0.043,0.061,0.0,0.0,0.0,0.0,normal
3.655,tcp,http,SF,394,1376,0,0,0,0,0,1,0,0,0,0,0,0,0,0,0,0,4,7,0.0,0.0,0.0,0.0,0.988,0.033,0.016,72,221,0.996,0.168,0.052,0.053,0.0,0.0,0.0,0.0,normal
0.524,tcp,http,SF,358,4696,0,0,0,0,0,1,0,0,0,0,0,0,0,0,0,0,9,1,0.011,0.0,0.0,0.0,0.919,0.112,0.021,60,27,0.975,0.055,0.098,0.066,0.0,0.0,0.0,0.0,normal
0.076,udp,dns,SF,53,130,0,0,0,0,0,0,0,0,0,0,0,0,0,0,0,0,4,3,0.001,0.0,0.0,0.0,0.891,0.098,0.099,60,208,0.929,0.101,0.003,0.043,0.0,0.0,0.0,0.0,normal
0.199,tcp,http,SF,323,1494,0,0,0,0,0,1,0,0,0,0,0,0,0,0,0,0,4,4,0.0,0.013,0.0,0.0,0.984,0.117,0.093,153,103,0.969,0.115,0.078,0.097,0.0,0.0,0.0,0.0,normal
4.227,tcp,smtp,SF,1232,1635,0,0,0,0,0,1,0,0,0,0,0,0,0,0,0,0,2,4,0.0,0.0,0.0,0.0,0.851,0.009,0.066,224,145,0.86,0.013,0.009,0.077,0.0,0.0,0.0,0.0,normal
0.523,tcp,http,SF,414,1169,0,0,0,0,0,1,0,0,0,0,0,0,0,0,0,0,5,4,0.004,0.007,0.0,0.0,0.959,0.033,0.069,96,149,0.984,0.138,0.064,0.016,0.0,0.0,0.0,0.0,normal
0.053,udp,dns,SF,79,128,0,0,0,0,0,0,0,0,0,0,0,0,0,0,0,0,6,2,0.0,0.146,0.0,0.0,0.919,0.109,0.089,224,85,0.87,0.16,0.034,0.098,0.0,0.0,0.0,0.0,normal
0.154,udp,dns,SF,66,152,0,0,0,0,0,0,0,0,0,0,0,0,0,0,0,0,3,2,0.0,0.0,0.0,0.0,0.962,0.097,0.096,177,99,0.949,0.035,0.009,0.054,0.0,0.0,0.0,0.0,normal
1.095,tcp,http,SF,308,2349,0,0,0,0,0,1,0,0,0,0,0,0,0,0,0,0,4,3,0.0,0.0,0.0,0.0,0.943,0.044,0.022,244,241,0.85,0.055,0.05,0.068,0.0,0.0,0.0,0.0,normal
31.012,tcp,ssh,SF,3680,7128,0,0,0,0,0,1,0,0,0,0,0,0,0,0,0,0,4,5,0.007,0.0,0.0,0.0,0.964,0.048,0.028,66,89,0.925,0.148,0.066,0.047,0.0,0.0,0.0,0.0,normal
4.333,tcp,smtp,SF,430,1543,0,0,0,0,0,1,0,0,0,0,0,0,0,0,0,0,4,2,0.0,0.0,0.0,0.0,0.884,0.116,0.031,102,11,0.866,0.135,0.044,0.031,0.0,0.0,0.0,0.0,normal
0.057,tcp,http,SF,227,5569,0,0,0,0,0,1,0,0,0,0,0,0,0,0,0,0,6,3,0.003,0.0,0.0,0.0,0.961,0.083,0.069,75,139,0.906,0.179,0.004,0.092,0.0,0.0,0.0,0.0,normal
0.072,udp,dns,SF,102,95,0,0,0,0,0,0,0,0,0,0,0,0,0,0,0,0,5,2,0.009,0.0,0.0,0.0,0.934,0.103,0.01,136,51,0.923,0.11,0.005,0.071,0.0,0.0,0.0,0.0,normal
0.006,udp,dns,SF,58,120,0,0,0,0,0,0,0,0,0,0,0,0,0,0,0,0,5,5,0.108,0.071,0.0,0.0,0.876,0.134,0.055,69,127,0.951,0.107,0.118,0.082,0.0,0.0,0.0,0.0,normal
1.573,tcp,http,SF,303,1092,0,0,0,0,0,1,0,0,0,0,0,0,0,0,0,0,5,4,0.002,0.0,0.0,0.0,0.949,0.016,0.038,27,66,0.818,0.033,0.09,0.051,0.0,0.0,0.0,0.0,normal
0.023,udp,dns,SF,118,125,0,0,0,0,0,0,0,0,0,0,0,0,0,0,0,0,2,2,0.0,0.0,0.0,0.0,0.911,0.084,0.034,214,14,0.848,0.104,0.044,0.011,0.0,0.0,0.0,0.0,normal
1.453,tcp,http,SF,483,3048,0,0,0,0,0,1,0,0,0,0,0,0,0,0,0,0,5,2,0.0,0.0,0.0,0.0,0.98,0.144,0.081,154,73,0.969,0.157,0.108,0.086,0.0,0.0,0.0,0.0,normal
0.001,udp,dns,SF,61,155,0,0,0,0,0,0,0,0,0,0,0,0,0,0,0,0,2,6,0.0,0.0,0.0,0.0,0.977,0.023,0.081,175,127,0.888,0.067,0.056,0.08,0.0,0.0,0.0,0.0,normal
0.044,udp,dns,SF,61,173,0,0,0,0,0,0,0,0,0,0,0,0,0,0,0,0,7,4,0.0,0.008,0.0,0.0,0.865,0.053,0.048,254,233,0.948,0.059,0.107,0.02,0.0,0.0,0.0,0.0,normal
3.731,tcp,http,SF,346,300,0,0,0,0,0,1,0,0,0,0,0,0,0,0,0,0,4,2,0.001,0.0,0.0,0.0,0.9,0.088,0.02,82,246,0.959,0.067,0.059,0.077,0.0,0.0,0.0,0.0,normal
6.791,tcp,smtp,SF,821,743,0,0,0,0,0,1,0,0,0,0,0,0,0,0,0,0,3,2,0.06,0.0,0.0,0.0,0.943,0.145,0.094,219,76,0.945,0.139,0.15,0.034,0.0,0.0,0.0,0.0,normal
0.303,tcp,smtp,SF,492,1254,0,0,0,0,0,1,0,0,0,0,0,0,0,0,0,0,5,2,0.0,0.021,0.0,0.0,0.894,0.016,0.087,103,83,0.983,0.001,0.071,0.093,0.0,0.0,0.0,0.0,normal
0.011,udp,dns,SF,53,148,0,0,0,0,0,0,0,0,0,0,0,0,0,0,0,0,4,2,0.0,0.216,0.0,0.0,0.915,0.037,0.091,134,29,0.895,0.172,0.061,0.027,0.0,0.0,0.0,0.0,normal
0.664,tcp,http,SF,430,863,0,0,0,0,0,1,0,0,0,0,0,0,0,0,0,0,1,2,0.0,0.014,0.0,0.0,0.945,0.143,0.03,131,119,0.895,0.022,0.003,0.091,0.0,0.0,0.0,0.0,normal
29.387,tcp,ssh,SF,4279,4259,0,0,0,0,0,1,0,0,0,0,0,0,0,0,0,0,6,4,0.0,0.022,0.0,0.0,0.913,0.018,0.048,244,189,0.958,0.152,0.032,0.054,0.0,0.0,0.0,0.0,normal
1.157,tcp,http,SF,189,3569,0,0,0,0,0,1,0,0,0,0,0,0,0,0,0,0,3,3,0.0,0.0,0.0,0.0,0.861,0.026,0.004,90,61,0.896,0.151,0.053,0.033,0.0,0.0,0.0,0.0,normal
3.454,tcp,http,SF,491,6738,0,0,0,0,0,1,0,0,0,0,0,0,0,0,0,0,4,6,0.001,0.068,0.0,0.0,0.951,0.074,0.014,151,25,0.803,0.111,0.059,0.01,0.0,0.0,0.0,0.0,normal
3.609,tcp,http,SF,86,3091,0,0,0,0,0,1,0,0,0,0,0,0,0,0,0,0,5,4,0.0,0.0,0.0,0.0,0.924,0.025,0.003,219,242,0.946,0.18,0.038,0.052,0.0,0.0,0.0,0.0,normal
0.387,tcp,http,SF,289,783,0,0,0,0,0,1,0,0,0,0,0,0,0,0,0,0,2,1,0.0,0.0,0.0,0.0,0.973,0.146,0.02,62,213,0.847,0.037,0.093,0.015,0.0,0.0,0.0,0.0,normal
0.079,udp,dns,SF,61,100,0,0,0,0,0,0,0,0,0,0,0,0,0,0,0,0,4,3,0.074,0.006,0.0,0.0,0.927,0.031,0.092,243,193,0.843,0.199,0.051,0.025,0.0,0.0,0.0,0.0,normal
0.574,tcp,http,SF,354,4511,0,0,0,0,0,1,0,0,0,0,0,0,0,0,0,0,3,6,0.0,0.0,0.0,0.0,0.942,0.084,0.001,103,107,0.829,0.071,0.074,0.045,0.0,0.0,0.0,0.0,normal
14.054,tcp,http,SF,497,487,0,0,0,0,0,1,0,0,0,0,0,0,0,0,0,0,7,5,0.0,0.0,0.0,0.0,0.873,0.082,0.043,187,177,0.965,0.182,0.142,0.046,0.0,0.0,0.0,0.0,normal
2.287,tcp,http,SF,355,677,0,0,0,0,0,1,0,0,0,0,0,0,0,0,0,0,3,4,0.0,0.0,0.0,0.0,0.907,0.096,0.085,225,82,0.973,0.137,0.034,0.047,0.0,0.0,0.0,0.0,normal
2.978,tcp,http,SF,259,1379,0,0,0,0,0,1,0,0,0,0,0,0,0,0,0,0,7,3,0.0,0.0,0.0,0.0,0.946,0.002,0.006,61,93,0.828,0.018,0.046,0.095,0.0,0.0,0.0,0.0,normal
1.557,tcp,http,SF,187,4944,0,0,0,0,0,1,0,0,0,0,0,0,0,0,0,0,3,1,0.0,0.0,0.0,0.0,0.93,0.11,0.008,158,218,0.845,0.171,0.084,0.053,0.0,0.0,0.0,0.0,normal
0.433,tcp,http,SF,192,4047,0,0,0,0,0,1,0,0,0,0,0,0,0,0,0,0,7,6,0.006,0.001,0.0,0.0,0.886,0.046,0.064,30,165,0.942,0.149,0.109,0.006,0.0,0.0,0.0,0.0,normal
6.616,tcp,smtp,SF,825,1854,0,0,0,0,0,1,0,0,0,0,0,0,0,0,0,0,3,4,0.0,0.0,0.0,0.0,0.987,0.047,0.033,21,33,0.922,0.142,0.039,0.037,0.0,0.0,0.0,0.0,normal
5.732,tcp,http,SF,205,10248,0,0,0,0,0,1,0,0,0,0,0,0,0,0,0,0,2,2,0.0,0.0,0.0,0.0,0.884,0.045,0.052,147,17,0.9,0.189,0.119,0.065,0.0,0.0,0.0,0.0,normal
3.074,tcp,http,SF,260,1993,0,0,0,0,0,1,0,0,0,0,0,0,0,0,0,0,5,8,0.0,0.001,0.0,0.0,0.908,0.013,0.087,182,36,0.911,0.008,0.092,0.033,0.0,0.0,0.0,0.0,normal
0.413,tcp,http,SF,285,8000,0,0,0,0,0,1,0,0,0,0,0,0,0,0,0,0,2,2,0.0,0.033,0.0,0.0,0.895,0.081,0.048,232,102,0.854,0.17,0.073,0.012,0.0,0.0,0.0,0.0,normal
3.019,tcp,http,SF,582,14203,0,0,0,0,0,1,0,0,0,0,0,0,0,0,0,0,4,2,0.0,0.024,0.0,0.0,0.923,0.122,0.055,202,31,0.832,0.099,0.051,0.073,0.0,0.0,0.0,0.0,normal
0.849,tcp,http,SF,528,9078,0,0,0,0,0,1,0,0,0,0,0,0,0,0,0,0,3,3,0.0,0.0,0.0,0.0,0.953,0.146,0.056,175,148,0.991,0.074,0.142,0.035,0.0,0.0,0.0,0.0,normal
1.199,tcp,http,SF,239,3485,0,0,0,0,0,1,0,0,0,0,0,0,0,0,0,0,1,5,0.0,0.001,0.0,0.0,0.941,0.115,0.078,198,219,0.967,0.039,0.087,0.05,0.0,0.0,0.0,0.0,normal
3.674,tcp,other,SF,182,204,0,0,0,0,0,0,0,0,0,0,0,0,0,0,0,0,3,1,0.0,0.0,0.0,0.0,0.884,0.002,0.043,78,114,0.845,0.144,0.097,0.032,0.0,0.0,0.0,0.0,normal
1.987,tcp,http,SF,431,599,0,0,0,0,0,1,0,0,0,0,0,0,0,0,0,0,4,6,0.0,0.0,0.0,0.0,0.98,0.12,0.099,153,162,0.951,0.191,0.062,0.041,0.0,0.0,0.0,0.0,normal
2.804,tcp,http,SF,653,1006,0,0,0,0,0,1,0,0,0,0,0,0,0,0,0,0,6,1,0.001,0.001,0.0,0.0,0.884,0.053,0.012,226,203,0.833,0.049,0.015,0.094,0.0,0.0,0.0,0.0,normal
2.818,tcp,http,SF,307,9424,0,0,0,0,0,1,0,0,0,0,0,0,0,0,0,0,4,1,0.0,0.0,0.0,0.0,0.954,0.091,0.035,233,173,0.931,0.043,0.004,0.065,0.0,0.0,0.0,0.0,normal
1.427,tcp,http,SF,342,215,0,0,0,0,0,1,0,0,0,0,0,0,0,0,0,0,3,3,0.0,0.0,0.0,0.0,0.929,0.025,0.03,104,156,0.91,0.151,0.15,0.042,0.0,0.0,0.0,0.0,normal
1.777,tcp,http,SF,232,1239,0,0,0,0,0,1,0,0,0,0,0,0,0,0,0,0,4,4,0.011,0.0,0.0,0.0,0.951,0.083,0.032,198,227,0.847,0.056,0.04,0.052,0.0,0.0,0.0,0.0,normal
0.071,udp,dns,SF,81,100,0,0,0,1,0,0,0,0,0,0,0,0,0,0,0,0,9,3,0.071,0.0,0.0,0.0,0.956,0.03,0.0,241,159,0.893,0.074,0.002,0.008,0.0,0.0,0.0,0.0,normal
0.066,udp,dns,SF,74,214,0,0,0,0,0,0,0,0,0,0,0,0,0,0,0,0,5,4,0.0,0.086,0.0,0.0,0.927,0.061,0.016,136,149,0.989,0.151,0.072,0.059,0.0,0.0,0.0,0.0,normal
0.133,tcp,http,SF,178,3521,0,0,0,0,0,1,0,0,0,0,0,0,0,0,0,0,5,2,0.0,0.005,0.0,0.0,0.89,0.026,0.078,42,10,0.896,0.074,0.039,0.045,0.0,0.0,0.0,0.0,normal
1.744,tcp,http,SF,255,9003,0,0,0,1,0,1,0,0,0,0,0,0,0,0,0,0,3,3,0.0,0.027,0.0,0.0,0.885,0.026,0.081,129,58,0.841,0.023,0.041,0.003,0.0,0.0,0.0,0.0,normal
0.736,tcp,http,SF,300,7299,0,0,0,0,0,1,0,0,0,0,0,0,0,0,0,0,3,6,0.0,0.085,0.0,0.0,0.9,0.087,0.068,21,191,0.939,0.029,0.058,0.004,0.0,0.0,0.0,0.0,normal
0.071,udp,dns,SF,62,194,0,0,0,0,0,0,0,0,0,0,0,0,0,0,0,0,3,4,0.0,0.0,0.0,0.0,0.91,0.117,0.088,37,82,0.976,0.17,0.043,0.024,0.0,0.0,0.0,0.0,normal
57.665,tcp,ssh,SF,3090,6055,0,0,0,0,0,1,0,0,0,0,0,0,0,0,0,0,5,1,0.0,0.009,0.0,0.0,0.996,0.032,0.065,35,142,0.856,0.042,0.012,0.079,0.0,0.0,0.0,0.0,normal
0.163,tcp,http,SF,316,655,0,0,0,0,0,1,0,0,0,0,0,0,0,0,0,0,5,1,0.0,0.012,0.0,0.0,0.998,0.09,0.1,89,166,0.999,0.104,0.122,0.05,0.0,0.0,0.0,0.0,normal
3.799,tcp,http,SF,410,1615,0,0,0,0,0,1,0,0,0,0,0,0,0,0,0,0,2,3,0.001,0.001,0.0,0.0,0.932,0.014,0.002,78,156,0.867,0.16,0.116,0.086,0.0,0.0,0.0,0.0,normal
1.55,tcp,http,SF,189,11164,0,0,0,0,0,1,0,0,0,0,0,0,0,0,0,0,6,9,0.0,0.0,0.0,0.0,0.925,0.041,0.082,109,248,0.818,0.09,0.096,0.033,0.0,0.0,0.0,0.0,normal
0.933,tcp,http,SF,207,1848,0,0,0,0,0,1,0,0,0,0,0,0,0,0,0,0,1,4,0.006,0.0,0.0,0.0,0.885,0.123,0.007,199,251,0.895,0.048,0.09,0.04,0.0,0.0,0.0,0.0,normal
0.412,tcp,http,SF,228,3757,0,0,0,0,0,1,0,0,0,0,0,0,0,0,0,0,4,2,0.0,0.0,0.0,0.0,0.965,0.071,0.001,236,174,0.873,0.091,0.137,0.042,0.0,0.0,0.0,0.0,normal
0.149,udp,dns,SF,59,111,0,0,0,0,0,0,0,0,0,0,0,0,0,0,0,0,7,3,0.0,0.005,0.0,0.0,0.941,0.032,0.066,41,117,0.815,0.095,0.122,0.044,0.0,0.0,0.0,0.0,normal
0.94,tcp,http,SF,481,3934,0,0,0,0,0,1,0,0,0,0,0,0,0,0,0,0,1,2,0.0,0.0,0.0,0.0,0.983,0.135,0.059,170,68,0.994,0.087,0.136,0.024,0.0,0.0,0.0,0.0,normal
0.17,udp,dns,SF,64,125,0,0,0,0,0,0,0,0,0,0,0,0,0,0,0,0,6,5,0.008,0.0,0.0,0.0,0.888,0.041,0.087,91,154,0.988,0.091,0.094,0.057,0.0,0.0,0.0,0.0,normal
0.034,udp,dns,SF,48,106,0,0,0,0,0,0,0,0,0,0,0,0,0,0,0,0,3,5,0.002,0.0,0.0,0.0,0.967,0.141,0.039,246,84,0.947,0.137,0.143,0.021,0.0,0.0,0.0,0.0,normal
6.989,tcp,http,SF,219,9525,0,0,0,0,0,1,0,0,0,0,0,0,0,0,0,0,7,6,0.003,0.0,0.0,0.0,0.874,0.05,0.046,16,64,0.801,0.163,0.12,0.091,0.0,0.0,0.0,0.0,normal
0.004,udp,dns,SF,64,90,0,0,0,0,0,0,0,0,0,0,0,0,0,0,0,0,5,4,0.0,0.0,0.0,0.0,0.927,0.094,0.022,195,210,0.849,0.065,0.02,0.015,0.0,0.0,0.0,0.0,normal
3.852,tcp,http,SF,156,722,0,0,0,0,0,1,0,0,0,0,0,0,0,0,0,0,3,6,0.0,0.007,0.0,0.0,0.933,0.024,0.092,42,175,0.876,0.006,0.081,0.085,0.0,0.0,0.0,0.0,normal
1.739,tcp,http,SF,465,907,0,0,0,0,0,1,0,0,0,0,0,0,0,0,0,0,5,9,0.1,0.041,0.0,0.0,0.879,0.054,0.016,114,45,0.867,0.16,0.131,0.028,0.0,0.0,0.0,0.0,normal
19.7,tcp,smtp,SF,813,1432,0,0,0,0,0,1,0,0,0,0,0,0,0,0,0,0,5,1,0.004,0.0,0.0,0.0,0.87,0.135,0.076,226,203,0.881,0.125,0.104,0.099,0.0,0.0,0.0,0.0,normal
151.881,tcp,ssh,SF,2610,5063,0,0,0,0,0,1,0,0,0,0,0,0,0,0,0,0,1,1,0.0,0.0,0.0,0.0,0.997,0.139,0.09,48,29,0.865,0.052,0.029,0.058,0.0,0.0,0.0,0.0,normal
1.748,tcp,http,SF,195,760,0,0,0,0,0,1,0,0,0,0,0,0,0,0,0,0,4,9,0.001,0.001,0.0,0.0,0.877,0.028,0.042,200,233,0.911,0.125,0.078,0.03,0.0,0.0,0.0,0.0,normal
0.268,tcp,http,SF,279,11184,0,0,0,0,0,1,0,0,0,0,0,0,0,0,0,0,10,2,0.0,0.0,0.0,0.0,0.874,0.074,0.041,90,77,0.862,0.09,0.035,0.044,0.0,0.0,0.0,0.0,normal
0.02,udp,dns,SF,98,141,0,0,0,0,0,0,0,0,0,0,0,0,0,0,0,0,5,1,0.0,0.0,0.0,0.0,0.984,0.125,0.011,232,165,0.89,0.123,0.073,0.02,0.0,0.0,0.0,0.0,normal
4.88,tcp,http,SF,182,2573,0,0,0,0,0,1,0,0,0,0,0,0,0,0,0,0,5,2,0.001,0.0,0.0,0.0,0.975,0.093,0.033,139,219,0.953,0.063,0.014,0.063,0.0,0.0,0.0,0.0,normal
2.51,tcp,http,SF,214,758,0,0,0,0,0,1,0,0,0,0,0,0,0,0,0,0,3,3,0.0,0.016,0.0,0.0,0.87,0.045,0.038,57,135,0.862,0.051,0.038,0.044,0.0,0.0,0.0,0.0,normal
5.396,tcp,http,SF,207,2181,0,0,0,0,0,1,0,0,0,0,0,0,0,0,0,0,4,1,0.0,0.038,0.0,0.0,0.969,0.046,0.054,181,56,0.819,0.056,0.109,0.003,0.0,0.0,0.0,0.0,normal
0.015,udp,dns,SF,50,142,0,0,0,0,0,0,0,0,0,0,0,0,0,0,0,0,5,4,0.007,0.0,0.0,0.0,0.951,0.022,0.067,53,78,0.889,0.114,0.015,0.06,0.0,0.0,0.0,0.0,normal
0.13,udp,dns,SF,50,209,0,0,0,0,0,0,0,0,0,0,0,0,0,0,0,0,5,4,0.0,0.0,0.0,0.0,0.85,0.091,0.025,73,140,0.826,0.192,0.1,0.034,0.0,0.0,0.0,0.0,normal
3.953,tcp,http,SF,344,1009,0,0,0,0,0,1,0,0,0,0,0,0,0,0,0,0,2,1,0.0,0.0,0.0,0.0,0.889,0.024,0.021,114,148,0.834,0.189,0.046,0.056,0.0,0.0,0.0,0.0,normal
0.059,udp,dns,SF,39,128,0,0,0,0,0,0,0,0,0,0,0,0,0,0,0,0,8,4,0.011,0.001,0.0,0.0,0.996,0.043,0.048,17,221,0.918,0.168,0.0,0.052,0.0,0.0,0.0,0.0,normal
3.054,tcp,http,SF,341,1132,0,0,0,0,0,1,0,0,0,0,0,0,0,0,0,0,7,4,0.0,0.0,0.0,0.0,0.903,0.113,0.05,245,142,0.808,0.188,0.008,0.013,0.0,0.0,0.0,0.0,normal
15.866,tcp,ssh,SF,1811,3517,0,0,0,0,0,1,0,0,0,0,0,0,0,0,0,0,3,6,0.0,0.001,0.0,0.0,0.985,0.137,0.069,197,151,0.928,0.076,0.063,0.051,0.0,0.0,0.0,0.0,normal
1.01,tcp,http,SF,416,4500,0,0,0,0,0,1,0,0,0,0,0,0,0,0,0,0,5,3,0.067,0.0,0.0,0.0,0.859,0.014,0.052,221,216,0.9,0.113,0.149,0.024,0.0,0.0,0.0,0.0,normal
3.082,tcp,http,SF,310,3915,0,0,0,0,0,1,0,0,0,0,0,0,0,0,0,0,6,6,0.051,0.0,0.0,0.0,0.964,0.08,0.015,71,174,0.957,0.109,0.025,0.097,0.0,0.0,0.0,0.0,normal
0.05,udp,dns,SF,89,139,0,0,0,0,0,0,0,0,0,0,0,0,0,0,0,0,5,1,0.09,0.001,0.0,0.0,0.901,0.058,0.017,139,20,0.844,0.021,0.079,0.031,0.0,0.0,0.0,0.0,normal
0.028,udp,dns,SF,74,121,0,0,0,0,0,0,0,0,0,0,0,0,0,0,0,0,3,3,0.0,0.0,0.0,0.0,0.912,0.119,0.005,36,152,0.904,0.035,0.071,0.099,0.0,0.0,0.0,0.0,normal
5.964,tcp,http,SF,160,2016,0,0,0,0,0,1,0,0,0,0,0,0,0,0,0,0,2,5,0.002,0.031,0.0,0.0,0.931,0.1,0.097,51,37,0.962,0.187,0.019,0.099,0.0,0.0,0.0,0.0,normal
8.132,tcp,http,SF,366,5453,0,0,0,0,0,1,0,0,0,0,0,0,0,0,0,0,6,2,0.0,0.0,0.0,0.0,0.862,0.052,0.057,21,171,0.855,0.08,0.143,0.013,0.0,0.0,0.0,0.0,normal
0.004,tcp,ssh,SF,3305,6518,0,0,0,0,0,1,0,0,0,0,0,0,0,0,0,0,2,5,0.0,0.002,0.0,0.0,0.86,0.025,0.07,78,10,0.931,0.084,0.134,0.054,0.0,0.0,0.0,0.0,normal
7.76,tcp,smtp,SF,846,1919,0,0,0,0,0,1,0,0,0,0,0,0,0,0,0,0,5,2,0.0,0.001,0.0,0.0,0.921,0.147,0.031,12,53,0.806,0.127,0.019,0.086,0.0,0.0,0.0,0.0,normal
1.68,tcp,http,SF,227,1792,0,0,0,0,0,1,0,0,0,0,0,0,0,0,0,0,5,3,0.001,0.0,0.0,0.0,0.886,0.015,0.033,217,23,0.953,0.037,0.015,0.075,0.0,0.0,0.0,0.0,normal
0.032,udp,dns,SF,60,76,0,0,0,0,0,0,0,0,0,0,0,0,0,0,0,0,3,3,0.0,0.033,0.0,0.0,0.852,0.093,0.032,141,61,0.994,0.047,0.138,0.064,0.0,0.0,0.0,0.0,normal
0.577,tcp,http,SF,332,100,0,0,0,0,0,1,0,0,0,0,0,0,0,0,0,0,3,7,0.055,0.003,0.0,0.0,0.888,0.001,0.02,166,241,0.86,0.11,0.089,0.071,0.0,0.0,0.0,0.0,normal
0.068,udp,dns,SF,67,106,0,0,0,0,0,0,0,0,0,0,0,0,0,0,0,0,3,6,0.024,0.0,0.0,0.0,0.859,0.123,0.075,112,209,0.905,0.117,0.017,0.082,0.0,0.0,0.0,0.0,normal
14.585,tcp,ssh,SF,4303,3334,0,0,0,0,0,1,0,0,0,0,0,0,0,0,0,0,1,3,0.0,0.0,0.0,0.0,0.892,0.058,0.055,16,112,0.868,0.192,0.039,0.034,0.0,0.0,0.0,0.0,normal
0.236,tcp,http,SF,716,6997,0,0,0,0,0,1,0,0,0,0,0,0,0,0,0,0,3,2,0.0,0.0,0.0,0.0,0.976,0.13,0.012,146,69,0.942,0.107,0.012,0.09,0.0,0.0,0.0,0.0,normal
1.902,tcp,http,SF,319,5787,0,0,0,1,0,1,0,0,0,0,0,0,0,0,0,0,2,3,0.044,0.0,0.0,0.0,0.926,0.105,0.013,124,45,0.815,0.034,0.037,0.057,0.0,0.0,0.0,0.0,normal
2.204,tcp,http,SF,153,5069,0,0,0,0,0,1,0,0,0,0,0,0,0,0,0,0,3,5,0.114,0.0,0.0,0.0,0.959,0.13,0.072,23,18,0.978,0.107,0.091,0.041,0.0,0.0,0.0,0.0,normal
0.556,tcp,http,SF,332,3984,0,0,0,0,0,1,0,0,0,0,0,0,0,0,0,0,4,2,0.0,0.0,0.0,0.0,0.911,0.042,0.076,241,198,0.98,0.153,0.105,0.0,0.0,0.0,0.0,0.0,normal
11.895,tcp,ssh,SF,1720,2684,0,0,0,0,0,1,0,0,0,0,0,0,0,0,0,0,5,2,0.0,0.0,0.0,0.0,0.971,0.138,0.039,108,184,0.969,0.079,0.043,0.037,0.0,0.0,0.0,0.0,normal
3.045,tcp,smtp,SF,688,1359,0,0,0,0,0,1,0,0,0,0,0,0,0,0,0,0,1,3,0.045,0.0,0.0,0.0,0.905,0.136,0.071,167,213,0.885,0.127,0.046,0.044,0.0,0.0,0.0,0.0,normal
3.512,tcp,http,SF,384,893,0,0,0,0,0,1,0,0,0,0,0,0,0,0,0,0,6,2,0.011,0.0,0.0,0.0,0.893,0.054,0.071,59,55,0.888,0.175,0.005,0.057,0.0,0.0,0.0,0.0,normal
0.831,tcp,http,SF,411,3520,0,0,0,0,0,1,0,0,0,0,0,0,0,0,0,0,3,5,0.0,0.029,0.0,0.0,0.859,0.035,0.065,252,16,0.85,0.121,0.123,0.069,0.0,0.0,0.0,0.0,normal
53.375,tcp,ssh,SF,2099,4571,0,0,0,0,0,1,0,0,0,0,0,0,0,0,0,0,4,3,0.0,0.016,0.0,0.0,0.899,0.061,0.055,89,251,0.869,0.127,0.137,0.028,0.0,0.0,0.0,0.0,normal
3.647,tcp,http,SF,263,1128,0,0,0,0,0,1,0,0,0,0,0,0,0,0,0,0,3,2,0.0,0.001,0.0,0.0,0.88,0.125,0.088,121,146,0.826,0.044,0.003,0.029,0.0,0.0,0.0,0.0,normal
5.724,tcp,http,SF,370,3597,0,0,0,0,0,1,0,0,0,0,0,0,0,0,0,0,5,7,0.0,0.013,0.0,0.0,0.863,0.148,0.028,191,182,0.959,0.075,0.133,0.081,0.0,0.0,0.0,0.0,normal
0.078,udp,dns,SF,67,210,0,0,0,0,0,0,0,0,0,0,0,0,0,0,0,0,6,1,0.0,0.197,0.0,0.0,0.875,0.08,0.046,89,171,0.947,0.051,0.043,0.087,0.0,0.0,0.0,0.0,normal
1.596,tcp,http,SF,553,1163,0,0,0,0,0,1,0,0,0,0,0,0,0,0,0,0,4,2,0.0,0.0,0.0,0.0,0.909,0.06,0.033,81,193,0.942,0.007,0.053,0.057,0.0,0.0,0.0,0.0,normal
8.637,tcp,http,SF,297,86,0,0,0,0,0,1,0,0,0,0,0,0,0,0,0,0,7,4,0.006,0.0,0.0,0.0,0.998,0.143,0.085,139,128,0.857,0.189,0.022,0.004,0.0,0.0,0.0,0.0,normal
0.049,udp,dns,SF,78,147,0,0,0,0,0,0,0,0,0,0,0,0,0,0,0,0,7,2,0.0,0.0,0.0,0.0,0.939,0.01,0.001,90,240,0.984,0.049,0.143,0.01,0.0,0.0,0.0,0.0,normal
0.945,tcp,smtp,SF,579,1169,0,0,0,0,0,1,0,0,0,0,0,0,0,0,0,0,3,1,0.0,0.0,0.0,0.0,0.952,0.116,0.023,29,183,0.881,0.068,0.105,0.082,0.0,0.0,0.0,0.0,normal
2.093,tcp,http,SF,311,3049,0,0,0,0,0,1,0,0,0,0,0,0,0,0,0,0,10,2,0.0,0.011,0.0,0.0,0.858,0.009,0.04,250,207,0.868,0.138,0.084,0.04,0.0,0.0,0.0,0.0,normal
0.266,tcp,http,SF,289,1092,0,0,0,0,0,1,0,0,0,0,0,0,0,0,0,0,8,2,0.001,0.0,0.0,0.0,0.937,0.117,0.035,58,122,0.885,0.15,0.023,0.048,0.0,0.0,0.0,0.0,normal
22.601,tcp,ssh,SF,2386,3206,0,0,0,0,0,1,0,0,0,0,0,0,0,0,0,0,2,4,0.0,0.0,0.0,0.0,0.947,0.127,0.01,216,98,0.87,0.016,0.046,0.043,0.0,0.0,0.0,0.0,normal
100.292,tcp,ssh,SF,1906,6043,0,0,0,0,0,1,0,0,0,0,0,0,0,0,0,0,5,3,0.0,0.0,0.0,0.0,0.898,0.021,0.09,47,57,0.999,0.062,0.064,0.062,0.0,0.0,0.0,0.0,normal
0.024,udp,dns,SF,97,155,0,0,0,0,0,0,0,0,0,0,0,0,0,0,0,0,9,1,0.0,0.0,0.0,0.0,0.924,0.05,0.058,107,38,0.9,0.192,0.117,0.09,0.0,0.0,0.0,0.0,normal
0.6,tcp,http,SF,317,10749,0,0,0,0,0,1,0,0,0,0,0,0,0,0,0,0,6,2,0.007,0.0,0.0,0.0,0.87,0.041,0.083,150,135,0.86,0.17,0.136,0.063,0.0,0.0,0.0,0.0,normal
20.757,tcp,ssh,SF,2449,2927,0,0,0,0,0,1,0,0,0,0,0,0,0,0,0,0,3,2,0.007,0.044,0.0,0.0,0.862,0.109,0.07,26,144,0.967,0.141,0.075,0.057,0.0,0.0,0.0,0.0,normal
150.009,tcp,ssh,SF,5783,6705,0,0,0,0,0,1,0,0,0,0,0,0,0,0,0,0,3,1,0.007,0.031,0.0,0.0,0.887,0.117,0.076,222,129,0.82,0.16,0.085,0.037,0.0,0.0,0.0,0.0,normal
7.511,tcp,http,SF,261,3204,0,0,0,0,0,1,0,0,0,0,0,0,0,0,0,0,6,1,0.0,0.0,0.0,0.0,0.888,0.005,0.022,91,38,0.973,0.129,0.04,0.063,0.0,0.0,0.0,0.0,normal
5.615,tcp,http,SF,327,1734,0,0,0,0,0,1,0,0,0,0,0,0,0,0,0,0,5,1,0.04,0.001,0.0,0.0,0.903,0.138,0.02,74,109,0.976,0.082,0.076,0.05,0.0,0.0,0.0,0.0,normal
1.838,tcp,http,SF,233,642,0,0,0,0,0,1,0,0,0,0,0,0,0,0,0,0,4,1,0.0,0.0,0.0,0.0,0.903,0.035,0.098,43,218,0.84,0.088,0.041,0.049,0.0,0.0,0.0,0.0,normal
0.008,udp,dns,SF,58,93,0,0,0,0,0,0,0,0,0,0,0,0,0,0,0,0,4,3,0.005,0.0,0.0,0.0,0.9,0.049,0.085,105,200,0.807,0.098,0.132,0.049,0.0,0.0,0.0,0.0,normal
0.0,udp,dns,SF,68,110,0,0,0,0,0,0,0,0,0,0,0,0,0,0,0,0,3,2,0.0,0.016,0.0,0.0,0.916,0.027,0.086,97,158,0.956,0.164,0.06,0.094,0.0,0.0,0.0,0.0,normal
0.122,tcp,http,SF,273,382,0,0,0,0,0,1,0,0,0,0,0,0,0,0,0,0,2,3,0.0,0.01,0.0,0.0,0.88,0.044,0.073,141,113,0.931,0.109,0.13,0.057,0.0,0.0,0.0,0.0,normal
0.015,udp,dns,SF,61,88,0,0,0,0,0,0,0,0,0,0,0,0,0,0,0,0,4,2,0.233,0.029,0.0,0.0,0.851,0.129,0.011,141,88,0.871,0.168,0.003,0.013,0.0,0.0,0.0,0.0,normal
12.425,tcp,smtp,SF,1314,1496,0,0,0,0,0,1,0,0,0,0,0,0,0,0,0,0,8,2,0.001,0.014,0.0,0.0,0.86,0.049,0.008,84,149,0.979,0.016,0.09,0.078,0.0,0.0,0.0,0.0,normal
0.028,udp,dns,SF,42,137,0,0,0,0,0,0,0,0,0,0,0,0,0,0,0,0,2,5,0.0,0.0,0.0,0.0,0.966,0.085,0.027,196,60,0.887,0.007,0.134,0.021,0.0,0.0,0.0,0.0,normal
44.94,tcp,ssh,SF,2233,4734,0,0,0,0,0,1,0,0,0,0,0,0,0,0,0,0,2,2,0.0,0.0,0.0,0.0,0.942,0.062,0.032,89,249,0.975,0.057,0.044,0.07,0.0,0.0,0.0,0.0,normal
0.012,udp,dns,SF,77,120,0,0,0,0,0,0,0,0,0,0,0,0,0,0,0,0,4,2,0.0,0.0,0.0,0.0,0.978,0.123,0.079,66,101,0.966,0.042,0.135,0.086,0.0,0.0,0.0,0.0,normal
4.257,tcp,http,SF,287,6078,0,0,0,0,0,1,0,0,0,0,0,0,0,0,0,0,7,3,0.0,0.0,0.0,0.0,0.99,0.131,0.029,145,108,0.939,0.044,0.115,0.066,0.0,0.0,0.0,0.0,normal
0.027,udp,dns,SF,82,82,0,0,0,0,0,0,0,0,0,0,0,0,0,0,0,0,2,3,0.004,0.0,0.0,0.0,0.897,0.015,0.034,207,187,0.826,0.066,0.041,0.001,0.0,0.0,0.0,0.0,normal
2.63,tcp,http,SF,605,766,0,0,0,0,0,1,0,0,0,0,0,0,0,0,0,0,1,3,0.0,0.012,0.0,0.0,0.99,0.022,0.019,202,131,0.85,0.161,0.047,0.088,0.0,0.0,0.0,0.0,normal
3.55,tcp,http,SF,417,2005,0,0,0,0,0,1,0,0,0,0,0,0,0,0,0,0,2,1,0.001,0.011,0.0,0.0,0.992,0.021,0.048,154,108,0.901,0.085,0.031,0.08,0.0,0.0,0.0,0.0,normal
0.14,udp,dns,SF,73,160,0,0,0,0,0,0,0,0,0,0,0,0,0,0,0,0,6,2,0.0,0.0,0.0,0.0,0.99,0.019,0.01,180,155,0.892,0.056,0.038,0.063,0.0,0.0,0.0,0.0,normal
0.309,tcp,other,SF,157,174,0,0,0,0,0,0,0,0,0,0,0,0,0,0,0,0,3,5,0.0,0.001,0.0,0.0,0.952,0.09,0.054,22,122,0.962,0.085,0.111,0.051,0.0,0.0,0.0,0.0,normal
5.496,tcp,http,SF,224,2834,0,0,0,0,0,1,0,0,0,0,0,0,0,0,0,0,4,2,0.0,0.0,0.0,0.0,0.973,0.021,0.073,15,51,0.901,0.171,0.074,0.019,0.0,0.0,0.0,0.0,normal
0.005,udp,dns,SF,88,121,0,0,0,0,0,0,0,0,0,0,0,0,0,0,0,0,4,2,0.01,0.0,0.0,0.0,0.887,0.124,0.032,98,110,0.868,0.182,0.015,0.006,0.0,0.0,0.0,0.0,normal
0.534,tcp,http,SF,280,211,0,0,0,0,0,1,0,0,0,0,0,0,0,0,0,0,7,6,0.0,0.0,0.0,0.0,0.998,0.099,0.079,153,148,0.917,0.092,0.027,0.095,0.0,0.0,0.0,0.0,normal
0.908,tcp,http,SF,361,8060,0,0,0,0,0,1,0,0,0,0,0,0,0,0,0,0,6,5,0.0,0.0,0.0,0.0,0.927,0.054,0.017,27,196,0.879,0.162,0.067,0.1,0.0,0.0,0.0,0.0,normal
3.525,tcp,http,SF,375,1901,0,0,0,0,0,1,0,0,0,0,0,0,0,0,0,0,2,8,0.0,0.0,0.0,0.0,0.987,0.051,0.012,34,95,0.932,0.097,0.036,0.096,0.0,0.0,0.0,0.0,normal
2.38,tcp,http,SF,265,7591,0,0,0,0,0,1,0,0,0,0,0,0,0,0,0,0,5,1,0.0,0.0,0.0,0.0,0.86,0.127,0.022,186,111,0.853,0.131,0.021,0.031,0.0,0.0,0.0,0.0,normal
0.371,tcp,http,SF,233,9913,0,0,0,0,0,1,0,0,0,0,0,0,0,0,0,0,6,5,0.0,0.0,0.0,0.0,0.858,0.096,0.072,205,106,0.845,0.002,0.123,0.01,0.0,0.0,0.0,0.0,normal
0.018,udp,dns,SF,90,103,0,0,0,0,0,0,0,0,0,0,0,0,0,0,0,0,4,5,0.003,0.0,0.0,0.0,0.904,0.076,0.058,83,95,0.819,0.025,0.065,0.072,0.0,0.0,0.0,0.0,normal
0.314,tcp,http,SF,586,2237,0,0,0,0,0,1,0,0,0,0,0,0,0,0,0,0,4,5,0.0,0.0,0.0,0.0,0.855,0.143,0.034,55,232,0.918,0.147,0.14,0.091,0.0,0.0,0.0,0.0,normal
0.061,udp,dns,SF,74,169,0,0,0,0,0,0,0,0,0,0,0,0,0,0,0,0,5,3,0.001,0.0,0.0,0.0,0.931,0.088,0.068,230,22,0.844,0.117,0.119,0.017,0.0,0.0,0.0,0.0,normal
1.81,tcp,smtp,SF,639,1146,0,0,0,0,0,1,0,0,0,0,0,0,0,0,0,0,3,4,0.001,0.0,0.0,0.0,0.937,0.064,0.082,189,16,0.808,0.193,0.083,0.037,0.0,0.0,0.0,0.0,normal
1.535,tcp,http,SF,279,576,0,0,0,0,0,1,0,0,0,0,0,0,0,0,0,0,8,2,0.0,0.028,0.0,0.0,0.996,0.133,0.011,37,225,0.802,0.102,0.107,0.058,0.0,0.0,0.0,0.0,normal
4.943,tcp,smtp,SF,635,1203,0,0,0,0,0,1,0,0,0,0,0,0,0,0,0,0,1,4,0.0,0.0,0.0,0.0,0.863,0.065,0.093,25,133,0.894,0.089,0.04,0.044,0.0,0.0,0.0,0.0,normal
0.348,tcp,smtp,SF,610,1258,0,0,0,0,0,1,0,0,0,0,0,0,0,0,0,0,3,4,0.015,0.0,0.0,0.0,0.987,0.092,0.039,217,233,0.893,0.035,0.144,0.046,0.0,0.0,0.0,0.0,normal
2.482,tcp,http,SF,485,5582,0,0,0,0,0,1,0,0,0,0,0,0,0,0,0,0,5,1,0.0,0.003,0.0,0.0,0.872,0.064,0.032,165,28,0.947,0.112,0.088,0.043,0.0,0.0,0.0,0.0,normal
1.127,tcp,http,SF,201,4844,0,0,0,0,0,1,0,0,0,0,0,0,0,0,0,0,6,2,0.0,0.0,0.0,0.0,0.987,0.055,0.096,131,45,0.982,0.188,0.108,0.071,0.0,0.0,0.0,0.0,normal
5.615,tcp,http,SF,305,14506,0,0,0,0,0,1,0,0,0,0,0,0,0,0,0,0,1,4,0.0,0.0,0.0,0.0,0.928,0.062,0.073,159,229,0.906,0.189,0.038,0.069,0.0,0.0,0.0,0.0,normal
0.005,udp,dns,SF,88,87,0,0,0,0,0,0,0,0,0,0,0,0,0,0,0,0,6,2,0.0,0.0,0.0,0.0,0.937,0.068,0.055,71,241,0.917,0.188,0.01,0.086,0.0,0.0,0.0,0.0,normal
0.442,tcp,http,SF,390,4791,0,0,0,0,0,1,0,0,0,0,0,0,0,0,0,0,6,1,0.0,0.0,0.0,0.0,0.936,0.122,0.061,63,36,0.924,0.06,0.101,0.052,0.0,0.0,0.0,0.0,normal
0.145,udp,dns,SF,52,78,0,0,0,0,0,0,0,0,0,0,0,0,0,0,0,0,2,3,0.007,0.0,0.0,0.0,0.903,0.117,0.018,54,179,0.996,0.191,0.118,0.043,0.0,0.0,0.0,0.0,normal
0.159,tcp,http,SF,290,16,0,0,0,0,0,1,0,0,0,0,0,0,0,0,0,0,4,3,0.004,0.0,0.0,0.0,0.994,0.138,0.025,119,15,0.839,0.111,0.003,0.097,0.0,0.0,0.0,0.0,normal
2.214,tcp,http,SF,208,722,0,0,0,0,0,1,0,0,0,0,0,0,0,0,0,0,2,4,0.0,0.0,0.0,0.0,0.975,0.034,0.099,72,185,0.998,0.194,0.053,0.003,0.0,0.0,0.0,0.0,normal
2.379,tcp,http,SF,393,60,0,0,0,0,0,1,0,0,0,0,0,0,0,0,0,0,3,2,0.0,0.01,0.0,0.0,0.992,0.102,0.032,105,165,0.826,0.048,0.03,0.064,0.0,0.0,0.0,0.0,normal
1.149,tcp,smtp,SF,781,1705,0,0,0,0,0,1,0,0,0,0,0,0,0,0,0,0,3,2,0.0,0.0,0.0,0.0,0.954,0.079,0.069,163,190,0.848,0.002,0.025,0.057,0.0,0.0,0.0,0.0,normal
0.014,udp,dns,SF,53,142,0,0,0,0,0,0,0,0,0,0,0,0,0,0,0,0,4,3,0.0,0.014,0.0,0.0,0.946,0.032,0.003,199,254,0.814,0.058,0.057,0.046,0.0,0.0,0.0,0.0,normal
0.637,tcp,http,SF,357,1278,0,0,0,0,0,1,0,0,0,0,0,0,0,0,0,0,3,3,0.04,0.0,0.0,0.0,0.857,0.101,0.04,106,55,0.845,0.069,0.088,0.079,0.0,0.0,0.0,0.0,normal
0.071,udp,dns,SF,79,108,0,0,0,0,0,0,0,0,0,0,0,0,0,0,0,0,1,3,0.002,0.006,0.0,0.0,0.932,0.006,0.025,226,219,0.963,0.083,0.062,0.017,0.0,0.0,0.0,0.0,normal
0.565,tcp,http,SF,376,675,0,0,0,0,0,1,0,0,0,0,0,0,0,0,0,0,5,4,0.0,0.0,0.0,0.0,0.977,0.028,0.031,91,110,0.832,0.16,0.077,0.062,0.0,0.0,0.0,0.0,normal
2.021,tcp,smtp,SF,1147,966,0,0,0,0,0,1,0,0,0,0,0,0,0,0,0,0,3,2,0.0,0.006,0.0,0.0,0.86,0.093,0.045,189,155,0.97,0.151,0.037,0.076,0.0,0.0,0.0,0.0,normal
1.167,tcp,http,SF,348,277,0,0,0,0,0,1,0,0,0,0,0,0,0,0,0,0,2,7,0.001,0.086,0.0,0.0,0.884,0.06,0.084,21,176,0.81,0.143,0.086,0.053,0.0,0.0,0.0,0.0,normal
2.776,tcp,smtp,SF,912,1356,0,0,0,0,0,1,0,0,0,0,0,0,0,0,0,0,2,7,0.0,0.0,0.0,0.0,0.982,0.095,0.009,213,156,0.837,0.09,0.135,0.008,0.0,0.0,0.0,0.0,normal
0.135,udp,dns,SF,100,148,0,0,0,0,0,0,0,0,0,0,0,0,0,0,0,0,4,1,0.008,0.0,0.0,0.0,0.996,0.141,0.021,43,226,0.95,0.06,0.074,0.054,0.0,0.0,0.0,0.0,normal
6.317,tcp,smtp,SF,631,1452,0,0,0,0,0,1,0,0,0,0,0,0,0,0,0,0,4,3,0.0,0.0,0.0,0.0,0.863,0.059,0.03,79,106,0.954,0.192,0.092,0.04,0.0,0.0,0.0,0.0,normal
0.044,udp,dns,SF,38,154,0,0,0,0,0,0,0,0,0,0,0,0,0,0,0,0,8,4,0.005,0.0,0.0,0.0,0.927,0.029,0.035,200,212,0.948,0.066,0.033,0.02,0.0,0.0,0.0,0.0,normal
0.653,tcp,http,SF,348,2856,0,0,0,0,0,1,0,0,0,0,0,0,0,0,0,0,2,4,0.004,0.0,0.0,0.0,0.908,0.03,0.009,88,196,0.849,0.124,0.123,0.048,0.0,0.0,0.0,0.0,normal
0.788,tcp,http,SF,277,3213,0,0,0,0,0,1,0,0,0,0,0,0,0,0,0,0,3,3,0.004,0.003,0.0,0.0,0.914,0.114,0.068,67,155,0.875,0.15,0.1,0.081,0.0,0.0,0.0,0.0,normal
0.041,udp,dns,SF,62,126,0,0,0,0,0,0,0,0,0,0,0,0,0,0,0,0,5,2,0.0,0.0,0.0,0.0,0.952,0.14,0.03,137,83,0.952,0.041,0.143,0.024,0.0,0.0,0.0,0.0,normal
0.004,udp,dns,SF,53,146,0,0,0,0,0,0,0,0,0,0,0,0,0,0,0,0,5,2,0.0,0.0,0.0,0.0,0.965,0.041,0.006,215,106,0.862,0.018,0.042,0.097,0.0,0.0,0.0,0.0,normal
4.502,tcp,http,SF,184,2769,0,0,0,0,0,1,0,0,0,0,0,0,0,0,0,0,4,4,0.247,0.0,0.0,0.0,0.992,0.059,0.008,162,40,0.84,0.152,0.044,0.022,0.0,0.0,0.0,0.0,normal
0.061,udp,dns,SF,68,175,0,0,0,0,0,0,0,0,0,0,0,0,0,0,0,0,5,2,0.012,0.0,0.0,0.0,0.995,0.086,0.089,132,129,0.962,0.051,0.059,0.036,0.0,0.0,0.0,0.0,normal
44.573,tcp,ssh,SF,2306,3912,0,0,0,0,0,1,0,0,0,0,0,0,0,0,0,0,2,4,0.0,0.019,0.0,0.0,0.889,0.078,0.017,104,166,0.962,0.026,0.085,0.043,0.0,0.0,0.0,0.0,normal
3.014,tcp,http,SF,376,1344,0,0,0,0,0,1,0,0,0,0,0,0,0,0,0,0,5,2,0.0,0.025,0.0,0.0,0.85,0.122,0.01,155,177,0.858,0.191,0.147,0.016,0.0,0.0,0.0,0.0,normal
227.901,tcp,ssh,SF,2412,3300,0,0,0,0,0,1,0,0,0,0,0,0,0,0,0,0,6,2,0.003,0.15,0.0,0.0,0.886,0.143,0.044,129,20,0.967,0.007,0.055,0.037,0.0,0.0,0.0,0.0,normal
30.212,tcp,ssh,SF,2620,4230,0,0,0,0,0,1,0,0,0,0,0,0,0,0,0,0,5,1,0.0,0.093,0.0,0.0,0.97,0.011,0.0,151,131,0.958,0.009,0.119,0.093,0.0,0.0,0.0,0.0,normal
0.095,tcp,http,SF,264,1348,0,0,0,0,0,1,0,0,0,0,0,0,0,0,0,0,3,2,0.0,0.0,0.0,0.0,0.98,0.055,0.044,236,119,0.886,0.082,0.075,0.062,0.0,0.0,0.0,0.0,normal
1.702,tcp,http,SF,270,176,0,0,0,0,0,1,0,0,0,0,0,0,0,0,0,0,6,3,0.0,0.0,0.0,0.0,0.994,0.011,0.056,244,107,0.854,0.016,0.13,0.073,0.0,0.0,0.0,0.0,normal
0.766,tcp,http,SF,255,7510,0,0,0,0,0,1,0,0,0,0,0,0,0,0,0,0,4,5,0.0,0.009,0.0,0.0,0.866,0.133,0.055,159,102,0.881,0.143,0.04,0.066,0.0,0.0,0.0,0.0,normal
0.266,tcp,http,SF,181,7481,0,0,0,0,0,1,0,0,0,0,0,0,0,0,0,0,4,6,0.001,0.0,0.0,0.0,0.87,0.127,0.088,159,89,0.966,0.044,0.067,0.059,0.0,0.0,0.0,0.0,normal
0.041,udp,dns,SF,74,119,0,0,0,0,0,0,0,0,0,0,0,0,0,0,0,0,4,4,0.0,0.0,0.0,0.0,0.851,0.074,0.095,84,234,0.926,0.001,0.011,0.03,0.0,0.0,0.0,0.0,normal
0.218,udp,dns,SF,52,145,0,0,0,0,0,0,0,0,0,0,0,0,0,0,0,0,2,5,0.0,0.0,0.0,0.0,0.895,0.031,0.073,222,61,0.919,0.163,0.109,0.087,0.0,0.0,0.0,0.0,normal
3.342,tcp,smtp,SF,504,1278,0,0,0,0,0,1,0,0,0,0,0,0,0,0,0,0,6,4,0.0,0.001,0.0,0.0,0.997,0.098,0.028,19,244,0.81,0.112,0.111,0.061,0.0,0.0,0.0,0.0,normal
3.569,tcp,smtp,SF,741,589,0,0,0,0,0,1,0,0,0,0,0,0,0,0,0,0,2,5,0.005,0.126,0.0,0.0,0.982,0.051,0.094,18,138,0.906,0.117,0.05,0.087,0.0,0.0,0.0,0.0,normal
32.769,tcp,ssh,SF,1609,4567,0,0,0,0,0,1,0,0,0,0,0,0,0,0,0,0,6,3,0.0,0.024,0.0,0.0,0.868,0.003,0.058,141,75,0.857,0.142,0.12,0.094,0.0,0.0,0.0,0.0,normal
0.027,udp,dns,SF,64,115,0,0,0,0,0,0,0,0,0,0,0,0,0,0,0,0,6,2,0.0,0.0,0.0,0.0,0.897,0.035,0.002,67,221,0.945,0.026,0.092,0.011,0.0,0.0,0.0,0.0,normal
0.012,udp,dns,SF,68,95,0,0,0,0,0,0,0,0,0,0,0,0,0,0,0,0,4,3,0.015,0.002,0.0,0.0,0.878,0.002,0.052,108,17,0.937,0.023,0.131,0.028,0.0,0.0,0.0,0.0,normal
0.002,udp,dns,SF,91,102,0,0,0,0,0,0,0,0,0,0,0,0,0,0,0,0,3,3,0.001,0.0,0.0,0.0,0.975,0.006,0.045,119,191,0.881,0.045,0.001,0.003,0.0,0.0,0.0,0.0,normal
0.778,tcp,http,SF,377,1050,0,0,0,0,0,1,0,0,0,0,0,0,0,0,0,0,7,3,0.076,0.0,0.0,0.0,0.87,0.017,0.013,219,85,0.838,0.025,0.084,0.025,0.0,0.0,0.0,0.0,normal
0.01,udp,dns,SF,62,216,0,0,0,0,0,0,0,0,0,0,0,0,0,0,0,0,5,4,0.0,0.0,0.0,0.0,0.904,0.132,0.042,122,148,0.972,0.182,0.097,0.039,0.0,0.0,0.0,0.0,normal
0.047,udp,dns,SF,68,73,0,0,0,0,0,0,0,0,0,0,0,0,0,0,0,0,4,4,0.0,0.024,0.0,0.0,0.927,0.015,0.04,241,72,0.882,0.059,0.137,0.015,0.0,0.0,0.0,0.0,normal
134.471,tcp,ssh,SF,2384,2598,0,0,0,0,0,1,0,0,0,0,0,0,0,0,0,0,3,2,0.0,0.058,0.0,0.0,0.928,0.131,0.015,12,225,0.971,0.112,0.096,0.074,0.0,0.0,0.0,0.0,normal
6.35,tcp,http,SF,175,1219,0,0,0,0,0,1,0,0,0,0,0,0,0,0,0,0,2,3,0.022,0.0,0.0,0.0,0.855,0.059,0.08,123,17,0.872,0.159,0.108,0.002,0.0,0.0,0.0,0.0,normal
0.381,tcp,http,SF,264,395,0,0,0,0,0,1,0,0,0,0,0,0,0,0,0,0,4,3,0.036,0.0,0.0,0.0,0.853,0.132,0.059,117,56,0.878,0.145,0.089,0.017,0.0,0.0,0.0,0.0,normal
0.003,udp,dns,SF,45,125,0,0,0,0,0,0,0,0,0,0,0,0,0,0,0,0,4,4,0.013,0.0,0.0,0.0,0.961,0.016,0.002,252,186,0.837,0.108,0.062,0.047,0.0,0.0,0.0,0.0,normal
1.066,tcp,http,SF,311,1679,0,0,0,0,0,1,0,0,0,0,0,0,0,0,0,0,4,2,0.0,0.0,0.0,0.0,0.908,0.09,0.048,89,160,0.946,0.004,0.115,0.087,0.0,0.0,0.0,0.0,normal
2.923,tcp,http,SF,322,620,0,0,0,0,0,1,0,0,0,0,0,0,0,0,0,0,4,1,0.141,0.004,0.0,0.0,0.879,0.017,0.016,229,209,0.899,0.034,0.138,0.046,0.0,0.0,0.0,0.0,normal
2.166,tcp,http,SF,297,169,0,0,0,0,0,1,0,0,0,0,0,0,0,0,0,0,4,3,0.0,0.011,0.0,0.0,0.958,0.097,0.063,241,188,0.896,0.04,0.076,0.005,0.0,0.0,0.0,0.0,normal
3.344,tcp,http,SF,453,723,0,0,0,0,0,1,0,0,0,0,0,0,0,0,0,0,3,5,0.0,0.044,0.0,0.0,0.978,0.021,0.059,26,171,0.982,0.061,0.037,0.088,0.0,0.0,0.0,0.0,normal
1.459,tcp,http,SF,254,154,0,0,0,0,0,1,0,0,0,0,0,0,0,0,0,0,1,2,0.0,0.0,0.0,0.0,0.973,0.143,0.083,69,201,0.83,0.006,0.074,0.075,0.0,0.0,0.0,0.0,normal
0.966,tcp,http,SF,270,3073,0,0,0,0,0,1,0,0,0,0,0,0,0,0,0,0,2,3,0.0,0.0,0.0,0.0,0.933,0.047,0.021,36,141,0.946,0.101,0.142,0.03,0.0,0.0,0.0,0.0,normal
0.43,tcp,http,SF,355,197,0,0,0,0,0,1,0,0,0,0,0,0,0,0,0,0,5,3,0.003,0.001,0.0,0.0,0.918,0.039,0.024,51,155,0.833,0.073,0.11,0.077,0.0,0.0,0.0,0.0,normal
3.431,tcp,http,SF,385,862,0,0,0,0,0,1,0,0,0,0,0,0,0,0,0,0,2,3,0.0,0.0,0.0,0.0,0.971,0.129,0.01,120,212,0.988,0.067,0.055,0.058,0.0,0.0,0.0,0.0,normal
0.621,tcp,http,SF,261,3233,0,0,0,0,0,1,0,0,0,0,0,0,0,0,0,0,4,1,0.0,0.0,0.0,0.0,0.933,0.123,0.056,191,53,0.988,0.123,0.135,0.033,0.0,0.0,0.0,0.0,normal
0.964,tcp,http,SF,377,205,0,0,0,0,0,1,0,0,0,0,0,0,0,0,0,0,5,4,0.027,0.0,0.0,0.0,0.855,0.048,0.002,33,110,0.82,0.199,0.057,0.038,0.0,0.0,0.0,0.0,normal
0.1,udp,dns,SF,57,134,0,0,0,0,0,0,0,0,0,0,0,0,0,0,0,0,2,5,0.038,0.0,0.0,0.0,0.996,0.133,0.08,111,221,0.891,0.135,0.027,0.025,0.0,0.0,0.0,0.0,normal
0.259,tcp,http,SF,257,6955,0,0,0,0,0,1,0,0,0,0,0,0,0,0,0,0,2,2,0.0,0.0,0.0,0.0,0.899,0.107,0.069,146,228,0.976,0.198,0.056,0.095,0.0,0.0,0.0,0.0,normal
0.069,tcp,http,SF,401,2231,0,0,0,0,0,1,0,0,0,0,0,0,0,0,0,0,3,5,0.0,0.005,0.0,0.0,0.999,0.029,0.022,212,210,0.904,0.125,0.066,0.003,0.0,0.0,0.0,0.0,normal
0.452,tcp,http,SF,318,2176,0,0,0,0,0,1,0,0,0,0,0,0,0,0,0,0,6,1,0.0,0.0,0.0,0.0,0.991,0.118,0.027,45,216,0.928,0.105,0.112,0.062,0.0,0.0,0.0,0.0,normal
0.924,tcp,http,SF,392,3100,0,0,0,0,0,1,0,0,0,0,0,0,0,0,0,0,5,4,0.059,0.028,0.0,0.0,0.979,0.133,0.067,183,175,0.916,0.087,0.11,0.013,0.0,0.0,0.0,0.0,normal
49.967,tcp,ssh,SF,2136,6610,0,0,0,0,0,1,0,0,0,0,0,0,0,0,0,0,5,6,0.0,0.0,0.0,0.0,0.955,0.034,0.031,132,145,0.986,0.007,0.067,0.011,0.0,0.0,0.0,0.0,normal
0.006,udp,dns,SF,76,154,0,0,0,0,0,0,0,0,0,0,0,0,0,0,0,0,1,2,0.0,0.0,0.0,0.0,0.907,0.003,0.086,154,234,0.903,0.007,0.045,0.05,0.0,0.0,0.0,0.0,normal
0.022,udp,dns,SF,58,145,0,0,0,0,0,0,0,0,0,0,0,0,0,0,0,0,4,2,0.009,0.006,0.0,0.0,0.937,0.06,0.035,52,59,0.853,0.075,0.127,0.077,0.0,0.0,0.0,0.0,normal
1.134,tcp,http,SF,200,4786,0,0,0,0,0,1,0,0,0,0,0,0,0,0,0,0,3,8,0.0,0.0,0.0,0.0,0.975,0.008,0.093,63,62,0.93,0.168,0.135,0.047,0.0,0.0,0.0,0.0,normal
0.228,tcp,http,SF,445,10008,0,0,0,0,0,1,0,0,0,0,0,0,0,0,0,0,6,4,0.0,0.015,0.0,0.0,0.874,0.016,0.014,93,13,0.851,0.06,0.069,0.025,0.0,0.0,0.0,0.0,normal
1.743,tcp,http,SF,406,1638,0,0,0,0,0,1,0,0,0,0,0,0,0,0,0,0,5,4,0.0,0.0,0.0,0.0,0.87,0.098,0.017,91,100,0.841,0.092,0.091,0.044,0.0,0.0,0.0,0.0,normal
0.008,udp,dns,SF,79,152,0,0,0,0,0,0,0,0,0,0,0,0,0,0,0,0,5,1,0.0,0.004,0.0,0.0,0.993,0.093,0.06,220,152,0.811,0.02,0.041,0.083,0.0,0.0,0.0,0.0,normal
2.322,tcp,http,SF,382,1741,0,0,0,0,0,1,0,0,0,0,0,0,0,0,0,0,3,3,0.065,0.0,0.0,0.0,0.97,0.141,0.04,151,149,0.973,0.158,0.039,0.003,0.0,0.0,0.0,0.0,normal
0.406,tcp,http,SF,434,151,0,0,0,0,0,1,0,0,0,0,0,0,0,0,0,0,6,1,0.0,0.003,0.0,0.0,0.911,0.005,0.076,250,100,0.979,0.067,0.076,0.082,0.0,0.0,0.0,0.0,normal
5.197,tcp,http,SF,479,16378,0,0,0,0,0,1,0,0,0,0,0,0,0,0,0,0,2,3,0.002,0.0,0.0,0.0,0.907,0.122,0.01,182,231,0.883,0.114,0.089,0.08,0.0,0.0,0.0,0.0,normal
0.091,tcp,http,SF,274,5783,0,0,0,0,0,1,0,0,0,0,0,0,0,0,0,0,2,4,0.0,0.0,0.0,0.0,0.861,0.088,0.008,42,226,0.905,0.165,0.087,0.061,0.0,0.0,0.0,0.0,normal
2.19,tcp,http,SF,244,277,0,0,0,0,0,1,0,0,0,0,0,0,0,0,0,0,2,7,0.05,0.0,0.0,0.0,0.871,0.115,0.086,27,84,0.918,0.023,0.117,0.081,0.0,0.0,0.0,0.0,normal
0.804,tcp,http,SF,516,5688,0,0,0,0,0,1,0,0,0,0,0,0,0,0,0,0,5,3,0.0,0.0,0.0,0.0,0.87,0.013,0.039,80,240,0.873,0.196,0.108,0.097,0.0,0.0,0.0,0.0,normal
6.725,tcp,http,SF,217,3191,0,0,0,0,0,1,0,0,0,0,0,0,0,0,0,0,3,5,0.0,0.005,0.0,0.0,0.956,0.012,0.062,94,173,0.836,0.044,0.145,0.012,0.0,0.0,0.0,0.0,normal
2.605,tcp,http,SF,167,1659,0,0,0,0,0,1,0,0,0,0,0,0,0,0,0,0,2,2,0.005,0.0,0.0,0.0,0.933,0.09,0.008,146,236,0.862,0.014,0.144,0.021,0.0,0.0,0.0,0.0,normal
1.727,tcp,http,SF,318,2101,0,0,0,0,0,1,0,0,0,0,0,0,0,0,0,0,7,7,0.0,0.0,0.0,0.0,0.894,0.009,0.053,220,172,0.942,0.021,0.076,0.039,0.0,0.0,0.0,0.0,normal
1.179,tcp,http,SF,183,4326,0,0,0,0,0,1,0,0,0,0,0,0,0,0,0,0,5,1,0.0,0.001,0.0,0.0,0.956,0.121,0.095,190,36,0.946,0.024,0.061,0.046,0.0,0.0,0.0,0.0,normal
0.251,tcp,http,SF,458,1333,0,0,0,0,0,1,0,0,0,0,0,0,0,0,0,0,6,4,0.0,0.006,0.0,0.0,0.967,0.004,0.062,15,82,0.922,0.178,0.095,0.052,0.0,0.0,0.0,0.0,normal
1.924,tcp,http,SF,397,761,0,0,0,0,0,1,0,0,0,0,0,0,0,0,0,0,2,7,0.05,0.003,0.0,0.0,0.996,0.102,0.088,48,235,0.919,0.197,0.121,0.03,0.0,0.0,0.0,0.0,normal
1.973,tcp,http,SF,330,563,0,0,0,0,0,1,0,0,0,0,0,0,0,0,0,0,6,5,0.0,0.0,0.0,0.0,0.991,0.073,0.09,56,32,0.97,0.112,0.01,0.006,0.0,0.0,0.0,0.0,normal
0.004,udp,dns,SF,46,166,0,0,0,0,0,0,0,0,0,0,0,0,0,0,0,0,6,3,0.0,0.0,0.0,0.0,0.998,0.024,0.052,152,17,0.964,0.023,0.107,0.03,0.0,0.0,0.0,0.0,normal
5.146,tcp,http,SF,300,17333,0,0,0,0,0,1,0,0,0,0,0,0,0,0,0,0,2,5,0.0,0.002,0.0,0.0,0.989,0.037,0.005,12,35,0.905,0.004,0.041,0.058,0.0,0.0,0.0,0.0,normal
0.112,tcp,other,SF,331,315,0,0,0,0,0,0,0,0,0,0,0,0,0,0,0,0,4,2,0.001,0.0,0.0,0.0,0.915,0.01,0.077,196,111,0.842,0.017,0.132,0.095,0.0,0.0,0.0,0.0,normal
1.003,tcp,http,SF,528,6686,0,0,0,0,0,1,0,0,0,0,0,0,0,0,0,0,7,1,0.0,0.0,0.0,0.0,0.994,0.107,0.031,230,215,0.861,0.106,0.009,0.05,0.0,0.0,0.0,0.0,normal
0.434,tcp,http,SF,280,3136,0,0,0,0,0,1,0,0,0,0,0,0,0,0,0,0,3,2,0.01,0.0,0.0,0.0,0.936,0.052,0.042,111,128,0.888,0.029,0.139,0.018,0.0,0.0,0.0,0.0,normal
0.394,tcp,http,SF,356,9255,0,0,0,0,0,1,0,0,0,0,0,0,0,0,0,0,3,3,0.0,0.0,0.0,0.0,0.903,0.125,0.087,227,211,0.8,0.071,0.102,0.098,0.0,0.0,0.0,0.0,normal
0.005,udp,dns,SF,75,130,0,0,0,0,0,0,0,0,0,0,0,0,0,0,0,0,3,4,0.0,0.005,0.0,0.0,0.882,0.134,0.024,186,209,0.819,0.037,0.063,0.063,0.0,0.0,0.0,0.0,normal
67.882,tcp,ssh,SF,4016,3607,0,0,0,0,0,1,0,0,0,0,0,0,0,0,0,0,3,4,0.0,0.002,0.0,0.0,0.871,0.128,0.027,78,125,0.836,0.042,0.018,0.036,0.0,0.0,0.0,0.0,normal
0.235,tcp,http,SF,693,2110,0,0,0,0,0,1,0,0,0,0,0,0,0,0,0,0,3,10,0.001,0.0,0.0,0.0,0.908,0.008,0.061,182,77,0.9,0.131,0.033,0.013,0.0,0.0,0.0,0.0,normal
1.87,tcp,http,SF,315,8624,0,0,0,0,0,1,0,0,0,0,0,0,0,0,0,0,4,6,0.0,0.0,0.0,0.0,0.913,0.068,0.063,132,129,0.96,0.016,0.014,0.055,0.0,0.0,0.0,0.0,normal
11.927,tcp,smtp,SF,670,1177,0,0,0,0,0,1,0,0,0,0,0,0,0,0,0,0,2,4,0.0,0.0,0.0,0.0,0.994,0.115,0.064,232,132,0.926,0.088,0.036,0.07,0.0,0.0,0.0,0.0,normal
1.664,tcp,http,SF,243,1192,0,0,0,0,0,1,0,0,0,0,0,0,0,0,0,0,4,5,0.003,0.027,0.0,0.0,0.999,0.026,0.085,111,230,0.925,0.13,0.105,0.071,0.0,0.0,0.0,0.0,normal
0.005,udp,dns,SF,68,158,0,0,0,0,0,0,0,0,0,0,0,0,0,0,0,0,5,2,0.0,0.0,0.0,0.0,0.947,0.061,0.003,48,57,0.829,0.198,0.077,0.003,0.0,0.0,0.0,0.0,normal
1.052,tcp,http,SF,310,14742,0,0,0,0,0,1,0,0,0,0,0,0,0,0,0,0,4,6,0.0,0.0,0.0,0.0,0.942,0.07,0.013,121,106,0.833,0.153,0.104,0.075,0.0,0.0,0.0,0.0,normal
0.196,tcp,http,SF,518,3489,0,0,0,0,0,1,0,0,0,0,0,0,0,0,0,0,3,7,0.001,0.0,0.0,0.0,0.872,0.12,0.072,236,243,0.851,0.163,0.079,0.032,0.0,0.0,0.0,0.0,normal
0.035,udp,dns,SF,80,140,0,0,0,0,0,0,0,0,0,0,0,0,0,0,0,0,3,2,0.0,0.0,0.0,0.0,0.871,0.045,0.056,151,18,0.877,0.118,0.075,0.055,0.0,0.0,0.0,0.0,normal
1.903,tcp,http,SF,430,605,0,0,0,0,0,1,0,0,0,0,0,0,0,0,0,0,5,3,0.0,0.0,0.0,0.0,0.965,0.072,0.078,251,102,0.98,0.054,0.023,0.045,0.0,0.0,0.0,0.0,normal
0.643,tcp,http,SF,286,4542,0,0,0,0,0,1,0,0,0,0,0,0,0,0,0,0,2,1,0.072,0.001,0.0,0.0,0.992,0.149,0.066,172,57,0.859,0.147,0.012,0.085,0.0,0.0,0.0,0.0,normal
0.003,udp,dns,SF,59,126,0,0,0,0,0,0,0,0,0,0,0,0,0,0,0,0,2,3,0.0,0.016,0.0,0.0,0.908,0.098,0.052,188,205,0.809,0.028,0.097,0.071,0.0,0.0,0.0,0.0,normal
0.538,tcp,http,SF,339,11716,0,0,0,0,0,1,0,0,0,0,0,0,0,0,0,0,4,4,0.002,0.002,0.0,0.0,0.93,0.052,0.028,254,74,0.934,0.168,0.077,0.072,0.0,0.0,0.0,0.0,normal
0.516,tcp,http,SF,243,1697,0,0,0,0,0,1,0,0,0,0,0,0,0,0,0,0,2,2,0.0,0.0,0.0,0.0,0.919,0.095,0.079,210,136,0.833,0.131,0.079,0.054,0.0,0.0,0.0,0.0,normal
2.591,tcp,http,SF,368,3029,0,0,0,0,0,1,0,0,0,0,0,0,0,0,0,0,5,4,0.001,0.032,0.0,0.0,0.962,0.13,0.067,25,184,0.873,0.032,0.014,0.023,0.0,0.0,0.0,0.0,normal
0.645,tcp,http,SF,489,4730,0,0,0,0,0,1,0,0,0,0,0,0,0,0,0,0,2,2,0.0,0.013,0.0,0.0,0.868,0.094,0.071,123,230,0.908,0.06,0.036,0.065,0.0,0.0,0.0,0.0,normal
0.001,udp,dns,SF,59,110,0,0,0,0,0,0,0,0,0,0,0,0,0,0,0,0,4,2,0.032,0.0,0.0,0.0,0.921,0.025,0.018,41,133,0.867,0.123,0.048,0.036,0.0,0.0,0.0,0.0,normal
0.973,tcp,http,SF,983,2779,0,0,0,0,0,1,0,0,0,0,0,0,0,0,0,0,2,5,0.0,0.01,0.0,0.0,0.899,0.075,0.014,93,242,0.807,0.19,0.011,0.04,0.0,0.0,0.0,0.0,normal
1.319,tcp,http,SF,263,846,0,0,0,0,0,1,0,0,0,0,0,0,0,0,0,0,3,2,0.0,0.006,0.0,0.0,0.968,0.132,0.015,166,82,0.959,0.166,0.104,0.05,0.0,0.0,0.0,0.0,normal
0.095,tcp,http,SF,202,1291,0,0,0,0,0,1,0,0,0,0,0,0,0,0,0,0,5,3,0.0,0.0,0.0,0.0,0.943,0.057,0.032,99,240,0.821,0.053,0.07,0.004,0.0,0.0,0.0,0.0,normal
237.049,tcp,ssh,SF,2386,2358,0,0,0,0,0,1,0,0,0,0,0,0,0,0,0,0,3,2,0.0,0.0,0.0,0.0,0.861,0.092,0.019,245,159,0.827,0.074,0.087,0.01,0.0,0.0,0.0,0.0,normal
0.088,udp,dns,SF,69,105,0,0,0,0,0,0,0,0,0,0,0,0,0,0,0,0,1,2,0.0,0.006,0.0,0.0,0.903,0.056,0.04,78,166,0.801,0.068,0.102,0.059,0.0,0.0,0.0,0.0,normal
0.559,tcp,http,SF,347,1264,0,0,0,0,0,1,0,0,0,0,0,0,0,0,0,0,4,1,0.082,0.003,0.0,0.0,0.929,0.102,0.093,67,224,0.935,0.174,0.052,0.053,0.0,0.0,0.0,0.0,normal
0.105,udp,dns,SF,59,134,0,0,0,0,0,0,0,0,0,0,0,0,0,0,0,0,7,1,0.0,0.0,0.0,0.0,0.968,0.082,0.095,123,133,0.999,0.107,0.122,0.093,0.0,0.0,0.0,0.0,normal
0.945,tcp,http,SF,366,612,0,0,0,0,0,1,0,0,0,0,0,0,0,0,0,0,3,1,0.0,0.029,0.0,0.0,0.936,0.028,0.056,158,143,0.905,0.088,0.023,0.035,0.0,0.0,0.0,0.0,normal
0.005,udp,dns,SF,101,168,0,0,0,0,0,0,0,0,0,0,0,0,0,0,0,0,2,4,0.0,0.0,0.0,0.0,0.885,0.131,0.096,152,72,0.831,0.007,0.146,0.039,0.0,0.0,0.0,0.0,normal
1.234,tcp,http,SF,325,4653,0,0,0,1,0,1,0,0,0,0,0,0,0,0,0,0,6,1,0.0,0.006,0.0,0.0,0.852,0.078,0.009,222,227,0.83,0.003,0.031,0.052,0.0,0.0,0.0,0.0,normal
0.043,udp,dns,SF,55,267,0,0,0,0,0,0,0,0,0,0,0,0,0,0,0,0,3,4,0.001,0.0,0.0,0.0,0.915,0.102,0.097,82,63,0.804,0.053,0.058,0.057,0.0,0.0,0.0,0.0,normal
7.234,tcp,smtp,SF,787,1058,0,0,0,0,0,1,0,0,0,0,0,0,0,0,0,0,4,3,0.028,0.0,0.0,0.0,0.91,0.041,0.018,220,242,0.885,0.14,0.046,0.095,0.0,0.0,0.0,0.0,normal
1.446,tcp,http,SF,342,1944,0,0,0,0,0,1,0,0,0,0,0,0,0,0,0,0,2,5,0.0,0.0,0.0,0.0,0.886,0.069,0.044,136,38,0.914,0.029,0.016,0.097,0.0,0.0,0.0,0.0,normal
0.439,tcp,smtp,SF,823,714,0,0,0,0,0,1,0,0,0,0,0,0,0,0,0,0,7,6,0.0,0.0,0.0,0.0,0.996,0.006,0.084,167,200,0.891,0.159,0.057,0.018,0.0,0.0,0.0,0.0,normal
0.138,tcp,smtp,SF,987,1187,0,0,0,0,0,1,0,0,0,0,0,0,0,0,0,0,2,1,0.0,0.044,0.0,0.0,0.857,0.098,0.07,119,148,0.86,0.155,0.135,0.023,0.0,0.0,0.0,0.0,normal
0.029,udp,dns,SF,63,184,0,0,0,0,0,0,0,0,0,0,0,0,0,0,0,0,5,3,0.0,0.0,0.0,0.0,0.942,0.059,0.042,96,112,0.991,0.022,0.054,0.076,0.0,0.0,0.0,0.0,normal
1.192,tcp,http,SF,308,1852,0,0,0,0,0,1,0,0,0,0,0,0,0,0,0,0,3,1,0.0,0.0,0.0,0.0,0.863,0.137,0.083,59,135,0.91,0.106,0.1,0.074,0.0,0.0,0.0,0.0,normal
5.317,tcp,smtp,SF,712,1943,0,0,0,0,0,1,0,0,0,0,0,0,0,0,0,0,2,3,0.0,0.0,0.0,0.0,0.866,0.033,0.064,94,145,0.915,0.077,0.142,0.017,0.0,0.0,0.0,0.0,normal
0.409,tcp,http,SF,412,4488,0,0,0,0,0,1,0,0,0,0,0,0,0,0,0,0,5,2,0.0,0.0,0.0,0.0,0.975,0.021,0.094,150,184,0.849,0.033,0.086,0.029,0.0,0.0,0.0,0.0,normal
0.082,udp,dns,SF,65,97,0,0,0,0,0,0,0,0,0,0,0,0,0,0,0,0,3,5,0.012,0.0,0.0,0.0,0.97,0.083,0.091,102,105,0.919,0.117,0.023,0.083,0.0,0.0,0.0,0.0,normal
3.765,tcp,http,SF,305,3323,0,0,0,0,0,1,0,0,0,0,0,0,0,0,0,0,2,5,0.0,0.002,0.0,0.0,0.962,0.105,0.056,31,137,0.953,0.007,0.111,0.093,0.0,0.0,0.0,0.0,normal
0.08,udp,dns,SF,77,104,0,0,0,0,0,0,0,0,0,0,0,0,0,0,0,0,3,2,0.0,0.0,0.0,0.0,0.928,0.123,0.002,134,118,0.845,0.159,0.067,0.0,0.0,0.0,0.0,0.0,normal
0.219,tcp,http,SF,448,155,0,0,0,0,0,1,0,0,0,0,0,0,0,0,0,0,3,2,0.01,0.0,0.0,0.0,0.997,0.114,0.003,208,109,0.921,0.174,0.093,0.02,0.0,0.0,0.0,0.0,normal
1.071,tcp,http,SF,337,1490,0,0,0,0,0,1,0,0,0,0,0,0,0,0,0,0,3,3,0.0,0.01,0.0,0.0,0.91,0.117,0.029,97,86,0.842,0.19,0.092,0.01,0.0,0.0,0.0,0.0,normal
0.483,tcp,http,SF,234,14646,0,0,0,0,0,1,0,0,0,0,0,0,0,0,0,0,5,2,0.0,0.0,0.0,0.0,0.968,0.006,0.018,158,168,0.991,0.028,0.055,0.056,0.0,0.0,0.0,0.0,normal
1.273,tcp,http,SF,163,7131,0,0,0,0,0,1,0,0,0,0,0,0,0,0,0,0,4,3,0.035,0.0,0.0,0.0,0.858,0.013,0.021,166,124,0.805,0.097,0.14,0.078,0.0,0.0,0.0,0.0,normal
4.031,tcp,http,SF,425,9634,0,0,0,0,0,1,0,0,0,0,0,0,0,0,0,0,6,3,0.0,0.0,0.0,0.0,0.85,0.128,0.064,132,178,0.864,0.106,0.036,0.091,0.0,0.0,0.0,0.0,normal
5.648,tcp,smtp,SF,1116,1148,0,0,0,0,0,1,0,0,0,0,0,0,0,0,0,0,5,2,0.0,0.02,0.0,0.0,0.991,0.066,0.054,202,95,0.992,0.19,0.141,0.07,0.0,0.0,0.0,0.0,normal
72.336,tcp,ssh,SF,3335,2735,0,0,0,0,0,1,0,0,0,0,0,0,0,0,0,0,2,5,0.005,0.16,0.0,0.0,0.887,0.102,0.084,47,127,0.954,0.045,0.124,0.073,0.0,0.0,0.0,0.0,normal
3.508,tcp,http,SF,338,1153,0,0,0,0,0,1,0,0,0,0,0,0,0,0,0,0,3,3,0.0,0.0,0.0,0.0,0.915,0.034,0.049,172,242,0.804,0.081,0.06,0.032,0.0,0.0,0.0,0.0,normal
1.832,tcp,http,SF,261,5426,0,0,0,0,0,1,0,0,0,0,0,0,0,0,0,0,4,3,0.0,0.0,0.0,0.0,0.964,0.007,0.033,172,211,0.874,0.044,0.061,0.064,0.0,0.0,0.0,0.0,normal
0.622,tcp,http,SF,521,1291,0,0,0,0,0,1,0,0,0,0,0,0,0,0,0,0,5,4,0.009,0.005,0.0,0.0,0.865,0.078,0.044,90,203,0.823,0.167,0.14,0.067,0.0,0.0,0.0,0.0,normal
0.049,tcp,http,SF,550,3219,0,0,0,0,0,1,0,0,0,0,0,0,0,0,0,0,3,5,0.01,0.0,0.0,0.0,0.872,0.057,0.057,121,22,0.91,0.191,0.064,0.099,0.0,0.0,0.0,0.0,normal
0.67,tcp,http,SF,342,2798,0,0,0,0,0,1,0,0,0,0,0,0,0,0,0,0,1,1,0.01,0.038,0.0,0.0,0.98,0.136,0.096,71,90,0.879,0.179,0.148,0.041,0.0,0.0,0.0,0.0,normal
1.346,tcp,http,SF,728,5503,0,0,0,0,0,1,0,0,0,0,0,0,0,0,0,0,2,3,0.0,0.014,0.0,0.0,0.906,0.015,0.027,160,253,0.913,0.137,0.113,0.017,0.0,0.0,0.0,0.0,normal
4.647,tcp,http,SF,234,1524,0,0,0,0,0,1,0,0,0,0,0,0,0,0,0,0,5,2,0.0,0.0,0.0,0.0,0.888,0.036,0.002,33,74,0.997,0.09,0.018,0.055,0.0,0.0,0.0,0.0,normal
0.007,udp,dns,SF,66,138,0,0,0,0,0,0,0,0,0,0,0,0,0,0,0,0,4,2,0.004,0.0,0.0,0.0,0.96,0.131,0.024,138,224,0.912,0.025,0.03,0.093,0.0,0.0,0.0,0.0,normal
0.187,tcp,http,SF,304,2441,0,0,0,0,0,1,0,0,0,0,0,0,0,0,0,0,2,1,0.002,0.0,0.0,0.0,0.91,0.026,0.008,19,202,0.851,0.14,0.072,0.018,0.0,0.0,0.0,0.0,normal
0.026,udp,dns,SF,55,138,0,0,0,0,0,0,0,0,0,0,0,0,0,0,0,0,4,2,0.001,0.0,0.0,0.0,0.879,0.105,0.008,25,80,0.855,0.196,0.087,0.07,0.0,0.0,0.0,0.0,normal
2.866,tcp,http,SF,355,1075,0,0,0,0,0,1,0,0,0,0,0,0,0,0,0,0,1,1,0.001,0.0,0.0,0.0,0.995,0.028,0.08,109,42,0.846,0.017,0.129,0.003,0.0,0.0,0.0,0.0,normal
2.372,tcp,smtp,SF,448,941,0,0,0,0,0,1,0,0,0,0,0,0,0,0,0,0,3,2,0.002,0.007,0.0,0.0,0.953,0.066,0.041,117,156,0.829,0.019,0.053,0.081,0.0,0.0,0.0,0.0,normal
1.096,tcp,http,SF,251,1047,0,0,0,0,0,1,0,0,0,0,0,0,0,0,0,0,4,1,0.035,0.0,0.0,0.0,0.94,0.021,0.091,47,105,0.806,0.18,0.134,0.016,0.0,0.0,0.0,0.0,normal
6.581,tcp,http,SF,230,1135,0,0,0,0,0,1,0,0,0,0,0,0,0,0,0,0,3,1,0.0,0.004,0.0,0.0,0.986,0.09,0.007,66,54,0.877,0.181,0.135,0.039,0.0,0.0,0.0,0.0,normal
0.777,tcp,http,SF,202,1963,0,0,0,0,0,1,0,0,0,0,0,0,0,0,0,0,4,4,0.002,0.0,0.0,0.0,0.971,0.064,0.088,228,171,0.977,0.094,0.102,0.019,0.0,0.0,0.0,0.0,normal
0.019,udp,dns,SF,60,162,0,0,0,0,0,0,0,0,0,0,0,0,0,0,0,0,5,3,0.0,0.001,0.0,0.0,0.942,0.021,0.052,238,244,0.862,0.028,0.069,0.045,0.0,0.0,0.0,0.0,normal
0.025,udp,dns,SF,63,124,0,0,0,0,0,0,0,0,0,0,0,0,0,0,0,0,3,4,0.0,0.0,0.0,0.0,0.913,0.066,0.008,82,138,0.939,0.134,0.12,0.034,0.0,0.0,0.0,0.0,normal
2.095,tcp,http,SF,510,304,0,0,0,0,0,1,0,0,0,0,0,0,0,0,0,0,8,2,0.0,0.003,0.0,0.0,0.861,0.131,0.07,212,221,0.809,0.008,0.064,0.071,0.0,0.0,0.0,0.0,normal
64.261,tcp,ssh,SF,2252,3174,0,0,0,0,0,1,0,0,0,0,0,0,0,0,0,0,7,5,0.009,0.0,0.0,0.0,0.888,0.134,0.044,165,132,0.83,0.002,0.05,0.032,0.0,0.0,0.0,0.0,normal
3.423,tcp,http,SF,390,1140,0,0,0,0,0,1,0,0,0,0,0,0,0,0,0,0,8,1,0.0,0.024,0.0,0.0,0.957,0.037,0.083,251,78,0.836,0.197,0.127,0.046,0.0,0.0,0.0,0.0,normal
0.793,tcp,smtp,SF,797,660,0,0,0,0,0,1,0,0,0,0,0,0,0,0,0,0,4,4,0.083,0.0,0.0,0.0,0.977,0.111,0.045,205,67,0.813,0.164,0.146,0.058,0.0,0.0,0.0,0.0,normal
1.964,tcp,http,SF,261,960,0,0,0,0,0,1,0,0,0,0,0,0,0,0,0,0,8,7,0.0,0.0,0.0,0.0,0.878,0.061,0.095,101,115,0.958,0.036,0.076,0.028,0.0,0.0,0.0,0.0,normal
0.64,tcp,http,SF,380,2691,0,0,0,0,0,1,0,0,0,0,0,0,0,0,0,0,4,2,0.009,0.0,0.0,0.0,0.979,0.147,0.011,171,52,0.885,0.027,0.093,0.07,0.0,0.0,0.0,0.0,normal
3.672,tcp,http,SF,275,1270,0,0,0,0,0,1,0,0,0,0,0,0,0,0,0,0,4,9,0.0,0.004,0.0,0.0,0.877,0.05,0.022,146,137,0.855,0.083,0.083,0.093,0.0,0.0,0.0,0.0,normal
0.073,udp,dns,SF,58,163,0,0,0,0,0,0,0,0,0,0,0,0,0,0,0,0,2,3,0.0,0.0,0.0,0.0,0.888,0.014,0.052,14,75,0.867,0.013,0.073,0.067,0.0,0.0,0.0,0.0,normal
0.012,udp,dns,SF,82,74,0,0,0,0,0,0,0,0,0,0,0,0,0,0,0,0,4,1,0.019,0.166,0.0,0.0,0.923,0.06,0.087,78,170,0.996,0.056,0.043,0.066,0.0,0.0,0.0,0.0,normal
13.027,tcp,smtp,SF,456,1185,0,0,0,0,0,1,0,0,0,0,0,0,0,0,0,0,4,6,0.005,0.0,0.0,0.0,0.896,0.089,0.006,73,31,0.995,0.039,0.091,0.057,0.0,0.0,0.0,0.0,normal
0.613,tcp,http,SF,226,4370,0,0,0,0,0,1,0,0,0,0,0,0,0,0,0,0,3,2,0.0,0.0,0.0,0.0,0.978,0.076,0.035,22,147,0.955,0.033,0.014,0.006,0.0,0.0,0.0,0.0,normal
0.002,udp,dns,SF,115,109,0,0,0,0,0,0,0,0,0,0,0,0,0,0,0,0,3,5,0.078,0.004,0.0,0.0,0.906,0.104,0.022,94,160,0.906,0.104,0.096,0.083,0.0,0.0,0.0,0.0,normal
0.82,tcp,http,SF,248,479,0,0,0,0,0,1,0,0,0,0,0,0,0,0,0,0,2,1,0.001,0.001,0.0,0.0,0.879,0.12,0.096,214,38,0.958,0.055,0.133,0.058,0.0,0.0,0.0,0.0,normal
12.965,tcp,smtp,SF,862,1128,0,0,0,0,0,1,0,0,0,0,0,0,0,0,0,0,2,2,0.0,0.0,0.0,0.0,0.902,0.047,0.075,158,52,0.888,0.049,0.104,0.02,0.0,0.0,0.0,0.0,normal
40.546,tcp,ssh,SF,4361,3750,0,0,0,0,0,1,0,0,0,0,0,0,0,0,0,0,5,5,0.005,0.0,0.0,0.0,0.998,0.126,0.061,138,106,0.948,0.013,0.113,0.033,0.0,0.0,0.0,0.0,normal
2.606,tcp,smtp,SF,751,1214,0,0,0,0,0,1,0,0,0,0,0,0,0,0,0,0,2,4,0.0,0.085,0.0,0.0,0.958,0.141,0.086,169,39,0.824,0.154,0.063,0.051,0.0,0.0,0.0,0.0,normal
0.135,udp,dns,SF,61,106,0,0,0,0,0,0,0,0,0,0,0,0,0,0,0,0,2,2,0.0,0.001,0.0,0.0,0.898,0.015,0.035,109,153,0.908,0.108,0.133,0.01,0.0,0.0,0.0,0.0,normal
7.414,tcp,ssh,SF,2548,4883,0,0,0,0,0,1,0,0,0,0,0,0,0,0,0,0,6,1,0.0,0.008,0.0,0.0,0.995,0.054,0.069,153,101,0.908,0.044,0.138,0.069,0.0,0.0,0.0,0.0,normal
0.189,tcp,http,SF,408,595,0,0,0,0,0,1,0,0,0,0,0,0,0,0,0,0,4,4,0.0,0.0,0.0,0.0,0.892,0.012,0.06,235,84,0.87,0.198,0.053,0.033,0.0,0.0,0.0,0.0,normal
0.611,tcp,smtp,SF,835,995,0,0,0,0,0,1,0,0,0,0,0,0,0,0,0,0,7,4,0.0,0.0,0.0,0.0,0.958,0.083,0.075,73,104,0.865,0.189,0.034,0.016,0.0,0.0,0.0,0.0,normal
0.752,tcp,http,SF,421,4003,0,0,0,0,0,1,0,0,0,0,0,0,0,0,0,0,5,5,0.0,0.0,0.0,0.0,0.929,0.143,0.046,227,14,0.871,0.07,0.125,0.085,0.0,0.0,0.0,0.0,normal
9.842,tcp,http,SF,216,2652,0,0,0,0,0,1,0,0,0,0,0,0,0,0,0,0,2,5,0.0,0.0,0.0,0.0,0.978,0.062,0.058,209,58,0.909,0.096,0.073,0.087,0.0,0.0,0.0,0.0,normal
5.33,tcp,http,SF,353,11511,0,0,0,0,0,1,0,0,0,0,0,0,0,0,0,0,6,2,0.0,0.0,0.0,0.0,0.991,0.026,0.019,102,22,0.834,0.177,0.065,0.062,0.0,0.0,0.0,0.0,normal
1.994,tcp,http,SF,380,1123,0,0,0,0,0,1,0,0,0,0,0,0,0,0,0,0,3,1,0.0,0.001,0.0,0.0,0.878,0.079,0.089,163,200,0.895,0.099,0.132,0.012,0.0,0.0,0.0,0.0,normal
1.511,tcp,http,SF,459,1197,0,0,0,0,0,1,0,0,0,0,0,0,0,0,0,0,6,1,0.0,0.094,0.0,0.0,0.97,0.006,0.028,29,77,0.821,0.009,0.118,0.009,0.0,0.0,0.0,0.0,normal
0.503,tcp,http,SF,632,7303,0,0,0,0,0,1,0,0,0,0,0,0,0,0,0,0,4,2,0.0,0.0,0.0,0.0,0.855,0.11,0.001,27,229,0.968,0.089,0.132,0.056,0.0,0.0,0.0,0.0,normal
4.748,tcp,http,SF,265,299,0,0,0,0,0,1,0,0,0,0,0,0,0,0,0,0,4,4,0.0,0.004,0.0,0.0,0.945,0.103,0.073,104,36,0.858,0.15,0.145,0.095,0.0,0.0,0.0,0.0,normal
0.004,udp,dns,SF,57,182,0,0,0,0,0,0,0,0,0,0,0,0,0,0,0,0,7,4,0.0,0.015,0.0,0.0,0.899,0.114,0.014,222,65,0.888,0.034,0.084,0.03,0.0,0.0,0.0,0.0,normal
0.046,udp,dns,SF,62,145,0,0,0,1,0,0,0,0,0,0,0,0,0,0,0,0,4,2,0.198,0.0,0.0,0.0,0.994,0.012,0.02,75,80,0.923,0.192,0.124,0.088,0.0,0.0,0.0,0.0,normal
1.719,tcp,http,SF,573,5296,0,0,0,0,0,1,0,0,0,0,0,0,0,0,0,0,7,2,0.0,0.0,0.0,0.0,0.937,0.102,0.076,144,110,0.85,0.016,0.14,0.001,0.0,0.0,0.0,0.0,normal
29.995,tcp,ssh,SF,2568,5599,0,0,0,0,0,1,0,0,0,0,0,0,0,0,0,0,4,5,0.0,0.001,0.0,0.0,0.896,0.068,0.096,221,140,0.995,0.096,0.093,0.072,0.0,0.0,0.0,0.0,normal
2.731,tcp,smtp,SF,1019,1217,0,0,0,0,0,1,0,0,0,0,0,0,0,0,0,0,6,1,0.0,0.0,0.0,0.0,0.913,0.038,0.002,173,69,0.946,0.012,0.114,0.066,0.0,0.0,0.0,0.0,normal
3.808,tcp,http,SF,477,435,0,0,0,0,0,1,0,0,0,0,0,0,0,0,0,0,5,4,0.0,0.006,0.0,0.0,0.904,0.078,0.032,165,130,0.96,0.178,0.07,0.083,0.0,0.0,0.0,0.0,normal
2.507,tcp,http,SF,343,201,0,0,0,0,0,1,0,0,0,0,0,0,0,0,0,0,1,1,0.078,0.002,0.0,0.0,0.887,0.073,0.041,72,185,0.99,0.105,0.024,0.019,0.0,0.0,0.0,0.0,normal
0.055,udp,dns,SF,67,169,0,0,0,0,0,0,0,0,0,0,0,0,0,0,0,0,7,2,0.0,0.0,0.0,0.0,0.949,0.022,0.056,19,73,0.886,0.031,0.08,0.05,0.0,0.0,0.0,0.0,normal
0.617,tcp,http,SF,291,1466,0,0,0,0,0,1,0,0,0,0,0,0,0,0,0,0,3,6,0.029,0.0,0.0,0.0,0.904,0.088,0.002,64,231,0.996,0.118,0.06,0.081,0.0,0.0,0.0,0.0,normal
0.554,tcp,http,SF,282,2291,0,0,0,0,0,1,0,0,0,0,0,0,0,0,0,0,5,3,0.0,0.0,0.0,0.0,0.953,0.126,0.044,228,192,0.833,0.001,0.026,0.073,0.0,0.0,0.0,0.0,normal
0.044,udp,dns,SF,45,124,0,0,0,0,0,0,0,0,0,0,0,0,0,0,0,0,4,1,0.003,0.004,0.0,0.0,0.854,0.035,0.055,71,242,0.977,0.146,0.072,0.044,0.0,0.0,0.0,0.0,normal
0.776,tcp,http,SF,279,4637,0,0,0,0,0,1,0,0,0,0,0,0,0,0,0,0,4,4,0.025,0.0,0.0,0.0,0.898,0.035,0.076,205,83,0.805,0.048,0.122,0.062,0.0,0.0,0.0,0.0,normal
0.85,tcp,http,SF,346,981,0,0,0,0,0,1,0,0,0,0,0,0,0,0,0,0,2,4,0.0,0.006,0.0,0.0,0.909,0.058,0.09,216,73,0.998,0.062,0.008,0.034,0.0,0.0,0.0,0.0,normal
0.073,udp,dns,SF,65,146,0,0,0,0,0,0,0,0,0,0,0,0,0,0,0,0,4,2,0.001,0.0,0.0,0.0,0.911,0.004,0.092,15,223,0.918,0.117,0.145,0.015,0.0,0.0,0.0,0.0,normal
2.159,tcp,other,REJ,278,212,0,0,0,0,0,0,0,0,0,0,0,0,0,0,0,0,1,4,0.0,0.0,0.0,0.0,0.874,0.107,0.069,158,229,0.913,0.027,0.125,0.009,0.0,0.0,0.0,0.0,normal
0.064,udp,dns,SF,81,144,0,0,0,0,0,0,0,0,0,0,0,0,0,0,0,0,5,2,0.0,0.034,0.0,0.0,1.0,0.04,0.051,209,154,0.957,0.02,0.107,0.037,0.0,0.0,0.0,0.0,normal
2.233,tcp,http,SF,336,371,0,0,0,0,0,1,0,0,0,0,0,0,0,0,0,0,1,1,0.0,0.0,0.0,0.0,0.926,0.015,0.039,72,48,0.998,0.17,0.119,0.072,0.0,0.0,0.0,0.0,normal
0.106,udp,dns,SF,64,171,0,0,0,0,0,0,0,0,0,0,0,0,0,0,0,0,4,4,0.0,0.0,0.0,0.0,0.925,0.112,0.069,186,38,0.879,0.042,0.004,0.075,0.0,0.0,0.0,0.0,normal
4.711,tcp,http,SF,366,2133,0,0,0,0,0,1,0,0,0,0,0,0,0,0,0,0,5,3,0.0,0.0,0.0,0.0,0.999,0.064,0.013,107,83,0.99,0.036,0.095,0.064,0.0,0.0,0.0,0.0,normal
5.099,tcp,http,SF,199,2060,0,0,0,0,0,1,0,0,0,0,0,0,0,0,0,0,3,6,0.0,0.001,0.0,0.0,0.974,0.036,0.03,245,221,0.925,0.193,0.138,0.003,0.0,0.0,0.0,0.0,normal
1.811,tcp,http,SF,254,3206,0,0,0,0,0,1,0,0,0,0,0,0,0,0,0,0,4,1,0.018,0.0,0.0,0.0,0.876,0.03,0.027,185,183,0.906,0.161,0.088,0.047,0.0,0.0,0.0,0.0,normal
101.398,tcp,ssh,SF,3141,5178,0,0,0,0,0,1,0,0,0,0,0,0,0,0,0,0,2,3,0.052,0.062,0.0,0.0,0.944,0.055,0.017,88,89,0.994,0.054,0.124,0.034,0.0,0.0,0.0,0.0,normal
0.197,tcp,http,SF,333,3220,0,0,0,0,0,1,0,0,0,0,0,0,0,0,0,0,3,2,0.0,0.0,0.0,0.0,0.972,0.047,0.012,144,215,0.807,0.188,0.134,0.081,0.0,0.0,0.0,0.0,normal
0.029,udp,dns,SF,78,152,0,0,0,0,0,0,0,0,0,0,0,0,0,0,0,0,5,3,0.177,0.0,0.0,0.0,0.88,0.121,0.001,82,105,0.976,0.187,0.126,0.089,0.0,0.0,0.0,0.0,normal
0.557,tcp,http,SF,477,565,0,0,0,0,0,1,0,0,0,0,0,0,0,0,0,0,2,2,0.0,0.0,0.0,0.0,0.885,0.097,0.094,203,65,0.805,0.152,0.087,0.067,0.0,0.0,0.0,0.0,normal
3.367,tcp,http,SF,328,4865,0,0,0,0,0,1,0,0,0,0,0,0,0,0,0,0,5,3,0.057,0.034,0.0,0.0,0.887,0.04,0.088,25,31,0.905,0.075,0.092,0.016,0.0,0.0,0.0,0.0,normal
2.313,tcp,http,SF,528,2374,0,0,0,0,0,1,0,0,0,0,0,0,0,0,0,0,4,4,0.108,0.013,0.0,0.0,0.899,0.129,0.083,131,181,0.979,0.065,0.067,0.024,0.0,0.0,0.0,0.0,normal
3.706,tcp,http,SF,234,157,0,0,0,0,0,1,0,0,0,0,0,0,0,0,0,0,4,2,0.045,0.0,0.0,0.0,0.901,0.04,0.089,253,158,0.996,0.1,0.079,0.066,0.0,0.0,0.0,0.0,normal
3.726,tcp,http,SF,243,31,0,0,0,0,0,1,0,0,0,0,0,0,0,0,0,0,2,6,0.0,0.0,0.0,0.0,0.945,0.08,0.099,148,252,0.861,0.076,0.002,0.054,0.0,0.0,0.0,0.0,normal
0.97,tcp,http,SF,295,6160,0,0,0,0,0,1,0,0,0,0,0,0,0,0,0,0,4,2,0.001,0.0,0.0,0.0,0.913,0.007,0.003,252,62,0.865,0.142,0.013,0.037,0.0,0.0,0.0,0.0,normal
0.13,udp,dns,SF,60,274,0,0,0,0,0,0,0,0,0,0,0,0,0,0,0,0,6,1,0.0,0.151,0.0,0.0,0.861,0.008,0.063,156,228,0.809,0.145,0.112,0.023,0.0,0.0,0.0,0.0,normal
0.015,udp,dns,SF,76,184,0,0,0,0,0,0,0,0,0,0,0,0,0,0,0,0,3,3,0.0,0.0,0.0,0.0,0.944,0.026,0.053,92,129,0.84,0.153,0.034,0.011,0.0,0.0,0.0,0.0,normal
2.97,tcp,http,SF,231,1930,0,0,0,0,0,1,0,0,0,0,0,0,0,0,0,0,1,2,0.0,0.0,0.0,0.0,0.853,0.133,0.01,46,182,0.815,0.158,0.149,0.071,0.0,0.0,0.0,0.0,normal
0.239,tcp,http,SF,257,5580,0,0,0,0,0,1,0,0,0,0,0,0,0,0,0,0,2,6,0.0,0.001,0.0,0.0,0.942,0.141,0.009,251,29,0.964,0.173,0.099,0.081,0.0,0.0,0.0,0.0,normal
0.283,tcp,smtp,SF,974,1276,0,0,0,0,0,1,0,0,0,0,0,0,0,0,0,0,4,2,0.119,0.0,0.0,0.0,0.914,0.07,0.053,73,16,0.992,0.112,0.073,0.02,0.0,0.0,0.0,0.0,normal
72.162,tcp,ssh,SF,2955,2927,0,0,0,0,0,1,0,0,0,0,0,0,0,0,0,0,6,1,0.0,0.002,0.0,0.0,0.88,0.077,0.018,227,29,0.804,0.048,0.075,0.078,0.0,0.0,0.0,0.0,normal
0.729,tcp,http,SF,200,717,0,0,0,0,0,1,0,0,0,0,0,0,0,0,0,0,5,3,0.0,0.0,0.0,0.0,0.931,0.098,0.039,117,205,0.814,0.143,0.087,0.071,0.0,0.0,0.0,0.0,normal
3.567,tcp,http,SF,296,392,0,0,0,0,0,1,0,0,0,0,0,0,0,0,0,0,3,1,0.0,0.043,0.0,0.0,0.958,0.126,0.002,214,168,0.819,0.025,0.029,0.013,0.0,0.0,0.0,0.0,normal
0.112,udp,dns,SF,71,165,0,0,0,0,0,0,0,0,0,0,0,0,0,0,0,0,5,4,0.008,0.0,0.0,0.0,0.951,0.106,0.032,47,136,0.866,0.007,0.139,0.023,0.0,0.0,0.0,0.0,normal
0.047,udp,dns,SF,58,125,0,0,0,0,0,0,0,0,0,0,0,0,0,0,0,0,3,5,0.013,0.032,0.0,0.0,0.861,0.067,0.079,55,224,0.981,0.073,0.035,0.01,0.0,0.0,0.0,0.0,normal
0.057,udp,dns,SF,106,168,0,0,0,0,0,0,0,0,0,0,0,0,0,0,0,0,3,3,0.0,0.0,0.0,0.0,0.89,0.006,0.044,185,41,0.833,0.189,0.109,0.006,0.0,0.0,0.0,0.0,normal
2.09,tcp,http,SF,383,3593,0,0,0,0,0,1,0,0,0,0,0,0,0,0,0,0,3,2,0.0,0.001,0.0,0.0,0.91,0.025,0.076,51,102,0.81,0.181,0.066,0.039,0.0,0.0,0.0,0.0,normal
1.072,tcp,http,SF,514,5510,0,0,0,0,0,1,0,0,0,0,0,0,0,0,0,0,2,5,0.0,0.0,0.0,0.0,0.954,0.149,0.054,135,74,0.895,0.033,0.053,0.029,0.0,0.0,0.0,0.0,normal
0.023,udp,dns,SF,38,156,0,0,0,0,0,0,0,0,0,0,0,0,0,0,0,0,2,1,0.001,0.0,0.0,0.0,0.881,0.054,0.068,59,23,0.815,0.015,0.044,0.002,0.0,0.0,0.0,0.0,normal
2.058,tcp,http,SF,240,5063,0,0,0,0,0,1,0,0,0,0,0,0,0,0,0,0,4,2,0.001,0.0,0.0,0.0,0.927,0.017,0.056,120,99,0.965,0.174,0.026,0.038,0.0,0.0,0.0,0.0,normal
0.334,tcp,http,SF,279,3682,0,0,0,0,0,1,0,0,0,0,0,0,0,0,0,0,6,1,0.103,0.0,0.0,0.0,0.931,0.148,0.005,150,231,0.87,0.088,0.046,0.088,0.0,0.0,0.0,0.0,normal
5.567,tcp,http,SF,182,202,0,0,0,0,0,1,0,0,0,0,0,0,0,0,0,0,5,5,0.0,0.0,0.0,0.0,0.891,0.009,0.03,97,21,0.901,0.129,0.015,0.072,0.0,0.0,0.0,0.0,normal
0.18,udp,dns,SF,68,112,0,0,0,0,0,0,0,0,0,0,0,0,0,0,0,0,4,1,0.024,0.0,0.0,0.0,0.879,0.099,0.054,157,179,0.862,0.119,0.013,0.038,0.0,0.0,0.0,0.0,normal
1.181,tcp,http,SF,160,76,0,0,0,0,0,1,0,0,0,0,0,0,0,0,0,0,5,2,0.0,0.0,0.0,0.0,0.893,0.11,0.029,199,98,0.971,0.027,0.014,0.038,0.0,0.0,0.0,0.0,normal
1.026,tcp,http,SF,222,3252,0,0,0,0,0,1,0,0,0,0,0,0,0,0,0,0,3,2,0.012,0.035,0.0,0.0,0.991,0.038,0.007,154,85,0.889,0.066,0.082,0.057,0.0,0.0,0.0,0.0,normal
0.017,udp,dns,SF,57,269,0,0,0,0,0,0,0,0,0,0,0,0,0,0,0,0,5,4,0.0,0.026,0.0,0.0,0.992,0.104,0.031,62,233,0.985,0.078,0.002,0.017,0.0,0.0,0.0,0.0,normal
2.376,tcp,http,SF,363,6779,0,0,0,0,0,1,0,0,0,0,0,0,0,0,0,0,3,3,0.0,0.0,0.0,0.0,0.882,0.085,0.002,143,43,0.955,0.005,0.083,0.083,0.0,0.0,0.0,0.0,normal
2.189,tcp,http,SF,423,1185,0,0,0,0,0,1,0,0,0,0,0,0,0,0,0,0,4,2,0.0,0.0,0.0,0.0,0.866,0.124,0.069,220,142,0.963,0.041,0.089,0.026,0.0,0.0,0.0,0.0,normal
0.976,tcp,smtp,SF,1007,1047,0,0,0,0,0,1,0,0,0,0,0,0,0,0,0,0,6,1,0.0,0.0,0.0,0.0,0.887,0.026,0.002,16,52,0.96,0.171,0.127,0.052,0.0,0.0,0.0,0.0,normal
3.196,tcp,smtp,SF,815,1640,0,0,0,1,0,1,0,0,0,0,0,0,0,0,0,0,3,6,0.001,0.0,0.0,0.0,0.867,0.046,0.018,120,206,0.863,0.173,0.105,0.098,0.0,0.0,0.0,0.0,normal
4.464,tcp,http,SF,255,6904,0,0,0,0,0,1,0,0,0,0,0,0,0,0,0,0,2,2,0.003,0.0,0.0,0.0,0.949,0.073,0.046,248,15,0.876,0.022,0.093,0.071,0.0,0.0,0.0,0.0,normal
0.024,udp,dns,SF,67,248,0,0,0,0,0,0,0,0,0,0,0,0,0,0,0,0,3,5,0.05,0.0,0.0,0.0,0.945,0.035,0.077,140,130,0.835,0.043,0.129,0.097,0.0,0.0,0.0,0.0,normal
0.115,udp,dns,SF,87,157,0,0,0,0,0,0,0,0,0,0,0,0,0,0,0,0,5,5,0.0,0.003,0.0,0.0,0.904,0.047,0.002,183,228,0.89,0.134,0.059,0.098,0.0,0.0,0.0,0.0,normal
0.009,udp,dns,SF,78,140,0,0,0,0,0,0,0,0,0,0,0,0,0,0,0,0,4,5,0.0,0.0,0.0,0.0,0.871,0.128,0.032,132,240,0.839,0.105,0.106,0.018,0.0,0.0,0.0,0.0,normal
0.544,tcp,smtp,SF,948,934,0,0,0,0,0,1,0,0,0,0,0,0,0,0,0,0,3,1,0.0,0.001,0.0,0.0,0.861,0.131,0.011,155,98,0.834,0.075,0.14,0.068,0.0,0.0,0.0,0.0,normal
1.771,tcp,smtp,SF,693,1489,0,0,0,0,0,1,0,0,0,0,0,0,0,0,0,0,4,1,0.0,0.0,0.0,0.0,0.923,0.104,0.026,107,223,0.934,0.107,0.144,0.061,0.0,0.0,0.0,0.0,normal
0.108,udp,dns,SF,74,142,0,0,0,0,0,0,0,0,0,0,0,0,0,0,0,0,5,6,0.0,0.0,0.0,0.0,0.973,0.01,0.042,237,150,0.975,0.116,0.079,0.045,0.0,0.0,0.0,0.0,normal
9.474,tcp,smtp,SF,1001,843,0,0,0,0,0,1,0,0,0,0,0,0,0,0,0,0,3,4,0.0,0.0,0.0,0.0,0.878,0.063,0.006,81,84,0.844,0.091,0.023,0.099,0.0,0.0,0.0,0.0,normal
0.608,tcp,http,SF,194,756,0,0,0,0,0,1,0,0,0,0,0,0,0,0,0,0,2,2,0.0,0.0,0.0,0.0,0.926,0.035,0.032,131,80,0.994,0.152,0.017,0.012,0.0,0.0,0.0,0.0,normal
0.074,udp,dns,SF,86,201,0,0,0,0,0,0,0,0,0,0,0,0,0,0,0,0,10,4,0.001,0.0,0.0,0.0,0.976,0.107,0.098,186,61,0.871,0.125,0.136,0.07,0.0,0.0,0.0,0.0,normal
1.744,tcp,http,SF,277,4019,0,0,0,0,0,1,0,0,0,0,0,0,0,0,0,0,3,3,0.0,0.0,0.0,0.0,0.99,0.036,0.047,57,85,0.925,0.182,0.045,0.026,0.0,0.0,0.0,0.0,normal
1.616,tcp,http,SF,170,236,0,0,0,0,0,1,0,0,0,0,0,0,0,0,0,0,10,4,0.0,0.0,0.0,0.0,0.853,0.081,0.062,134,190,0.801,0.188,0.049,0.001,0.0,0.0,0.0,0.0,normal
2.549,tcp,http,SF,380,6281,0,0,0,0,0,1,0,0,0,0,0,0,0,0,0,0,1,5,0.0,0.004,0.0,0.0,0.889,0.082,0.007,154,145,0.813,0.018,0.002,0.021,0.0,0.0,0.0,0.0,normal
6.717,tcp,smtp,SF,991,1798,0,0,0,1,0,1,0,0,0,0,0,0,0,0,0,0,4,1,0.008,0.0,0.0,0.0,0.852,0.005,0.065,60,212,0.825,0.035,0.085,0.038,0.0,0.0,0.0,0.0,normal
0.893,tcp,http,SF,387,3312,0,0,0,0,0,1,0,0,0,0,0,0,0,0,0,0,3,4,0.0,0.11,0.0,0.0,0.932,0.056,0.006,103,246,0.915,0.064,0.01,0.014,0.0,0.0,0.0,0.0,normal
0.052,udp,dns,SF,113,129,0,0,0,0,0,0,0,0,0,0,0,0,0,0,0,0,6,5,0.004,0.002,0.0,0.0,0.955,0.144,0.077,49,79,0.875,0.107,0.138,0.085,0.0,0.0,0.0,0.0,normal
0.422,tcp,http,SF,258,6441,0,0,0,0,0,1,0,0,0,0,0,0,0,0,0,0,4,3,0.0,0.065,0.0,0.0,0.927,0.131,0.062,132,208,0.918,0.097,0.12,0.037,0.0,0.0,0.0,0.0,normal
1.188,tcp,http,SF,440,624,0,0,0,0,0,1,0,0,0,0,0,0,0,0,0,0,3,2,0.0,0.001,0.0,0.0,0.97,0.04,0.095,204,236,0.962,0.057,0.044,0.055,0.0,0.0,0.0,0.0,normal
0.768,tcp,smtp,SF,1230,1663,0,0,0,0,0,1,0,0,0,0,0,0,0,0,0,0,4,1,0.193,0.002,0.0,0.0,0.914,0.115,0.088,207,90,0.873,0.123,0.045,0.068,0.0,0.0,0.0,0.0,normal
1.177,tcp,http,SF,518,2011,0,0,0,0,0,1,0,0,0,0,0,0,0,0,0,0,4,3,0.009,0.0,0.0,0.0,0.866,0.032,0.003,46,240,0.849,0.012,0.135,0.096,0.0,0.0,0.0,0.0,normal
1.971,tcp,smtp,SF,851,1119,0,0,0,0,0,1,0,0,0,0,0,0,0,0,0,0,6,4,0.031,0.006,0.0,0.0,0.942,0.023,0.056,224,233,0.881,0.105,0.028,0.072,0.0,0.0,0.0,0.0,normal
1.081,tcp,http,SF,224,3006,0,0,0,0,0,1,0,0,0,0,0,0,0,0,0,0,3,1,0.0,0.002,0.0,0.0,0.902,0.005,0.043,78,114,0.817,0.002,0.069,0.091,0.0,0.0,0.0,0.0,normal
2.729,tcp,http,SF,209,1159,0,0,0,0,0,1,0,0,0,0,0,0,0,0,0,0,8,1,0.007,0.0,0.0,0.0,0.858,0.144,0.071,88,39,0.956,0.102,0.133,0.015,0.0,0.0,0.0,0.0,normal
0.659,tcp,http,SF,319,3717,0,0,0,0,0,1,0,0,0,0,0,0,0,0,0,0,5,4,0.008,0.0,0.0,0.0,0.923,0.132,0.013,92,66,0.938,0.032,0.048,0.031,0.0,0.0,0.0,0.0,normal
8.859,tcp,http,SF,344,1352,0,0,0,0,0,1,0,0,0,0,0,0,0,0,0,0,4,6,0.008,0.0,0.0,0.0,0.877,0.036,0.002,109,196,0.941,0.077,0.063,0.041,0.0,0.0,0.0,0.0,normal
0.334,tcp,http,SF,268,2999,0,0,0,0,0,1,0,0,0,0,0,0,0,0,0,0,3,2,0.0,0.005,0.0,0.0,0.871,0.111,0.075,82,166,0.865,0.109,0.028,0.053,0.0,0.0,0.0,0.0,normal
4.731,tcp,http,SF,405,3545,0,0,0,0,0,1,0,0,0,0,0,0,0,0,0,0,4,2,0.0,0.0,0.0,0.0,0.898,0.051,0.089,107,130,0.812,0.125,0.146,0.023,0.0,0.0,0.0,0.0,normal
15.399,tcp,ssh,SF,1877,4828,0,0,0,0,0,1,0,0,0,0,0,0,0,0,0,0,2,1,0.022,0.002,0.0,0.0,0.924,0.0,0.072,181,156,0.907,0.095,0.062,0.043,0.0,0.0,0.0,0.0,normal
0.259,tcp,other,SF,436,116,0,0,0,0,0,0,0,0,0,0,0,0,0,0,0,0,3,4,0.0,0.0,0.0,0.0,0.915,0.011,0.063,194,216,0.894,0.112,0.078,0.04,0.0,0.0,0.0,0.0,normal
0.044,udp,dns,SF,52,102,0,0,0,0,0,0,0,0,0,0,0,0,0,0,0,0,2,5,0.05,0.019,0.0,0.0,0.966,0.055,0.006,19,28,0.861,0.197,0.002,0.046,0.0,0.0,0.0,0.0,normal
12.92,tcp,http,SF,249,4090,0,0,0,0,0,1,0,0,0,0,0,0,0,0,0,0,1,4,0.002,0.0,0.0,0.0,0.951,0.052,0.018,87,68,0.818,0.03,0.07,0.082,0.0,0.0,0.0,0.0,normal
4.569,tcp,http,SF,260,4180,0,0,0,0,0,1,0,0,0,0,0,0,0,0,0,0,3,4,0.0,0.001,0.0,0.0,0.921,0.08,0.071,180,27,0.949,0.184,0.097,0.03,0.0,0.0,0.0,0.0,normal
5.173,tcp,http,SF,481,1127,0,0,0,0,0,1,0,0,0,0,0,0,0,0,0,0,8,1,0.0,0.0,0.0,0.0,0.977,0.087,0.053,77,51,0.824,0.077,0.043,0.051,0.0,0.0,0.0,0.0,normal
0.708,tcp,http,SF,220,13380,0,0,0,0,0,1,0,0,0,0,0,0,0,0,0,0,6,3,0.0,0.008,0.0,0.0,0.929,0.142,0.087,29,15,0.977,0.031,0.138,0.06,0.0,0.0,0.0,0.0,normal
4.48,tcp,smtp,SF,858,1077,0,0,0,0,0,1,0,0,0,0,0,0,0,0,0,0,5,5,0.026,0.023,0.0,0.0,0.944,0.094,0.025,153,244,0.976,0.018,0.144,0.033,0.0,0.0,0.0,0.0,normal
1.79,tcp,http,SF,384,7833,0,0,0,0,0,1,0,0,0,0,0,0,0,0,0,0,4,3,0.106,0.031,0.0,0.0,0.927,0.015,0.095,210,29,0.952,0.135,0.054,0.093,0.0,0.0,0.0,0.0,normal
0.01,udp,dns,SF,68,146,0,0,0,0,0,0,0,0,0,0,0,0,0,0,0,0,5,4,0.0,0.0,0.0,0.0,0.954,0.133,0.047,172,95,0.986,0.173,0.125,0.018,0.0,0.0,0.0,0.0,normal
60.071,tcp,ssh,SF,2395,4519,0,0,0,0,0,1,0,0,0,0,0,0,0,0,0,0,1,6,0.001,0.0,0.0,0.0,0.938,0.087,0.022,168,78,0.941,0.193,0.123,0.072,0.0,0.0,0.0,0.0,normal
1.51,tcp,http,SF,224,1715,0,0,0,0,0,1,0,0,0,0,0,0,0,0,0,0,5,1,0.008,0.001,0.0,0.0,0.884,0.118,0.001,165,54,0.818,0.056,0.12,0.092,0.0,0.0,0.0,0.0,normal
0.021,udp,dns,SF,71,113,0,0,0,0,0,0,0,0,0,0,0,0,0,0,0,0,3,3,0.0,0.0,0.0,0.0,0.989,0.126,0.004,225,163,0.82,0.185,0.084,0.033,0.0,0.0,0.0,0.0,normal
1.94,tcp,http,SF,433,3623,0,0,0,0,0,1,0,0,0,0,0,0,0,0,0,0,4,3,0.001,0.0,0.0,0.0,0.978,0.033,0.023,72,117,0.878,0.113,0.007,0.07,0.0,0.0,0.0,0.0,normal
3.957,tcp,http,SF,186,2838,0,0,0,0,0,1,0,0,0,0,0,0,0,0,0,0,5,4,0.0,0.0,0.0,0.0,0.883,0.019,0.091,149,109,0.862,0.07,0.071,0.066,0.0,0.0,0.0,0.0,normal
6.681,tcp,http,SF,230,307,0,0,0,0,0,1,0,0,0,0,0,0,0,0,0,0,5,5,0.0,0.0,0.0,0.0,0.854,0.005,0.086,208,146,0.834,0.065,0.104,0.004,0.0,0.0,0.0,0.0,normal
0.018,udp,dns,SF,74,137,0,0,0,0,0,0,0,0,0,0,0,0,0,0,0,0,2,2,0.01,0.0,0.0,0.0,0.895,0.003,0.068,69,44,0.885,0.059,0.021,0.041,0.0,0.0,0.0,0.0,normal
0.094,tcp,http,SF,509,323,0,0,0,0,0,1,0,0,0,0,0,0,0,0,0,0,6,5,0.008,0.0,0.0,0.0,0.915,0.099,0.099,57,239,0.96,0.06,0.116,0.037,0.0,0.0,0.0,0.0,normal
0.038,udp,dns,SF,107,100,0,0,0,0,0,0,0,0,0,0,0,0,0,0,0,0,4,1,0.0,0.0,0.0,0.0,0.934,0.047,0.038,230,162,0.973,0.091,0.107,0.085,0.0,0.0,0.0,0.0,normal
2.676,tcp,http,SF,292,5767,0,0,0,0,0,1,0,0,0,0,0,0,0,0,0,0,6,3,0.033,0.001,0.0,0.0,0.899,0.148,0.092,19,74,0.833,0.105,0.09,0.039,0.0,0.0,0.0,0.0,normal
50.578,tcp,ssh,SF,1607,3598,0,0,0,0,0,1,0,0,0,0,0,0,0,0,0,0,2,4,0.0,0.052,0.0,0.0,0.961,0.059,0.05,122,216,0.811,0.099,0.121,0.013,0.0,0.0,0.0,0.0,normal
8.06,tcp,smtp,SF,632,1539,0,0,0,0,0,1,0,0,0,0,0,0,0,0,0,0,6,3,0.0,0.019,0.0,0.0,0.93,0.018,0.015,235,67,0.824,0.08,0.146,0.099,0.0,0.0,0.0,0.0,normal
2.155,tcp,http,SF,452,658,0,0,0,1,0,1,0,0,0,0,0,0,0,0,0,0,1,1,0.013,0.0,0.0,0.0,0.864,0.114,0.051,47,72,0.937,0.088,0.124,0.038,0.0,0.0,0.0,0.0,normal
0.063,udp,dns,SF,113,128,0,0,0,0,0,0,0,0,0,0,0,0,0,0,0,0,2,5,0.0,0.0,0.0,0.0,0.876,0.115,0.053,101,25,0.949,0.19,0.12,0.028,0.0,0.0,0.0,0.0,normal
1.288,tcp,http,SF,371,4649,0,0,0,0,0,1,0,0,0,0,0,0,0,0,0,0,2,3,0.053,0.0,0.0,0.0,0.961,0.084,0.014,243,179,0.931,0.191,0.031,0.073,0.0,0.0,0.0,0.0,normal
42.477,tcp,ssh,SF,1312,5390,0,0,0,0,0,1,0,0,0,0,0,0,0,0,0,0,3,4,0.004,0.027,0.0,0.0,0.906,0.14,0.004,105,248,0.855,0.087,0.0,0.013,0.0,0.0,0.0,0.0,normal
0.073,udp,dns,SF,57,123,0,0,0,0,0,0,0,0,0,0,0,0,0,0,0,0,4,5,0.044,0.008,0.0,0.0,0.942,0.064,0.054,203,107,0.945,0.112,0.032,0.094,0.0,0.0,0.0,0.0,normal
1.607,tcp,http,SF,377,3372,0,0,0,0,0,1,0,0,0,0,0,0,0,0,0,0,6,4,0.0,0.0,0.0,0.0,0.932,0.137,0.054,28,32,0.962,0.069,0.008,0.042,0.0,0.0,0.0,0.0,normal
0.018,udp,dns,SF,66,111,0,0,0,0,0,0,0,0,0,0,0,0,0,0,0,0,6,2,0.0,0.0,0.0,0.0,0.877,0.129,0.074,56,211,0.852,0.146,0.103,0.05,0.0,0.0,0.0,0.0,normal
6.221,tcp,http,SF,361,2507,0,0,0,0,0,1,0,0,0,0,0,0,0,0,0,0,1,1,0.0,0.01,0.0,0.0,0.997,0.106,0.069,20,67,0.935,0.192,0.008,0.036,0.0,0.0,0.0,0.0,normal
1.275,tcp,http,SF,592,1987,0,0,0,0,0,1,0,0,0,0,0,0,0,0,0,0,3,1,0.001,0.0,0.0,0.0,0.872,0.016,0.062,71,63,0.819,0.181,0.001,0.068,0.0,0.0,0.0,0.0,normal
1.396,tcp,http,SF,246,8700,0,0,0,0,0,1,0,0,0,0,0,0,0,0,0,0,3,4,0.007,0.0,0.0,0.0,0.886,0.038,0.089,84,144,0.866,0.149,0.129,0.066,0.0,0.0,0.0,0.0,normal
0.085,tcp,http,SF,250,4741,0,0,0,0,0,1,0,0,0,0,0,0,0,0,0,0,4,2,0.002,0.007,0.0,0.0,0.987,0.057,0.082,158,24,0.869,0.01,0.021,0.066,0.0,0.0,0.0,0.0,normal
0.539,tcp,http,SF,251,1456,0,0,0,0,0,1,0,0,0,0,0,0,0,0,0,0,9,2,0.054,0.0,0.0,0.0,0.936,0.137,0.054,54,169,0.815,0.095,0.077,0.018,0.0,0.0,0.0,0.0,normal
10.86,tcp,smtp,SF,674,793,0,0,0,0,0,1,0,0,0,0,0,0,0,0,0,0,5,6,0.001,0.004,0.0,0.0,0.93,0.002,0.049,51,110,0.943,0.059,0.109,0.01,0.0,0.0,0.0,0.0,normal
1.088,tcp,http,SF,530,7830,0,0,0,0,0,1,0,0,0,0,0,0,0,0,0,0,6,4,0.0,0.001,0.0,0.0,0.998,0.122,0.049,26,214,0.863,0.071,0.078,0.021,0.0,0.0,0.0,0.0,normal
1.326,tcp,http,SF,485,354,0,0,0,0,0,1,0,0,0,0,0,0,0,0,0,0,5,6,0.001,0.0,0.0,0.0,0.857,0.11,0.073,193,201,0.953,0.121,0.075,0.012,0.0,0.0,0.0,0.0,normal
89.047,tcp,ssh,SF,1581,5181,0,0,0,1,0,1,0,0,0,0,0,0,0,0,0,0,8,1,0.015,0.048,0.0,0.0,0.859,0.067,0.046,65,115,0.846,0.077,0.005,0.081,0.0,0.0,0.0,0.0,normal
3.501,tcp,http,SF,469,1343,0,0,0,0,0,1,0,0,0,0,0,0,0,0,0,0,4,6,0.022,0.0,0.0,0.0,0.906,0.067,0.06,200,176,0.892,0.164,0.038,0.002,0.0,0.0,0.0,0.0,normal
0.832,tcp,http,SF,268,2374,0,0,0,0,0,1,0,0,0,0,0,0,0,0,0,0,1,2,0.0,0.0,0.0,0.0,0.996,0.135,0.057,88,116,0.842,0.146,0.104,0.041,0.0,0.0,0.0,0.0,normal
3.602,tcp,smtp,SF,953,1666,0,0,0,0,0,1,0,0,0,0,0,0,0,0,0,0,7,5,0.01,0.033,0.0,0.0,0.889,0.061,0.086,23,196,0.89,0.123,0.121,0.075,0.0,0.0,0.0,0.0,normal
3.967,tcp,http,SF,527,5313,0,0,0,0,0,1,0,0,0,0,0,0,0,0,0,0,1,4,0.004,0.025,0.0,0.0,0.976,0.059,0.073,231,163,0.857,0.038,0.103,0.052,0.0,0.0,0.0,0.0,normal
0.121,udp,dns,SF,94,207,0,0,0,1,0,0,0,0,0,0,0,0,0,0,0,0,4,4,0.0,0.065,0.0,0.0,0.904,0.109,0.066,77,149,0.847,0.115,0.015,0.074,0.0,0.0,0.0,0.0,normal
2.826,tcp,smtp,SF,991,998,0,0,0,0,0,1,0,0,0,0,0,0,0,0,0,0,3,3,0.0,0.009,0.0,0.0,0.946,0.145,0.02,184,169,0.899,0.156,0.083,0.047,0.0,0.0,0.0,0.0,normal
2.6,tcp,http,SF,226,1427,0,0,0,0,0,1,0,0,0,0,0,0,0,0,0,0,6,3,0.051,0.001,0.0,0.0,0.895,0.047,0.07,152,144,0.962,0.081,0.092,0.026,0.0,0.0,0.0,0.0,normal
1.349,tcp,smtp,SF,388,1329,0,0,0,0,0,1,0,0,0,0,0,0,0,0,0,0,3,2,0.0,0.0,0.0,0.0,0.947,0.052,0.086,196,207,0.949,0.031,0.054,0.002,0.0,0.0,0.0,0.0,normal
0.623,tcp,http,SF,360,467,0,0,0,0,0,1,0,0,0,0,0,0,0,0,0,0,4,3,0.0,0.0,0.0,0.0,0.982,0.045,0.041,248,51,0.845,0.093,0.131,0.081,0.0,0.0,0.0,0.0,normal
10.645,tcp,http,SF,261,6150,0,0,0,0,0,1,0,0,0,0,0,0,0,0,0,0,2,5,0.0,0.008,0.0,0.0,0.901,0.095,0.053,117,79,0.882,0.081,0.077,0.081,0.0,0.0,0.0,0.0,normal
3.479,tcp,http,SF,402,3052,0,0,0,0,0,1,0,0,0,0,0,0,0,0,0,0,5,3,0.0,0.219,0.0,0.0,0.969,0.113,0.074,217,204,0.961,0.086,0.05,0.093,0.0,0.0,0.0,0.0,normal
5.684,tcp,http,SF,205,8615,0,0,0,0,0,1,0,0,0,0,0,0,0,0,0,0,3,1,0.0,0.0,0.0,0.0,0.911,0.055,0.042,186,72,0.924,0.161,0.033,0.048,0.0,0.0,0.0,0.0,normal
3.643,tcp,http,SF,321,4934,0,0,0,0,0,1,0,0,0,0,0,0,0,0,0,0,5,4,0.001,0.0,0.0,0.0,0.993,0.078,0.026,74,66,0.914,0.059,0.046,0.087,0.0,0.0,0.0,0.0,normal
1.007,tcp,http,SF,184,1889,0,0,0,0,0,1,0,0,0,0,0,0,0,0,0,0,6,1,0.209,0.0,0.0,0.0,0.962,0.013,0.017,234,106,0.962,0.195,0.097,0.07,0.0,0.0,0.0,0.0,normal
0.022,udp,dns,SF,68,80,0,0,0,0,0,0,0,0,0,0,0,0,0,0,0,0,3,2,0.063,0.004,0.0,0.0,0.853,0.101,0.062,115,121,0.986,0.135,0.031,0.012,0.0,0.0,0.0,0.0,normal
0.462,tcp,smtp,SF,514,968,0,0,0,0,0,1,0,0,0,0,0,0,0,0,0,0,3,2,0.001,0.0,0.0,0.0,0.902,0.104,0.034,13,11,0.896,0.108,0.081,0.014,0.0,0.0,0.0,0.0,normal
0.053,udp,dns,SF,73,85,0,0,0,0,0,0,0,0,0,0,0,0,0,0,0,0,3,3,0.0,0.013,0.0,0.0,0.993,0.128,0.007,115,96,0.809,0.138,0.011,0.001,0.0,0.0,0.0,0.0,normal
2.486,tcp,http,SF,276,7424,0,0,0,0,0,1,0,0,0,0,0,0,0,0,0,0,4,4,0.0,0.036,0.0,0.0,0.867,0.023,0.028,53,200,0.959,0.068,0.064,0.028,0.0,0.0,0.0,0.0,normal
3.014,tcp,http,SF,432,1585,0,0,0,0,0,1,0,0,0,0,0,0,0,0,0,0,6,2,0.016,0.001,0.0,0.0,0.894,0.083,0.078,115,127,0.882,0.146,0.119,0.004,0.0,0.0,0.0,0.0,normal
0.842,tcp,http,SF,372,9535,0,0,0,0,0,1,0,0,0,0,0,0,0,0,0,0,1,5,0.008,0.02,0.0,0.0,0.905,0.117,0.083,36,113,0.86,0.159,0.003,0.061,0.0,0.0,0.0,0.0,normal
0.102,udp,dns,SF,101,154,0,0,0,0,0,0,0,0,0,0,0,0,0,0,0,0,3,4,0.0,0.001,0.0,0.0,0.943,0.109,0.093,241,224,0.978,0.178,0.053,0.044,0.0,0.0,0.0,0.0,normal
0.389,tcp,http,SF,484,3668,0,0,0,0,0,1,0,0,0,0,0,0,0,0,0,0,2,5,0.0,0.024,0.0,0.0,0.976,0.131,0.019,17,174,0.89,0.01,0.108,0.026,0.0,0.0,0.0,0.0,normal
3.855,tcp,http,SF,263,1482,0,0,0,0,0,1,0,0,0,0,0,0,0,0,0,0,7,3,0.0,0.0,0.0,0.0,0.993,0.075,0.075,29,183,0.86,0.086,0.122,0.035,0.0,0.0,0.0,0.0,normal
0.004,udp,dns,SF,69,153,0,0,0,0,0,0,0,0,0,0,0,0,0,0,0,0,4,5,0.039,0.0,0.0,0.0,0.914,0.099,0.021,238,181,0.986,0.136,0.087,0.049,0.0,0.0,0.0,0.0,normal
3.849,tcp,http,SF,190,5199,0,0,0,0,0,1,0,0,0,0,0,0,0,0,0,0,1,1,0.004,0.0,0.0,0.0,0.899,0.076,0.027,189,243,0.825,0.158,0.09,0.004,0.0,0.0,0.0,0.0,normal
0.22,tcp,http,SF,389,9300,0,0,0,0,0,1,0,0,0,0,0,0,0,0,0,0,3,4,0.0,0.071,0.0,0.0,0.89,0.037,0.041,239,94,0.894,0.023,0.061,0.005,0.0,0.0,0.0,0.0,normal
1.644,tcp,http,SF,197,8856,0,0,0,0,0,1,0,0,0,0,0,0,0,0,0,0,2,3,0.011,0.0,0.0,0.0,0.967,0.039,0.048,84,164,0.901,0.067,0.013,0.008,0.0,0.0,0.0,0.0,normal
0.208,tcp,http,SF,253,11685,0,0,0,0,0,1,0,0,0,0,0,0,0,0,0,0,6,2,0.004,0.001,0.0,0.0,0.925,0.11,0.028,209,210,0.836,0.113,0.107,0.059,0.0,0.0,0.0,0.0,normal
0.009,tcp,http,SF,424,1714,0,0,0,0,0,1,0,0,0,0,0,0,0,0,0,0,5,2,0.009,0.0,0.0,0.0,0.885,0.068,0.047,163,247,0.941,0.107,0.032,0.026,0.0,0.0,0.0,0.0,normal
0.436,tcp,http,SF,563,607,0,0,0,0,0,1,0,0,0,0,0,0,0,0,0,0,5,2,0.005,0.0,0.0,0.0,0.955,0.142,0.052,125,130,0.817,0.133,0.104,0.034,0.0,0.0,0.0,0.0,normal
1.325,tcp,smtp,SF,1282,1448,0,0,0,1,0,1,0,0,0,0,0,0,0,0,0,0,5,3,0.0,0.109,0.0,0.0,0.928,0.09,0.066,61,83,0.833,0.085,0.148,0.02,0.0,0.0,0.0,0.0,normal
1.171,tcp,http,SF,197,88,0,0,0,0,0,1,0,0,0,0,0,0,0,0,0,0,5,2,0.0,0.005,0.0,0.0,0.962,0.111,0.061,15,113,0.81,0.19,0.082,0.011,0.0,0.0,0.0,0.0,normal
0.517,tcp,http,SF,295,261,0,0,0,0,0,1,0,0,0,0,0,0,0,0,0,0,6,2,0.005,0.0,0.0,0.0,0.861,0.02,0.017,61,15,0.808,0.021,0.127,0.024,0.0,0.0,0.0,0.0,normal
146.908,tcp,ssh,SF,2304,3050,0,0,0,0,0,1,0,0,0,0,0,0,0,0,0,0,5,2,0.03,0.0,0.0,0.0,0.855,0.001,0.077,189,110,0.861,0.103,0.051,0.075,0.0,0.0,0.0,0.0,normal
2.621,tcp,http,SF,455,6999,0,0,0,0,0,1,0,0,0,0,0,0,0,0,0,0,8,4,0.0,0.0,0.0,0.0,0.893,0.044,0.083,119,124,0.854,0.157,0.095,0.056,0.0,0.0,0.0,0.0,normal
1.183,tcp,http,SF,293,470,0,0,0,0,0,1,0,0,0,0,0,0,0,0,0,0,4,4,0.001,0.013,0.0,0.0,0.887,0.059,0.037,238,83,0.983,0.146,0.041,0.031,0.0,0.0,0.0,0.0,normal
64.475,tcp,ssh,SF,2525,5211,0,0,0,0,0,1,0,0,0,0,0,0,0,0,0,0,4,4,0.001,0.0,0.0,0.0,0.92,0.088,0.094,214,238,0.914,0.056,0.02,0.005,0.0,0.0,0.0,0.0,normal
0.01,udp,dns,SF,65,181,0,0,0,0,0,0,0,0,0,0,0,0,0,0,0,0,3,3,0.0,0.0,0.0,0.0,0.868,0.074,0.035,131,60,0.886,0.149,0.15,0.086,0.0,0.0,0.0,0.0,normal
7.107,tcp,smtp,SF,865,1527,0,0,0,0,0,1,0,0,0,0,0,0,0,0,0,0,5,2,0.005,0.0,0.0,0.0,0.925,0.106,0.04,68,226,0.947,0.129,0.072,0.015,0.0,0.0,0.0,0.0,normal
0.004,udp,dns,SF,91,76,0,0,0,0,0,0,0,0,0,0,0,0,0,0,0,0,7,2,0.028,0.051,0.0,0.0,0.877,0.136,0.0,41,246,0.828,0.033,0.031,0.08,0.0,0.0,0.0,0.0,normal
1.644,tcp,smtp,SF,934,1872,0,0,0,0,0,1,0,0,0,0,0,0,0,0,0,0,5,2,0.0,0.018,0.0,0.0,0.982,0.072,0.085,141,102,0.978,0.063,0.143,0.074,0.0,0.0,0.0,0.0,normal
188.674,tcp,ssh,SF,4167,2819,0,0,0,0,0,1,0,0,0,0,0,0,0,0,0,0,5,1,0.001,0.0,0.0,0.0,0.991,0.123,0.005,97,37,0.958,0.175,0.135,0.068,0.0,0.0,0.0,0.0,normal
1.072,tcp,http,SF,219,861,0,0,0,0,0,1,0,0,0,0,0,0,0,0,0,0,6,5,0.058,0.003,0.0,0.0,0.89,0.062,0.01,40,252,0.868,0.198,0.113,0.014,0.0,0.0,0.0,0.0,normal
0.031,udp,dns,SF,88,212,0,0,0,0,0,0,0,0,0,0,0,0,0,0,0,0,5,4,0.0,0.0,0.0,0.0,0.949,0.072,0.021,75,64,0.958,0.186,0.078,0.068,0.0,0.0,0.0,0.0,normal
0.209,tcp,http,SF,231,4846,0,0,0,0,0,1,0,0,0,0,0,0,0,0,0,0,2,3,0.066,0.0,0.0,0.0,0.877,0.118,0.055,119,48,0.811,0.195,0.093,0.001,0.0,0.0,0.0,0.0,normal
1.109,tcp,http,SF,392,4987,0,0,0,0,0,1,0,0,0,0,0,0,0,0,0,0,2,2,0.034,0.0,0.0,0.0,0.853,0.038,0.062,107,206,0.871,0.076,0.11,0.019,0.0,0.0,0.0,0.0,normal
0.21,tcp,http,SF,344,829,0,0,0,0,0,1,0,0,0,0,0,0,0,0,0,0,3,4,0.001,0.0,0.0,0.0,0.926,0.119,0.076,178,217,0.823,0.186,0.065,0.019,0.0,0.0,0.0,0.0,normal
3.898,tcp,http,SF,254,2790,0,0,0,0,0,1,0,0,0,0,0,0,0,0,0,0,6,3,0.0,0.036,0.0,0.0,0.874,0.025,0.016,142,25,0.878,0.06,0.138,0.086,0.0,0.0,0.0,0.0,normal
0.524,tcp,http,SF,302,3042,0,0,0,0,0,1,0,0,0,0,0,0,0,0,0,0,3,5,0.0,0.01,0.0,0.0,0.865,0.043,0.045,21,214,0.984,0.08,0.01,0.089,0.0,0.0,0.0,0.0,normal
0.257,tcp,http,SF,656,1568,0,0,0,0,0,1,0,0,0,0,0,0,0,0,0,0,2,5,0.0,0.0,0.0,0.0,0.917,0.001,0.013,161,183,0.97,0.098,0.14,0.014,0.0,0.0,0.0,0.0,normal
0.0,udp,dns,SF,75,101,0,0,0,0,0,0,0,0,0,0,0,0,0,0,0,0,2,1,0.0,0.0,0.0,0.0,0.956,0.077,0.099,195,44,0.823,0.134,0.092,0.027,0.0,0.0,0.0,0.0,normal
0.058,udp,dns,SF,86,156,0,0,0,0,0,0,0,0,0,0,0,0,0,0,0,0,3,5,0.0,0.0,0.0,0.0,0.861,0.104,0.097,148,157,0.911,0.126,0.082,0.022,0.0,0.0,0.0,0.0,normal
1.098,tcp,http,SF,182,6067,0,0,0,0,0,1,0,0,0,0,0,0,0,0,0,0,2,5,0.013,0.07,0.0,0.0,0.94,0.03,0.019,41,132,0.877,0.053,0.107,0.044,0.0,0.0,0.0,0.0,normal
4.24,tcp,http,SF,317,4122,0,0,0,0,0,1,0,0,0,0,0,0,0,0,0,0,3,1,0.0,0.054,0.0,0.0,0.857,0.085,0.1,119,43,0.846,0.193,0.144,0.053,0.0,0.0,0.0,0.0,normal
0.069,udp,dns,SF,35,100,0,0,0,0,0,0,0,0,0,0,0,0,0,0,0,0,1,2,0.0,0.0,0.0,0.0,0.955,0.069,0.002,102,143,0.813,0.023,0.109,0.071,0.0,0.0,0.0,0.0,normal
25.463,tcp,ssh,SF,4078,3449,0,0,0,0,0,1,0,0,0,0,0,0,0,0,0,0,3,2,0.001,0.001,0.0,0.0,0.909,0.02,0.035,214,180,0.818,0.086,0.009,0.087,0.0,0.0,0.0,0.0,normal
11.056,tcp,http,SF,257,2745,0,0,0,0,0,1,0,0,0,0,0,0,0,0,0,0,9,2,0.001,0.042,0.0,0.0,0.976,0.026,0.032,228,219,0.811,0.198,0.097,0.048,0.0,0.0,0.0,0.0,normal
3.164,tcp,http,SF,597,211,0,0,0,0,0,1,0,0,0,0,0,0,0,0,0,0,4,7,0.241,0.0,0.0,0.0,0.939,0.122,0.06,86,232,0.803,0.108,0.114,0.083,0.0,0.0,0.0,0.0,normal
0.489,tcp,http,SF,296,1827,0,0,0,0,0,1,0,0,0,0,0,0,0,0,0,0,9,3,0.0,0.0,0.0,0.0,0.977,0.015,0.043,102,203,0.807,0.105,0.003,0.052,0.0,0.0,0.0,0.0,normal
6.244,tcp,http,SF,430,728,0,0,0,0,0,1,0,0,0,0,0,0,0,0,0,0,3,1,0.0,0.0,0.0,0.0,0.933,0.001,0.015,132,208,0.845,0.03,0.013,0.045,0.0,0.0,0.0,0.0,normal
2.355,tcp,http,SF,360,5592,0,0,0,0,0,1,0,0,0,0,0,0,0,0,0,0,2,2,0.0,0.0,0.0,0.0,0.868,0.069,0.042,224,162,0.865,0.035,0.097,0.068,0.0,0.0,0.0,0.0,normal
3.82,tcp,http,SF,338,1035,0,0,0,0,0,1,0,0,0,0,0,0,0,0,0,0,4,4,0.0,0.0,0.0,0.0,0.917,0.054,0.021,163,198,0.939,0.166,0.115,0.012,0.0,0.0,0.0,0.0,normal
0.9,tcp,ssh,SF,1539,4311,0,0,0,0,0,1,0,0,0,0,0,0,0,0,0,0,4,1,0.0,0.001,0.0,0.0,0.89,0.075,0.008,183,114,0.872,0.184,0.013,0.01,0.0,0.0,0.0,0.0,normal
0.012,udp,dns,SF,54,134,0,0,0,0,0,0,0,0,0,0,0,0,0,0,0,0,3,1,0.0,0.0,0.0,0.0,0.92,0.051,0.056,231,232,0.995,0.185,0.045,0.006,0.0,0.0,0.0,0.0,normal
3.491,tcp,smtp,SF,835,1520,0,0,0,0,0,1,0,0,0,0,0,0,0,0,0,0,1,7,0.0,0.001,0.0,0.0,0.993,0.044,0.042,94,254,0.909,0.1,0.099,0.076,0.0,0.0,0.0,0.0,normal
0.031,udp,dns,SF,80,181,0,0,0,0,0,0,0,0,0,0,0,0,0,0,0,0,4,5,0.012,0.0,0.0,0.0,0.913,0.118,0.079,201,113,0.97,0.073,0.087,0.011,0.0,0.0,0.0,0.0,normal
4.277,tcp,http,SF,459,6139,0,0,0,0,0,1,0,0,0,0,0,0,0,0,0,0,5,4,0.0,0.007,0.0,0.0,0.917,0.065,0.033,249,24,0.837,0.107,0.142,0.023,0.0,0.0,0.0,0.0,normal
1.806,tcp,ssh,SF,2085,6676,0,0,0,0,0,1,0,0,0,0,0,0,0,0,0,0,5,2,0.0,0.0,0.0,0.0,0.91,0.11,0.095,244,89,0.819,0.126,0.063,0.057,0.0,0.0,0.0,0.0,normal
0.627,tcp,http,SF,240,1623,0,0,0,0,0,1,0,0,0,0,0,0,0,0,0,0,2,4,0.0,0.042,0.0,0.0,0.938,0.031,0.08,132,179,0.935,0.14,0.107,0.016,0.0,0.0,0.0,0.0,normal
13.498,tcp,smtp,SF,1028,1250,0,0,0,0,0,1,0,0,0,0,0,0,0,0,0,0,6,8,0.0,0.0,0.0,0.0,0.855,0.066,0.068,241,154,0.905,0.027,0.073,0.018,0.0,0.0,0.0,0.0,normal
1.125,tcp,http,SF,277,2362,0,0,0,0,0,1,0,0,0,0,0,0,0,0,0,0,4,1,0.003,0.012,0.0,0.0,0.956,0.024,0.069,54,153,0.837,0.065,0.029,0.015,0.0,0.0,0.0,0.0,normal
0.015,udp,dns,SF,56,97,0,0,0,0,0,0,0,0,0,0,0,0,0,0,0,0,6,3,0.008,0.047,0.0,0.0,0.92,0.097,0.058,126,62,0.892,0.108,0.071,0.054,0.0,0.0,0.0,0.0,normal
0.187,tcp,http,SF,301,3462,0,0,0,0,0,1,0,0,0,0,0,0,0,0,0,0,7,2,0.001,0.0,0.0,0.0,0.962,0.003,0.078,31,184,0.928,0.046,0.134,0.035,0.0,0.0,0.0,0.0,normal
0.049,udp,dns,SF,69,121,0,0,0,0,0,0,0,0,0,0,0,0,0,0,0,0,4,1,0.0,0.039,0.0,0.0,0.943,0.04,0.058,190,195,0.874,0.032,0.011,0.059,0.0,0.0,0.0,0.0,normal
0.249,tcp,ssh,SF,3288,4656,0,0,0,0,0,1,0,0,0,0,0,0,0,0,0,0,6,4,0.002,0.003,0.0,0.0,0.898,0.024,0.034,21,46,0.996,0.185,0.116,0.073,0.0,0.0,0.0,0.0,normal
0.339,tcp,http,SF,320,1896,0,0,0,0,0,1,0,0,0,0,0,0,0,0,0,0,6,2,0.0,0.008,0.0,0.0,0.999,0.137,0.048,238,223,0.87,0.038,0.052,0.08,0.0,0.0,0.0,0.0,normal
0.084,tcp,http,SF,307,1789,0,0,0,0,0,1,0,0,0,0,0,0,0,0,0,0,5,2,0.0,0.004,0.0,0.0,0.866,0.033,0.093,39,219,0.89,0.197,0.121,0.047,0.0,0.0,0.0,0.0,normal
28.026,tcp,ssh,SF,2824,3054,0,0,0,0,0,1,0,0,0,0,0,0,0,0,0,0,3,6,0.002,0.0,0.0,0.0,0.965,0.118,0.076,141,65,0.804,0.119,0.081,0.05,0.0,0.0,0.0,0.0,normal
0.103,udp,dns,SF,88,121,0,0,0,0,0,0,0,0,0,0,0,0,0,0,0,0,5,2,0.0,0.0,0.0,0.0,0.898,0.033,0.041,230,220,0.893,0.126,0.128,0.066,0.0,0.0,0.0,0.0,normal
0.627,tcp,http,SF,435,2021,0,0,0,0,0,1,0,0,0,0,0,0,0,0,0,0,4,7,0.0,0.0,0.0,0.0,0.964,0.077,0.088,174,20,0.895,0.002,0.036,0.077,0.0,0.0,0.0,0.0,normal
0.521,tcp,http,SF,317,4065,0,0,0,0,0,1,0,0,0,0,0,0,0,0,0,0,4,1,0.01,0.013,0.0,0.0,0.968,0.026,0.022,229,137,0.897,0.136,0.043,0.072,0.0,0.0,0.0,0.0,normal
6.386,tcp,smtp,SF,1327,1951,0,0,0,0,0,1,0,0,0,0,0,0,0,0,0,0,3,2,0.003,0.0,0.0,0.0,0.854,0.109,0.069,202,17,0.924,0.171,0.007,0.073,0.0,0.0,0.0,0.0,normal
0.058,udp,dns,SF,44,122,0,0,0,0,0,0,0,0,0,0,0,0,0,0,0,0,5,3,0.0,0.042,0.0,0.0,0.85,0.111,0.003,212,47,0.931,0.114,0.097,0.07,0.0,0.0,0.0,0.0,normal
0.29,tcp,http,SF,502,12940,0,0,0,0,0,1,0,0,0,0,0,0,0,0,0,0,1,3,0.0,0.0,0.0,0.0,0.979,0.123,0.004,82,201,0.914,0.013,0.07,0.0,0.0,0.0,0.0,0.0,normal
63.842,tcp,ssh,SF,4795,3891,0,0,0,0,0,1,0,0,0,0,0,0,0,0,0,0,3,2,0.0,0.0,0.0,0.0,0.863,0.103,0.042,133,245,0.991,0.039,0.015,0.05,0.0,0.0,0.0,0.0,normal
0.538,tcp,http,SF,451,676,0,0,0,0,0,1,0,0,0,0,0,0,0,0,0,0,2,1,0.0,0.006,0.0,0.0,0.892,0.034,0.081,167,94,0.966,0.195,0.066,0.087,0.0,0.0,0.0,0.0,normal
0.044,udp,dns,SF,66,114,0,0,0,0,0,0,0,0,0,0,0,0,0,0,0,0,1,1,0.0,0.0,0.0,0.0,0.953,0.037,0.02,161,123,0.969,0.084,0.006,0.048,0.0,0.0,0.0,0.0,normal
2.107,tcp,http,SF,291,3354,0,0,0,0,0,1,0,0,0,0,0,0,0,0,0,0,5,3,0.0,0.047,0.0,0.0,0.879,0.147,0.089,234,60,0.99,0.191,0.089,0.008,0.0,0.0,0.0,0.0,normal
0.242,tcp,smtp,SF,944,1445,0,0,0,0,0,1,0,0,0,0,0,0,0,0,0,0,7,4,0.0,0.0,0.0,0.0,0.902,0.025,0.071,34,104,0.957,0.005,0.057,0.002,0.0,0.0,0.0,0.0,normal
4.663,tcp,ssh,SF,3648,4036,0,0,0,0,0,1,0,0,0,0,0,0,0,0,0,0,8,4,0.0,0.001,0.0,0.0,0.997,0.006,0.006,194,237,0.814,0.038,0.022,0.056,0.0,0.0,0.0,0.0,normal
5.525,tcp,smtp,SF,1124,1474,0,0,0,0,0,1,0,0,0,0,0,0,0,0,0,0,4,2,0.0,0.001,0.0,0.0,0.932,0.108,0.065,207,234,0.873,0.035,0.022,0.004,0.0,0.0,0.0,0.0,normal
2.401,tcp,http,SF,240,2466,0,0,0,0,0,1,0,0,0,0,0,0,0,0,0,0,6,3,0.015,0.0,0.0,0.0,0.961,0.113,0.006,49,168,0.847,0.193,0.081,0.089,0.0,0.0,0.0,0.0,normal
1.707,tcp,http,SF,294,11639,0,0,0,0,0,1,0,0,0,0,0,0,0,0,0,0,1,2,0.0,0.0,0.0,0.0,0.961,0.14,0.096,205,68,0.998,0.162,0.074,0.063,0.0,0.0,0.0,0.0,normal
0.291,tcp,http,SF,297,15602,0,0,0,0,0,1,0,0,0,0,0,0,0,0,0,0,7,2,0.0,0.0,0.0,0.0,0.945,0.048,0.015,40,30,0.8,0.091,0.016,0.095,0.0,0.0,0.0,0.0,normal
0.036,udp,dns,SF,66,85,0,0,0,0,0,0,0,0,0,0,0,0,0,0,0,0,5,1,0.0,0.0,0.0,0.0,0.987,0.018,0.096,252,245,0.912,0.136,0.117,0.02,0.0,0.0,0.0,0.0,normal
27.58,tcp,ssh,SF,3635,3415,0,0,0,0,0,1,0,0,0,0,0,0,0,0,0,0,5,3,0.0,0.0,0.0,0.0,0.923,0.099,0.041,15,120,0.907,0.059,0.121,0.047,0.0,0.0,0.0,0.0,normal
0.651,tcp,http,SF,247,1049,0,0,0,0,0,1,0,0,0,0,0,0,0,0,0,0,5,4,0.0,0.017,0.0,0.0,0.915,0.028,0.062,24,79,0.889,0.171,0.118,0.011,0.0,0.0,0.0,0.0,normal
1.333,tcp,http,SF,320,8658,0,0,0,0,0,1,0,0,0,0,0,0,0,0,0,0,3,1,0.0,0.001,0.0,0.0,0.894,0.101,0.016,104,199,0.831,0.166,0.006,0.029,0.0,0.0,0.0,0.0,normal
2.067,tcp,http,SF,517,1949,0,0,0,0,0,1,0,0,0,0,0,0,0,0,0,0,5,6,0.0,0.0,0.0,0.0,0.896,0.105,0.076,164,224,0.923,0.062,0.089,0.034,0.0,0.0,0.0,0.0,normal
2.111,tcp,http,SF,393,2650,0,0,0,0,0,1,0,0,0,0,0,0,0,0,0,0,5,1,0.0,0.0,0.0,0.0,0.857,0.018,0.04,178,166,0.98,0.155,0.115,0.059,0.0,0.0,0.0,0.0,normal
0.741,tcp,http,SF,297,450,0,0,0,0,0,1,0,0,0,0,0,0,0,0,0,0,5,2,0.003,0.001,0.0,0.0,0.913,0.129,0.045,190,145,0.916,0.036,0.137,0.046,0.0,0.0,0.0,0.0,normal
0.025,udp,dns,SF,58,156,0,0,0,0,0,0,0,0,0,0,0,0,0,0,0,0,6,1,0.0,0.088,0.0,0.0,0.871,0.097,0.042,30,133,0.977,0.09,0.031,0.051,0.0,0.0,0.0,0.0,normal
2.564,tcp,http,SF,292,1716,0,0,0,0,0,1,0,0,0,0,0,0,0,0,0,0,3,3,0.0,0.004,0.0,0.0,0.98,0.095,0.022,73,237,0.966,0.014,0.097,0.051,0.0,0.0,0.0,0.0,normal
2.676,tcp,http,SF,334,924,0,0,0,0,0,1,0,0,0,0,0,0,0,0,0,0,7,6,0.032,0.0,0.0,0.0,0.87,0.109,0.002,87,111,0.819,0.046,0.006,0.059,0.0,0.0,0.0,0.0,normal
1.158,tcp,http,SF,367,1644,0,0,0,0,0,1,0,0,0,0,0,0,0,0,0,0,4,5,0.0,0.001,0.0,0.0,0.935,0.053,0.054,66,236,0.986,0.048,0.139,0.003,0.0,0.0,0.0,0.0,normal
2.894,tcp,http,SF,386,885,0,0,0,0,0,1,0,0,0,0,0,0,0,0,0,0,5,3,0.186,0.0,0.0,0.0,0.97,0.078,0.098,195,148,0.857,0.068,0.075,0.082,0.0,0.0,0.0,0.0,normal
2.5,tcp,http,SF,415,4592,0,0,0,0,0,1,0,0,0,0,0,0,0,0,0,0,2,2,0.0,0.001,0.0,0.0,0.962,0.127,0.028,183,237,0.828,0.027,0.102,0.036,0.0,0.0,0.0,0.0,normal
2.75,tcp,smtp,SF,1923,925,0,0,0,0,0,1,0,0,0,0,0,0,0,0,0,0,6,1,0.002,0.016,0.0,0.0,0.859,0.005,0.006,66,198,0.918,0.04,0.106,0.077,0.0,0.0,0.0,0.0,normal
1.532,tcp,http,SF,439,1912,0,0,0,0,0,1,0,0,0,0,0,0,0,0,0,0,2,2,0.0,0.0,0.0,0.0,0.975,0.082,0.063,137,80,0.867,0.159,0.084,0.075,0.0,0.0,0.0,0.0,normal
1.7,tcp,http,SF,565,3452,0,0,0,0,0,1,0,0,0,0,0,0,0,0,0,0,2,1,0.0,0.0,0.0,0.0,0.905,0.084,0.088,254,186,0.954,0.04,0.077,0.094,0.0,0.0,0.0,0.0,normal
1.833,tcp,http,SF,266,550,0,0,0,0,0,1,0,0,0,0,0,0,0,0,0,0,7,3,0.0,0.006,0.0,0.0,0.934,0.022,0.084,179,41,0.962,0.014,0.138,0.084,0.0,0.0,0.0,0.0,normal
2.433,tcp,http,SF,298,1993,0,0,0,1,0,1,0,0,0,0,0,0,0,0,0,0,1,1,0.004,0.001,0.0,0.0,0.917,0.071,0.067,171,251,0.816,0.056,0.087,0.035,0.0,0.0,0.0,0.0,normal
0.479,tcp,http,SF,285,884,0,0,0,0,0,1,0,0,0,0,0,0,0,0,0,0,3,3,0.004,0.0,0.0,0.0,0.862,0.029,0.078,79,61,0.99,0.057,0.037,0.082,0.0,0.0,0.0,0.0,normal
3.206,tcp,http,SF,617,566,0,0,0,0,0,1,0,0,0,0,0,0,0,0,0,0,6,2,0.0,0.0,0.0,0.0,0.941,0.056,0.065,40,30,0.802,0.097,0.058,0.087,0.0,0.0,0.0,0.0,normal
3.092,tcp,http,SF,289,1144,0,0,0,0,0,1,0,0,0,0,0,0,0,0,0,0,1,2,0.0,0.0,0.0,0.0,0.943,0.111,0.09,40,152,0.864,0.129,0.044,0.042,0.0,0.0,0.0,0.0,normal
0.032,udp,dns,SF,50,113,0,0,0,0,0,0,0,0,0,0,0,0,0,0,0,0,5,4,0.029,0.063,0.0,0.0,0.88,0.085,0.062,76,243,0.988,0.013,0.113,0.047,0.0,0.0,0.0,0.0,normal
2.535,tcp,other,REJ,215,442,0,0,0,0,0,0,0,0,0,0,0,0,0,0,0,0,4,3,0.0,0.0,0.0,0.0,0.912,0.104,0.033,44,88,0.826,0.109,0.123,0.051,0.0,0.0,0.0,0.0,normal
0.05,udp,dns,SF,67,136,0,0,0,0,0,0,0,0,0,0,0,0,0,0,0,0,5,2,0.0,0.0,0.0,0.0,1.0,0.1,0.096,111,166,0.804,0.144,0.149,0.061,0.0,0.0,0.0,0.0,normal
0.402,tcp,http,SF,436,5550,0,0,0,0,0,1,0,0,0,0,0,0,0,0,0,0,4,5,0.009,0.0,0.0,0.0,0.999,0.003,0.069,243,105,0.964,0.013,0.048,0.024,0.0,0.0,0.0,0.0,normal
0.004,udp,dns,SF,86,104,0,0,0,0,0,0,0,0,0,0,0,0,0,0,0,0,3,3,0.0,0.0,0.0,0.0,0.863,0.086,0.025,232,11,0.989,0.057,0.15,0.021,0.0,0.0,0.0,0.0,normal
2.195,tcp,http,SF,335,8081,0,0,0,0,0,1,0,0,0,0,0,0,0,0,0,0,7,1,0.0,0.046,0.0,0.0,0.94,0.006,0.054,180,237,0.956,0.077,0.118,0.025,0.0,0.0,0.0,0.0,normal
0.743,tcp,http,SF,325,1564,0,0,0,0,0,1,0,0,0,0,0,0,0,0,0,0,5,4,0.003,0.0,0.0,0.0,0.976,0.132,0.029,64,197,0.947,0.14,0.123,0.086,0.0,0.0,0.0,0.0,normal
1.659,tcp,http,SF,683,135,0,0,0,0,0,1,0,0,0,0,0,0,0,0,0,0,2,2,0.0,0.0,0.0,0.0,0.933,0.077,0.018,54,90,0.878,0.073,0.068,0.019,0.0,0.0,0.0,0.0,normal
3.534,tcp,http,SF,316,2700,0,0,0,0,0,1,0,0,0,0,0,0,0,0,0,0,2,2,0.001,0.0,0.0,0.0,0.949,0.026,0.071,199,89,0.966,0.08,0.103,0.049,0.0,0.0,0.0,0.0,normal
2.284,tcp,http,SF,229,2590,0,0,0,0,0,1,0,0,0,0,0,0,0,0,0,0,3,1,0.074,0.002,0.0,0.0,0.861,0.101,0.037,220,10,0.87,0.187,0.091,0.059,0.0,0.0,0.0,0.0,normal
9.298,tcp,http,SF,218,6878,0,0,0,0,0,1,0,0,0,0,0,0,0,0,0,0,3,1,0.0,0.006,0.0,0.0,0.956,0.0,0.071,53,231,0.848,0.081,0.03,0.019,0.0,0.0,0.0,0.0,normal
0.118,udp,dns,SF,67,97,0,0,0,0,0,0,0,0,0,0,0,0,0,0,0,0,3,3,0.0,0.0,0.0,0.0,0.894,0.124,0.052,116,124,0.976,0.059,0.081,0.049,0.0,0.0,0.0,0.0,normal
0.009,udp,dns,SF,46,111,0,0,0,0,0,0,0,0,0,0,0,0,0,0,0,0,2,4,0.027,0.001,0.0,0.0,0.953,0.028,0.022,192,45,0.823,0.068,0.11,0.073,0.0,0.0,0.0,0.0,normal
2.529,tcp,smtp,SF,933,1364,0,0,0,0,0,1,0,0,0,0,0,0,0,0,0,0,6,3,0.0,0.057,0.0,0.0,0.965,0.089,0.039,243,210,0.841,0.159,0.058,0.076,0.0,0.0,0.0,0.0,normal
0.021,udp,dns,SF,51,122,0,0,0,0,0,0,0,0,0,0,0,0,0,0,0,0,2,1,0.001,0.0,0.0,0.0,0.874,0.125,0.018,109,229,0.873,0.075,0.102,0.002,0.0,0.0,0.0,0.0,normal
0.002,udp,dns,SF,42,136,0,0,0,0,0,0,0,0,0,0,0,0,0,0,0,0,5,3,0.0,0.0,0.0,0.0,0.998,0.044,0.021,11,202,0.959,0.079,0.122,0.084,0.0,0.0,0.0,0.0,normal
0.102,tcp,http,SF,199,8652,0,0,0,0,0,1,0,0,0,0,0,0,0,0,0,0,2,4,0.132,0.0,0.0,0.0,0.991,0.115,0.051,63,169,0.83,0.192,0.124,0.058,0.0,0.0,0.0,0.0,normal
0.008,udp,dns,SF,72,226,0,0,0,0,0,0,0,0,0,0,0,0,0,0,0,0,2,4,0.0,0.0,0.0,0.0,0.964,0.046,0.013,132,198,0.974,0.008,0.097,0.05,0.0,0.0,0.0,0.0,normal
2.525,tcp,http,SF,300,3718,0,0,0,0,0,1,0,0,0,0,0,0,0,0,0,0,1,2,0.0,0.0,0.0,0.0,0.851,0.002,0.051,236,41,0.941,0.021,0.003,0.066,0.0,0.0,0.0,0.0,normal
0.046,tcp,http,SF,341,4824,0,0,0,0,0,1,0,0,0,0,0,0,0,0,0,0,4,4,0.008,0.022,0.0,0.0,0.939,0.07,0.083,96,230,0.954,0.055,0.003,0.095,0.0,0.0,0.0,0.0,normal
2.161,tcp,http,SF,353,7318,0,0,0,0,0,1,0,0,0,0,0,0,0,0,0,0,4,4,0.0,0.032,0.0,0.0,0.998,0.146,0.073,248,248,0.897,0.126,0.074,0.085,0.0,0.0,0.0,0.0,normal
0.171,tcp,http,SF,369,1519,0,0,0,0,0,1,0,0,0,0,0,0,0,0,0,0,4,2,0.071,0.006,0.0,0.0,0.966,0.105,0.059,60,104,0.985,0.161,0.088,0.002,0.0,0.0,0.0,0.0,normal
3.435,tcp,http,SF,307,12967,0,0,0,0,0,1,0,0,0,0,0,0,0,0,0,0,1,3,0.0,0.001,0.0,0.0,0.991,0.008,0.055,17,218,0.871,0.102,0.105,0.083,0.0,0.0,0.0,0.0,normal
0.016,udp,dns,SF,60,143,0,0,0,0,0,0,0,0,0,0,0,0,0,0,0,0,2,4,0.0,0.008,0.0,0.0,0.853,0.003,0.058,141,214,0.844,0.015,0.017,0.051,0.0,0.0,0.0,0.0,normal
0.0,udp,dns,SF,78,175,0,0,0,0,0,0,0,0,0,0,0,0,0,0,0,0,2,5,0.0,0.003,0.0,0.0,0.917,0.03,0.003,249,198,0.96,0.083,0.094,0.006,0.0,0.0,0.0,0.0,normal
1.392,tcp,http,SF,572,4998,0,0,0,0,0,1,0,0,0,0,0,0,0,0,0,0,3,3,0.01,0.0,0.0,0.0,0.873,0.13,0.04,125,32,0.821,0.064,0.028,0.048,0.0,0.0,0.0,0.0,normal
90.313,tcp,ssh,SF,2905,5256,0,0,0,0,0,1,0,0,0,0,0,0,0,0,0,0,5,6,0.0,0.0,0.0,0.0,0.887,0.023,0.041,176,158,0.855,0.088,0.105,0.062,0.0,0.0,0.0,0.0,normal
0.013,tcp,http,SF,285,564,0,0,0,0,0,1,0,0,0,0,0,0,0,0,0,0,3,1,0.117,0.011,0.0,0.0,0.852,0.015,0.031,245,229,0.801,0.019,0.09,0.023,0.0,0.0,0.0,0.0,normal
1.502,tcp,http,SF,250,1922,0,0,0,0,0,1,0,0,0,0,0,0,0,0,0,0,5,3,0.032,0.0,0.0,0.0,0.864,0.146,0.079,202,131,0.98,0.065,0.147,0.007,0.0,0.0,0.0,0.0,normal
2.444,tcp,http,SF,321,1251,0,0,0,0,0,1,0,0,0,0,0,0,0,0,0,0,8,2,0.0,0.003,0.0,0.0,0.992,0.107,0.024,115,91,0.956,0.098,0.114,0.09,0.0,0.0,0.0,0.0,normal
50.308,tcp,ssh,SF,1791,3906,0,0,0,0,0,1,0,0,0,0,0,0,0,0,0,0,3,1,0.0,0.0,0.0,0.0,0.91,0.081,0.096,146,235,0.806,0.073,0.093,0.083,0.0,0.0,0.0,0.0,normal
7.0,tcp,http,SF,249,10401,0,0,0,0,0,1,0,0,0,0,0,0,0,0,0,0,2,3,0.0,0.0,0.0,0.0,0.968,0.01,0.033,10,232,0.828,0.181,0.132,0.021,0.0,0.0,0.0,0.0,normal
0.476,tcp,http,SF,132,1774,0,0,0,0,0,1,0,0,0,0,0,0,0,0,0,0,1,6,0.0,0.0,0.0,0.0,0.941,0.122,0.074,210,29,0.882,0.101,0.093,0.081,0.0,0.0,0.0,0.0,normal
1.908,tcp,http,SF,197,3439,0,0,0,0,0,1,0,0,0,0,0,0,0,0,0,0,6,1,0.0,0.0,0.0,0.0,0.974,0.038,0.018,215,220,0.882,0.16,0.129,0.036,0.0,0.0,0.0,0.0,normal
0.072,tcp,http,SF,284,3667,0,0,0,0,0,1,0,0,0,0,0,0,0,0,0,0,6,4,0.0,0.002,0.0,0.0,0.912,0.092,0.037,138,158,0.817,0.088,0.119,0.024,0.0,0.0,0.0,0.0,normal
0.876,tcp,http,SF,513,1911,0,0,0,0,0,1,0,0,0,0,0,0,0,0,0,0,4,1,0.0,0.0,0.0,0.0,0.862,0.019,0.026,16,176,0.871,0.101,0.007,0.072,0.0,0.0,0.0,0.0,normal
3.393,tcp,http,SF,359,64,0,0,0,0,0,1,0,0,0,0,0,0,0,0,0,0,5,2,0.0,0.051,0.0,0.0,0.926,0.036,0.08,37,80,0.804,0.13,0.134,0.088,0.0,0.0,0.0,0.0,normal
0.034,tcp,other,SF,169,296,0,0,0,0,0,0,0,0,0,0,0,0,0,0,0,0,3,2,0.009,0.107,0.0,0.0,0.948,0.136,0.084,192,202,0.935,0.171,0.126,0.047,0.0,0.0,0.0,0.0,normal
0.019,udp,dns,SF,70,127,0,0,0,0,0,0,0,0,0,0,0,0,0,0,0,0,5,2,0.0,0.157,0.0,0.0,0.976,0.128,0.048,181,120,0.962,0.03,0.116,0.087,0.0,0.0,0.0,0.0,normal
0.208,tcp,http,SF,318,4248,0,0,0,0,0,1,0,0,0,0,0,0,0,0,0,0,2,5,0.007,0.012,0.0,0.0,0.891,0.088,0.074,243,154,0.902,0.075,0.012,0.087,0.0,0.0,0.0,0.0,normal
27.087,tcp,ssh,SF,2389,4381,0,0,0,0,0,1,0,0,0,0,0,0,0,0,0,0,4,6,0.006,0.0,0.0,0.0,0.914,0.071,0.08,93,187,0.967,0.147,0.008,0.08,0.0,0.0,0.0,0.0,normal
2.278,tcp,smtp,SF,1544,1208,0,0,0,0,0,1,0,0,0,0,0,0,0,0,0,0,3,5,0.001,0.0,0.0,0.0,0.982,0.126,0.082,144,245,0.883,0.071,0.123,0.046,0.0,0.0,0.0,0.0,normal
0.223,udp,dns,SF,67,160,0,0,0,0,0,0,0,0,0,0,0,0,0,0,0,0,6,1,0.0,0.037,0.0,0.0,0.923,0.072,0.072,196,187,0.871,0.133,0.069,0.077,0.0,0.0,0.0,0.0,normal
2.301,tcp,http,SF,378,3616,0,0,0,0,0,1,0,0,0,0,0,0,0,0,0,0,2,3,0.0,0.0,0.0,0.0,0.861,0.098,0.044,235,67,0.84,0.0,0.051,0.09,0.0,0.0,0.0,0.0,normal
3.96,tcp,http,SF,534,342,0,0,0,0,0,1,0,0,0,0,0,0,0,0,0,0,5,1,0.0,0.0,0.0,0.0,0.895,0.098,0.056,51,22,0.954,0.197,0.044,0.052,0.0,0.0,0.0,0.0,normal
0.034,udp,dns,SF,68,141,0,0,0,0,0,0,0,0,0,0,0,0,0,0,0,0,7,2,0.0,0.0,0.0,0.0,0.941,0.064,0.073,232,62,0.921,0.139,0.146,0.05,0.0,0.0,0.0,0.0,normal
1.431,tcp,smtp,SF,899,776,0,0,0,0,0,1,0,0,0,0,0,0,0,0,0,0,3,3,0.0,0.001,0.0,0.0,0.864,0.119,0.092,71,107,0.858,0.053,0.137,0.039,0.0,0.0,0.0,0.0,normal
0.707,tcp,http,SF,118,6801,0,0,0,0,0,1,0,0,0,0,0,0,0,0,0,0,4,3,0.0,0.0,0.0,0.0,0.969,0.008,0.01,189,52,0.861,0.005,0.004,0.065,0.0,0.0,0.0,0.0,normal
3.927,tcp,http,SF,243,12811,0,0,0,0,0,1,0,0,0,0,0,0,0,0,0,0,3,1,0.0,0.0,0.0,0.0,0.908,0.089,0.01,33,57,0.872,0.003,0.098,0.029,0.0,0.0,0.0,0.0,normal
0.13,tcp,http,SF,166,2191,0,0,0,0,0,1,0,0,0,0,0,0,0,0,0,0,5,1,0.0,0.0,0.0,0.0,0.922,0.14,0.019,171,25,0.955,0.097,0.07,0.039,0.0,0.0,0.0,0.0,normal
0.802,tcp,http,SF,273,1238,0,0,0,0,0,1,0,0,0,0,0,0,0,0,0,0,4,8,0.0,0.072,0.0,0.0,0.984,0.096,0.094,51,12,0.921,0.144,0.106,0.095,0.0,0.0,0.0,0.0,normal
1.054,tcp,http,SF,392,2668,0,0,0,0,0,1,0,0,0,0,0,0,0,0,0,0,5,3,0.0,0.0,0.0,0.0,0.903,0.064,0.052,75,112,0.804,0.065,0.12,0.026,0.0,0.0,0.0,0.0,normal
1.081,tcp,http,SF,233,5215,0,0,0,0,0,1,0,0,0,0,0,0,0,0,0,0,5,4,0.004,0.003,0.0,0.0,0.956,0.084,0.095,24,12,0.868,0.076,0.087,0.095,0.0,0.0,0.0,0.0,normal
1.787,tcp,http,SF,425,1429,0,0,0,0,0,1,0,0,0,0,0,0,0,0,0,0,5,5,0.001,0.0,0.0,0.0,0.899,0.063,0.001,53,21,0.916,0.172,0.067,0.089,0.0,0.0,0.0,0.0,normal
0.197,tcp,http,SF,353,1793,0,0,0,0,0,1,0,0,0,0,0,0,0,0,0,0,4,3,0.039,0.004,0.0,0.0,0.868,0.039,0.011,66,148,0.986,0.049,0.139,0.025,0.0,0.0,0.0,0.0,normal
0.208,tcp,http,SF,188,7019,0,0,0,0,0,1,0,0,0,0,0,0,0,0,0,0,3,3,0.0,0.007,0.0,0.0,0.917,0.11,0.082,208,77,0.965,0.097,0.108,0.096,0.0,0.0,0.0,0.0,normal
0.39,tcp,http,SF,239,15998,0,0,0,0,0,1,0,0,0,0,0,0,0,0,0,0,3,5,0.002,0.021,0.0,0.0,0.961,0.088,0.084,62,103,0.931,0.039,0.013,0.013,0.0,0.0,0.0,0.0,normal
2.536,tcp,other,REJ,370,376,0,0,0,0,0,0,0,0,0,0,0,0,0,0,0,0,5,5,0.0,0.0,0.0,0.0,0.991,0.034,0.1,14,130,0.801,0.042,0.08,0.029,0.0,0.0,0.0,0.0,normal
4.129,tcp,http,SF,434,276,0,0,0,0,0,1,0,0,0,0,0,0,0,0,0,0,4,2,0.0,0.001,0.0,0.0,0.903,0.111,0.012,233,141,0.975,0.104,0.069,0.052,0.0,0.0,0.0,0.0,normal
1.446,tcp,http,SF,378,5962,0,0,0,0,0,1,0,0,0,0,0,0,0,0,0,0,2,8,0.0,0.019,0.0,0.0,0.955,0.051,0.034,107,237,0.866,0.113,0.041,0.069,0.0,0.0,0.0,0.0,normal
0.516,tcp,http,SF,294,12000,0,0,0,0,0,1,0,0,0,0,0,0,0,0,0,0,2,4,0.001,0.0,0.0,0.0,0.964,0.138,0.071,187,146,0.824,0.042,0.113,0.061,0.0,0.0,0.0,0.0,normal
0.077,tcp,http,SF,326,3078,0,0,0,0,0,1,0,0,0,0,0,0,0,0,0,0,8,1,0.0,0.061,0.0,0.0,0.864,0.102,0.051,137,175,0.939,0.137,0.118,0.091,0.0,0.0,0.0,0.0,normal
0.073,udp,dns,SF,45,121,0,0,0,0,0,0,0,0,0,0,0,0,0,0,0,0,4,6,0.0,0.0,0.0,0.0,0.958,0.113,0.037,230,132,0.922,0.19,0.09,0.022,0.0,0.0,0.0,0.0,normal
3.647,tcp,http,SF,387,1864,0,0,0,0,0,1,0,0,0,0,0,0,0,0,0,0,3,6,0.0,0.032,0.0,0.0,0.869,0.049,0.046,47,99,0.895,0.085,0.062,0.067,0.0,0.0,0.0,0.0,normal
0.394,tcp,http,SF,276,4151,0,0,0,0,0,1,0,0,0,0,0,0,0,0,0,0,5,1,0.005,0.006,0.0,0.0,0.894,0.03,0.098,206,192,0.914,0.026,0.085,0.069,0.0,0.0,0.0,0.0,normal
0.564,tcp,http,SF,317,12597,0,0,0,0,0,1,0,0,0,0,0,0,0,0,0,0,4,5,0.0,0.0,0.0,0.0,0.983,0.1,0.069,20,28,0.934,0.083,0.092,0.024,0.0,0.0,0.0,0.0,normal
1.342,tcp,smtp,SF,568,1006,0,0,0,0,0,1,0,0,0,0,0,0,0,0,0,0,6,5,0.002,0.0,0.0,0.0,0.941,0.045,0.019,66,184,0.994,0.184,0.123,0.009,0.0,0.0,0.0,0.0,normal
12.496,tcp,ssh,SF,3068,3282,0,0,0,0,0,1,0,0,0,0,0,0,0,0,0,0,5,4,0.0,0.0,0.0,0.0,0.868,0.139,0.078,247,51,0.907,0.153,0.046,0.007,0.0,0.0,0.0,0.0,normal
0.41,tcp,http,SF,441,486,0,0,0,0,0,1,0,0,0,0,0,0,0,0,0,0,2,3,0.0,0.008,0.0,0.0,0.897,0.098,0.055,191,95,0.873,0.195,0.123,0.068,0.0,0.0,0.0,0.0,normal
119.281,tcp,ssh,SF,3263,3996,0,0,0,0,0,1,0,0,0,0,0,0,0,0,0,0,5,2,0.0,0.0,0.0,0.0,0.878,0.031,0.042,13,178,0.881,0.129,0.008,0.067,0.0,0.0,0.0,0.0,normal
3.089,tcp,http,SF,330,1442,0,0,0,0,0,1,0,0,0,0,0,0,0,0,0,0,5,4,0.0,0.0,0.0,0.0,0.916,0.038,0.004,69,181,0.978,0.017,0.035,0.091,0.0,0.0,0.0,0.0,normal
0.024,udp,dns,SF,54,129,0,0,0,0,0,0,0,0,0,0,0,0,0,0,0,0,3,1,0.0,0.0,0.0,0.0,0.947,0.006,0.07,42,29,0.947,0.13,0.015,0.015,0.0,0.0,0.0,0.0,normal
1.195,tcp,http,SF,195,1242,0,0,0,0,0,1,0,0,0,0,0,0,0,0,0,0,3,4,0.0,0.0,0.0,0.0,0.973,0.125,0.024,91,62,0.814,0.011,0.071,0.092,0.0,0.0,0.0,0.0,normal
83.927,tcp,ssh,SF,2319,3370,0,0,0,0,0,1,0,0,0,0,0,0,0,0,0,0,4,1,0.0,0.0,0.0,0.0,0.914,0.144,0.012,186,74,0.836,0.183,0.114,0.056,0.0,0.0,0.0,0.0,normal
0.187,tcp,http,SF,400,1819,0,0,0,1,0,1,0,0,0,0,0,0,0,0,0,0,5,3,0.0,0.0,0.0,0.0,0.914,0.046,0.012,112,186,0.915,0.0,0.14,0.001,0.0,0.0,0.0,0.0,normal
3.035,tcp,http,SF,329,1338,0,0,0,0,0,1,0,0,0,0,0,0,0,0,0,0,4,2,0.003,0.0,0.0,0.0,0.999,0.075,0.049,20,103,0.901,0.181,0.13,0.041,0.0,0.0,0.0,0.0,normal
3.431,tcp,http,SF,359,1236,0,0,0,0,0,1,0,0,0,0,0,0,0,0,0,0,4,2,0.013,0.024,0.0,0.0,0.916,0.059,0.027,168,23,0.958,0.153,0.034,0.068,0.0,0.0,0.0,0.0,normal
0.589,tcp,http,SF,301,1044,0,0,0,0,0,1,0,0,0,0,0,0,0,0,0,0,5,4,0.0,0.054,0.0,0.0,0.862,0.059,0.006,123,35,0.875,0.146,0.011,0.003,0.0,0.0,0.0,0.0,normal
1.1,tcp,http,SF,386,3323,0,0,0,0,0,1,0,0,0,0,0,0,0,0,0,0,6,3,0.0,0.0,0.0,0.0,0.984,0.055,0.064,74,34,0.925,0.113,0.105,0.056,0.0,0.0,0.0,0.0,normal
2.231,tcp,http,SF,574,9058,0,0,0,0,0,1,0,0,0,0,0,0,0,0,0,0,6,5,0.007,0.016,0.0,0.0,0.881,0.085,0.071,181,116,0.929,0.026,0.046,0.072,0.0,0.0,0.0,0.0,normal
132.332,tcp,ssh,SF,2570,6509,0,0,0,0,0,1,0,0,0,0,0,0,0,0,0,0,8,6,0.0,0.001,0.0,0.0,0.948,0.028,0.001,177,32,0.872,0.195,0.06,0.006,0.0,0.0,0.0,0.0,normal
3.835,tcp,smtp,SF,791,1449,0,0,0,0,0,1,0,0,0,0,0,0,0,0,0,0,6,2,0.022,0.005,0.0,0.0,0.868,0.115,0.09,242,135,0.901,0.039,0.132,0.069,0.0,0.0,0.0,0.0,normal
188.49,tcp,ssh,SF,2098,2854,0,0,0,0,0,1,0,0,0,0,0,0,0,0,0,0,4,2,0.006,0.0,0.0,0.0,0.918,0.125,0.091,54,28,0.821,0.092,0.097,0.065,0.0,0.0,0.0,0.0,normal
4.899,tcp,smtp,SF,899,1723,0,0,0,0,0,1,0,0,0,0,0,0,0,0,0,0,5,6,0.0,0.001,0.0,0.0,0.927,0.067,0.064,84,240,0.843,0.093,0.066,0.097,0.0,0.0,0.0,0.0,normal
0.714,tcp,smtp,SF,666,1386,0,0,0,0,0,1,0,0,0,0,0,0,0,0,0,0,5,3,0.0,0.0,0.0,0.0,0.91,0.015,0.082,204,84,0.982,0.038,0.045,0.059,0.0,0.0,0.0,0.0,normal
2.572,tcp,http,SF,628,10576,0,0,0,0,0,1,0,0,0,0,0,0,0,0,0,0,4,1,0.0,0.0,0.0,0.0,0.944,0.044,0.091,235,216,0.984,0.041,0.137,0.034,0.0,0.0,0.0,0.0,normal
0.098,udp,dns,SF,74,103,0,0,0,0,0,0,0,0,0,0,0,0,0,0,0,0,2,3,0.0,0.002,0.0,0.0,0.926,0.145,0.047,205,219,0.993,0.06,0.054,0.074,0.0,0.0,0.0,0.0,normal
50.803,tcp,ssh,SF,1752,3980,0,0,0,0,0,1,0,0,0,0,0,0,0,0,0,0,4,6,0.0,0.072,0.0,0.0,0.905,0.018,0.003,194,209,0.989,0.101,0.128,0.042,0.0,0.0,0.0,0.0,normal
1.859,tcp,http,SF,476,8140,0,0,0,0,0,1,0,0,0,0,0,0,0,0,0,0,7,3,0.0,0.019,0.0,0.0,0.901,0.059,0.022,89,22,0.956,0.041,0.128,0.094,0.0,0.0,0.0,0.0,normal
0.107,udp,dns,SF,56,109,0,0,0,0,0,0,0,0,0,0,0,0,0,0,0,0,6,3,0.0,0.052,0.0,0.0,0.885,0.024,0.072,86,152,0.991,0.043,0.05,0.019,0.0,0.0,0.0,0.0,normal
0.007,udp,dns,SF,66,155,0,0,0,0,0,0,0,0,0,0,0,0,0,0,0,0,3,3,0.0,0.003,0.0,0.0,0.887,0.091,0.083,192,108,0.895,0.069,0.111,0.008,0.0,0.0,0.0,0.0,normal
459.664,tcp,ssh,SF,3000,3084,0,0,0,0,0,1,0,0,0,0,0,0,0,0,0,0,6,7,0.0,0.0,0.0,0.0,0.986,0.042,0.002,45,181,0.834,0.177,0.116,0.01,0.0,0.0,0.0,0.0,normal
0.989,tcp,http,SF,205,191,0,0,0,0,0,1,0,0,0,0,0,0,0,0,0,0,3,4,0.0,0.001,0.0,0.0,0.96,0.001,0.083,244,129,0.902,0.167,0.004,0.092,0.0,0.0,0.0,0.0,normal
0.383,tcp,http,SF,355,6923,0,0,0,0,0,1,0,0,0,0,0,0,0,0,0,0,2,2,0.0,0.0,0.0,0.0,0.882,0.127,0.023,235,24,0.944,0.155,0.06,0.072,0.0,0.0,0.0,0.0,normal
1.147,tcp,http,SF,564,2505,0,0,0,0,0,1,0,0,0,0,0,0,0,0,0,0,5,3,0.05,0.006,0.0,0.0,0.851,0.009,0.059,54,20,0.928,0.069,0.075,0.092,0.0,0.0,0.0,0.0,normal
0.458,tcp,http,SF,219,2658,0,0,0,0,0,1,0,0,0,0,0,0,0,0,0,0,2,5,0.0,0.012,0.0,0.0,0.961,0.087,0.005,69,46,0.914,0.169,0.097,0.049,0.0,0.0,0.0,0.0,normal
0.626,tcp,http,SF,233,525,0,0,0,0,0,1,0,0,0,0,0,0,0,0,0,0,1,2,0.0,0.0,0.0,0.0,0.898,0.017,0.075,249,131,0.896,0.094,0.036,0.038,0.0,0.0,0.0,0.0,normal
1.565,tcp,http,SF,316,10322,0,0,0,0,0,1,0,0,0,0,0,0,0,0,0,0,7,1,0.045,0.0,0.0,0.0,0.892,0.023,0.016,175,142,0.94,0.004,0.053,0.029,0.0,0.0,0.0,0.0,normal
0.045,udp,dns,SF,53,172,0,0,0,0,0,0,0,0,0,0,0,0,0,0,0,0,5,3,0.003,0.0,0.0,0.0,0.943,0.116,0.043,237,79,0.84,0.125,0.003,0.012,0.0,0.0,0.0,0.0,normal
1.89,tcp,other,SF,176,212,0,0,0,0,0,0,0,0,0,0,0,0,0,0,0,0,4,2,0.0,0.001,0.0,0.0,0.986,0.074,0.08,193,140,0.965,0.141,0.053,0.031,0.0,0.0,0.0,0.0,normal
7.463,tcp,smtp,SF,1177,1289,0,0,0,0,0,1,0,0,0,0,0,0,0,0,0,0,7,3,0.001,0.0,0.0,0.0,0.981,0.118,0.086,61,124,0.959,0.158,0.087,0.003,0.0,0.0,0.0,0.0,normal
0.358,tcp,http,SF,488,4036,0,0,0,0,0,1,0,0,0,0,0,0,0,0,0,0,2,7,0.0,0.006,0.0,0.0,0.945,0.08,0.001,201,210,0.945,0.06,0.089,0.066,0.0,0.0,0.0,0.0,normal
0.666,tcp,http,SF,378,771,0,0,0,0,0,1,0,0,0,0,0,0,0,0,0,0,3,2,0.0,0.0,0.0,0.0,0.856,0.147,0.006,53,122,0.953,0.196,0.013,0.086,0.0,0.0,0.0,0.0,normal
0.777,tcp,http,SF,319,12287,0,0,0,0,0,1,0,0,0,0,0,0,0,0,0,0,4,5,0.0,0.0,0.0,0.0,0.907,0.042,0.061,248,202,0.931,0.043,0.095,0.077,0.0,0.0,0.0,0.0,normal
0.16,udp,dns,SF,60,142,0,0,0,0,0,0,0,0,0,0,0,0,0,0,0,0,7,3,0.0,0.0,0.0,0.0,0.911,0.087,0.01,20,42,0.944,0.099,0.136,0.059,0.0,0.0,0.0,0.0,normal
1.721,tcp,http,SF,179,3887,0,0,0,0,0,1,0,0,0,0,0,0,0,0,0,0,1,5,0.014,0.004,0.0,0.0,0.987,0.085,0.05,220,146,0.917,0.097,0.035,0.072,0.0,0.0,0.0,0.0,normal
8.246,tcp,http,SF,233,353,0,0,0,0,0,1,0,0,0,0,0,0,0,0,0,0,4,3,0.003,0.0,0.0,0.0,0.888,0.063,0.048,53,227,0.971,0.041,0.079,0.086,0.0,0.0,0.0,0.0,normal
0.245,tcp,http,SF,414,6263,0,0,0,0,0,1,0,0,0,0,0,0,0,0,0,0,4,1,0.012,0.0,0.0,0.0,0.932,0.085,0.086,66,140,0.851,0.041,0.073,0.03,0.0,0.0,0.0,0.0,normal
0.013,udp,dns,SF,72,161,0,0,0,0,0,0,0,0,0,0,0,0,0,0,0,0,6,4,0.008,0.0,0.0,0.0,0.987,0.13,0.023,206,49,0.82,0.018,0.112,0.03,0.0,0.0,0.0,0.0,normal
1.019,tcp,http,SF,325,2630,0,0,0,0,0,1,0,0,0,0,0,0,0,0,0,0,5,5,0.0,0.002,0.0,0.0,0.939,0.006,0.096,13,160,0.844,0.144,0.086,0.058,0.0,0.0,0.0,0.0,normal
1.739,tcp,http,SF,368,4762,0,0,0,0,0,1,0,0,0,0,0,0,0,0,0,0,4,2,0.0,0.002,0.0,0.0,0.866,0.098,0.036,217,26,0.96,0.168,0.052,0.062,0.0,0.0,0.0,0.0,normal
1.462,tcp,http,SF,224,1658,0,0,0,0,0,1,0,0,0,0,0,0,0,0,0,0,2,3,0.0,0.0,0.0,0.0,0.909,0.001,0.033,176,122,0.995,0.121,0.138,0.0,0.0,0.0,0.0,0.0,normal
1.121,tcp,http,SF,239,4908,0,0,0,0,0,1,0,0,0,0,0,0,0,0,0,0,4,3,0.047,0.003,0.0,0.0,0.934,0.002,0.087,216,44,0.869,0.146,0.076,0.002,0.0,0.0,0.0,0.0,normal
0.189,tcp,http,SF,159,993,0,0,0,0,0,1,0,0,0,0,0,0,0,0,0,0,1,1,0.001,0.0,0.0,0.0,0.914,0.102,0.039,44,21,0.986,0.113,0.01,0.092,0.0,0.0,0.0,0.0,normal
3.993,tcp,http,SF,250,1208,0,0,0,0,0,1,0,0,0,0,0,0,0,0,0,0,6,5,0.0,0.0,0.0,0.0,0.972,0.072,0.015,12,96,0.833,0.177,0.084,0.073,0.0,0.0,0.0,0.0,normal
0.778,tcp,http,SF,723,4079,0,0,0,0,0,1,0,0,0,0,0,0,0,0,0,0,4,2,0.001,0.0,0.0,0.0,0.897,0.119,0.059,235,162,0.974,0.038,0.081,0.004,0.0,0.0,0.0,0.0,normal
0.19,udp,dns,SF,64,133,0,0,0,0,0,0,0,0,0,0,0,0,0,0,0,0,2,3,0.0,0.0,0.0,0.0,0.884,0.103,0.072,33,230,0.968,0.175,0.079,0.02,0.0,0.0,0.0,0.0,normal
65.068,tcp,ssh,SF,2228,5234,0,0,0,0,0,1,0,0,0,0,0,0,0,0,0,0,3,5,0.0,0.0,0.0,0.0,0.905,0.032,0.06,129,222,0.936,0.153,0.116,0.001,0.0,0.0,0.0,0.0,normal
2.42,tcp,http,SF,501,4894,0,0,0,0,0,1,0,0,0,0,0,0,0,0,0,0,5,1,0.068,0.0,0.0,0.0,0.958,0.039,0.086,183,29,0.864,0.058,0.137,0.046,0.0,0.0,0.0,0.0,normal
0.081,udp,dns,SF,40,109,0,0,0,0,0,0,0,0,0,0,0,0,0,0,0,0,5,7,0.0,0.014,0.0,0.0,0.895,0.01,0.074,238,238,0.846,0.065,0.094,0.011,0.0,0.0,0.0,0.0,normal
4.061,tcp,http,SF,318,5527,0,0,0,0,0,1,0,0,0,0,0,0,0,0,0,0,1,6,0.0,0.0,0.0,0.0,0.877,0.11,0.082,139,86,0.969,0.048,0.128,0.056,0.0,0.0,0.0,0.0,normal
0.794,tcp,http,SF,297,1691,0,0,0,0,0,1,0,0,0,0,0,0,0,0,0,0,6,1,0.01,0.0,0.0,0.0,0.907,0.119,0.066,67,40,0.866,0.081,0.123,0.039,0.0,0.0,0.0,0.0,normal
1.728,tcp,http,SF,337,6599,0,0,0,0,0,1,0,0,0,0,0,0,0,0,0,0,4,2,0.004,0.003,0.0,0.0,0.921,0.001,0.057,195,24,0.92,0.198,0.026,0.022,0.0,0.0,0.0,0.0,normal
2.372,tcp,http,SF,206,2010,0,0,0,0,0,1,0,0,0,0,0,0,0,0,0,0,4,3,0.076,0.0,0.0,0.0,0.984,0.022,0.07,72,114,0.981,0.03,0.104,0.084,0.0,0.0,0.0,0.0,normal
12.479,tcp,smtp,SF,812,1771,0,0,0,0,0,1,0,0,0,0,0,0,0,0,0,0,4,5,0.0,0.0,0.0,0.0,0.931,0.125,0.097,78,105,0.84,0.021,0.066,0.017,0.0,0.0,0.0,0.0,normal
0.249,tcp,smtp,SF,936,1832,0,0,0,0,0,1,0,0,0,0,0,0,0,0,0,0,5,1,0.0,0.0,0.0,0.0,0.889,0.015,0.058,50,166,0.921,0.032,0.014,0.06,0.0,0.0,0.0,0.0,normal
0.564,tcp,http,SF,264,2229,0,0,0,0,0,1,0,0,0,0,0,0,0,0,0,0,2,5,0.0,0.007,0.0,0.0,0.859,0.075,0.031,74,33,0.847,0.13,0.003,0.018,0.0,0.0,0.0,0.0,normal
0.083,udp,dns,SF,76,82,0,0,0,0,0,0,0,0,0,0,0,0,0,0,0,0,1,2,0.0,0.0,0.0,0.0,0.955,0.134,0.007,103,186,0.804,0.102,0.081,0.062,0.0,0.0,0.0,0.0,normal
3.323,tcp,http,SF,129,11479,0,0,0,0,0,1,0,0,0,0,0,0,0,0,0,0,4,4,0.0,0.0,0.0,0.0,0.899,0.081,0.052,145,188,0.844,0.15,0.131,0.005,0.0,0.0,0.0,0.0,normal
0.149,tcp,http,SF,287,1397,0,0,0,0,0,1,0,0,0,0,0,0,0,0,0,0,2,1,0.138,0.004,0.0,0.0,0.894,0.136,0.059,228,68,0.833,0.193,0.131,0.04,0.0,0.0,0.0,0.0,normal
6.134,tcp,ssh,SF,2123,3135,0,0,0,0,0,1,0,0,0,0,0,0,0,0,0,0,4,4,0.0,0.0,0.0,0.0,0.859,0.055,0.031,95,52,0.831,0.185,0.019,0.055,0.0,0.0,0.0,0.0,normal
0.177,tcp,http,SF,416,733,0,0,0,0,0,1,0,0,0,0,0,0,0,0,0,0,4,3,0.0,0.0,0.0,0.0,0.932,0.005,0.014,189,125,0.893,0.135,0.025,0.083,0.0,0.0,0.0,0.0,normal
1.506,tcp,http,SF,246,1210,0,0,0,0,0,1,0,0,0,0,0,0,0,0,0,0,3,4,0.003,0.0,0.0,0.0,0.959,0.022,0.037,145,253,0.955,0.165,0.07,0.016,0.0,0.0,0.0,0.0,normal
5.294,tcp,smtp,SF,793,1096,0,0,0,0,0,1,0,0,0,0,0,0,0,0,0,0,2,1,0.023,0.0,0.0,0.0,0.877,0.14,0.023,120,50,0.915,0.021,0.108,0.093,0.0,0.0,0.0,0.0,normal
24.37,tcp,ssh,SF,2063,5022,0,0,0,0,0,1,0,0,0,0,0,0,0,0,0,0,3,3,0.007,0.001,0.0,0.0,0.913,0.105,0.1,22,138,0.98,0.005,0.078,0.018,0.0,0.0,0.0,0.0,normal
5.6,tcp,smtp,SF,567,1199,0,0,0,0,0,1,0,0,0,0,0,0,0,0,0,0,4,2,0.053,0.001,0.0,0.0,0.997,0.085,0.049,187,57,0.956,0.192,0.132,0.089,0.0,0.0,0.0,0.0,normal
0.783,tcp,http,SF,175,20479,0,0,0,0,0,1,0,0,0,0,0,0,0,0,0,0,4,3,0.0,0.0,0.0,0.0,0.857,0.054,0.099,206,55,0.933,0.025,0.033,0.089,0.0,0.0,0.0,0.0,normal
4.324,tcp,http,SF,197,2233,0,0,0,0,0,1,0,0,0,0,0,0,0,0,0,0,3,3,0.0,0.001,0.0,0.0,0.959,0.121,0.037,49,238,0.884,0.062,0.107,0.034,0.0,0.0,0.0,0.0,normal
14.227,tcp,smtp,SF,1174,673,0,0,0,0,0,1,0,0,0,0,0,0,0,0,0,0,6,7,0.0,0.0,0.0,0.0,0.989,0.139,0.082,208,156,0.876,0.101,0.04,0.057,0.0,0.0,0.0,0.0,normal
3.671,tcp,smtp,SF,667,1247,0,0,0,0,0,1,0,0,0,0,0,0,0,0,0,0,2,4,0.063,0.0,0.0,0.0,0.979,0.126,0.032,69,28,0.913,0.185,0.074,0.071,0.0,0.0,0.0,0.0,normal
4.333,tcp,http,SF,226,244,0,0,0,0,0,1,0,0,0,0,0,0,0,0,0,0,4,6,0.003,0.0,0.0,0.0,0.908,0.076,0.049,192,104,0.923,0.169,0.009,0.049,0.0,0.0,0.0,0.0,normal
0.094,tcp,http,SF,893,458,0,0,0,0,0,1,0,0,0,0,0,0,0,0,0,0,7,5,0.008,0.0,0.0,0.0,0.91,0.114,0.038,102,99,0.853,0.096,0.094,0.063,0.0,0.0,0.0,0.0,normal
1.699,tcp,http,SF,335,1052,0,0,0,0,0,1,0,0,0,0,0,0,0,0,0,0,4,5,0.002,0.095,0.0,0.0,0.92,0.036,0.069,214,246,0.826,0.122,0.073,0.003,0.0,0.0,0.0,0.0,normal
0.011,udp,dns,SF,82,149,0,0,0,1,0,0,0,0,0,0,0,0,0,0,0,0,3,3,0.006,0.018,0.0,0.0,0.856,0.018,0.04,71,14,0.997,0.142,0.107,0.006,0.0,0.0,0.0,0.0,normal
7.172,tcp,http,SF,861,3716,0,0,0,0,0,1,0,0,0,0,0,0,0,0,0,0,6,2,0.0,0.0,0.0,0.0,0.967,0.115,0.076,92,98,0.959,0.118,0.028,0.057,0.0,0.0,0.0,0.0,normal
1.391,tcp,http,SF,311,1442,0,0,0,0,0,1,0,0,0,0,0,0,0,0,0,0,9,4,0.0,0.002,0.0,0.0,0.893,0.018,0.021,207,41,0.81,0.194,0.049,0.05,0.0,0.0,0.0,0.0,normal
0.031,udp,dns,SF,70,149,0,0,0,0,0,0,0,0,0,0,0,0,0,0,0,0,5,4,0.0,0.002,0.0,0.0,0.917,0.01,0.057,106,101,0.938,0.041,0.002,0.006,0.0,0.0,0.0,0.0,normal
0.784,tcp,http,SF,296,4052,0,0,0,0,0,1,0,0,0,0,0,0,0,0,0,0,4,2,0.0,0.001,0.0,0.0,0.87,0.114,0.08,78,50,0.924,0.175,0.031,0.009,0.0,0.0,0.0,0.0,normal
0.34,tcp,http,SF,294,3308,0,0,0,0,0,1,0,0,0,0,0,0,0,0,0,0,5,1,0.021,0.0,0.0,0.0,0.863,0.017,0.033,246,107,0.965,0.169,0.122,0.064,0.0,0.0,0.0,0.0,normal
5.231,tcp,http,SF,281,3060,0,0,0,0,0,1,0,0,0,0,0,0,0,0,0,0,4,4,0.0,0.0,0.0,0.0,0.967,0.141,0.007,32,67,0.922,0.136,0.012,0.094,0.0,0.0,0.0,0.0,normal
28.966,tcp,ssh,SF,1404,7332,0,0,0,0,0,1,0,0,0,0,0,0,0,0,0,0,6,1,0.0,0.0,0.0,0.0,0.935,0.013,0.088,73,57,0.845,0.085,0.073,0.038,0.0,0.0,0.0,0.0,normal
3.5,tcp,http,SF,447,2655,0,0,0,0,0,1,0,0,0,0,0,0,0,0,0,0,4,1,0.0,0.0,0.0,0.0,0.964,0.143,0.002,16,90,0.97,0.095,0.025,0.002,0.0,0.0,0.0,0.0,normal
0.78,tcp,http,SF,708,25,0,0,0,0,0,1,0,0,0,0,0,0,0,0,0,0,2,3,0.0,0.008,0.0,0.0,0.999,0.136,0.038,71,140,0.81,0.008,0.117,0.036,0.0,0.0,0.0,0.0,normal
4.998,tcp,smtp,SF,594,1730,0,0,0,0,0,1,0,0,0,0,0,0,0,0,0,0,3,3,0.0,0.021,0.0,0.0,1.0,0.009,0.091,96,129,0.893,0.022,0.049,0.017,0.0,0.0,0.0,0.0,normal
0.107,udp,dns,SF,101,153,0,0,0,0,0,0,0,0,0,0,0,0,0,0,0,0,9,1,0.011,0.0,0.0,0.0,0.932,0.135,0.085,178,35,0.935,0.136,0.037,0.028,0.0,0.0,0.0,0.0,normal
5.276,tcp,http,SF,421,491,0,0,0,0,0,1,0,0,0,0,0,0,0,0,0,0,7,1,0.01,0.001,0.0,0.0,0.893,0.137,0.078,100,240,0.991,0.145,0.046,0.03,0.0,0.0,0.0,0.0,normal
0.213,tcp,http,SF,307,6586,0,0,0,0,0,1,0,0,0,0,0,0,0,0,0,0,4,4,0.051,0.001,0.0,0.0,0.962,0.066,0.042,151,143,0.982,0.086,0.137,0.069,0.0,0.0,0.0,0.0,normal
0.94,tcp,http,SF,394,343,0,0,0,0,0,1,0,0,0,0,0,0,0,0,0,0,1,8,0.016,0.0,0.0,0.0,0.937,0.093,0.047,104,20,0.815,0.146,0.014,0.019,0.0,0.0,0.0,0.0,normal
0.596,tcp,http,SF,192,5963,0,0,0,0,0,1,0,0,0,0,0,0,0,0,0,0,1,3,0.0,0.0,0.0,0.0,0.919,0.098,0.066,126,141,0.96,0.065,0.09,0.096,0.0,0.0,0.0,0.0,normal
3.044,tcp,http,SF,547,955,0,0,0,0,0,1,0,0,0,0,0,0,0,0,0,0,4,2,0.066,0.006,0.0,0.0,0.855,0.122,0.047,128,160,0.907,0.196,0.13,0.062,0.0,0.0,0.0,0.0,normal
0.039,udp,dns,SF,77,149,0,0,0,0,0,0,0,0,0,0,0,0,0,0,0,0,3,2,0.004,0.007,0.0,0.0,0.971,0.06,0.084,89,188,0.805,0.129,0.12,0.066,0.0,0.0,0.0,0.0,normal
3.223,tcp,http,SF,263,1592,0,0,0,0,0,1,0,0,0,0,0,0,0,0,0,0,2,4,0.0,0.0,0.0,0.0,0.968,0.078,0.008,250,92,0.911,0.074,0.035,0.027,0.0,0.0,0.0,0.0,normal
0.423,tcp,http,SF,256,171,0,0,0,0,0,1,0,0,0,0,0,0,0,0,0,0,2,2,0.0,0.0,0.0,0.0,0.978,0.024,0.084,14,25,0.947,0.074,0.023,0.026,0.0,0.0,0.0,0.0,normal
1.786,tcp,http,SF,300,8233,0,0,0,0,0,1,0,0,0,0,0,0,0,0,0,0,7,1,0.0,0.0,0.0,0.0,0.852,0.069,0.074,190,151,0.809,0.005,0.142,0.096,0.0,0.0,0.0,0.0,normal
0.089,tcp,smtp,SF,687,1344,0,0,0,0,0,1,0,0,0,0,0,0,0,0,0,0,3,2,0.077,0.0,0.0,0.0,0.997,0.075,0.044,76,60,0.899,0.074,0.021,0.004,0.0,0.0,0.0,0.0,normal
1.951,tcp,http,SF,347,332,0,0,0,0,0,1,0,0,0,0,0,0,0,0,0,0,4,6,0.0,0.0,0.0,0.0,0.926,0.026,0.09,130,93,0.954,0.132,0.02,0.057,0.0,0.0,0.0,0.0,normal
4.638,tcp,http,SF,231,3374,0,0,0,0,0,1,0,0,0,0,0,0,0,0,0,0,4,5,0.0,0.137,0.0,0.0,0.868,0.01,0.049,241,244,0.979,0.142,0.129,0.093,0.0,0.0,0.0,0.0,normal
5.928,tcp,http,SF,262,9579,0,0,0,0,0,1,0,0,0,0,0,0,0,0,0,0,1,2,0.001,0.032,0.0,0.0,0.917,0.001,0.083,210,171,0.848,0.092,0.121,0.099,0.0,0.0,0.0,0.0,normal
63.0,tcp,ssh,SF,2634,3543,0,0,0,0,0,1,0,0,0,0,0,0,0,0,0,0,4,5,0.0,0.0,0.0,0.0,0.916,0.135,0.047,156,106,0.911,0.124,0.107,0.028,0.0,0.0,0.0,0.0,normal
0.179,tcp,http,SF,214,1196,0,0,0,0,0,1,0,0,0,0,0,0,0,0,0,0,2,1,0.012,0.0,0.0,0.0,0.963,0.143,0.089,90,83,0.997,0.086,0.083,0.036,0.0,0.0,0.0,0.0,normal
2.175,tcp,http,SF,326,1107,0,0,0,0,0,1,0,0,0,0,0,0,0,0,0,0,10,2,0.0,0.051,0.0,0.0,0.888,0.034,0.065,198,99,0.86,0.152,0.129,0.007,0.0,0.0,0.0,0.0,normal
0.287,tcp,http,SF,439,11917,0,0,0,0,0,1,0,0,0,0,0,0,0,0,0,0,3,3,0.007,0.0,0.0,0.0,0.921,0.087,0.074,162,10,0.874,0.025,0.079,0.012,0.0,0.0,0.0,0.0,normal
0.543,tcp,http,SF,307,9698,0,0,0,0,0,1,0,0,0,0,0,0,0,0,0,0,3,1,0.0,0.0,0.0,0.0,0.911,0.035,0.028,212,217,0.91,0.014,0.111,0.092,0.0,0.0,0.0,0.0,normal
0.061,udp,dns,SF,58,153,0,0,0,0,0,0,0,0,0,0,0,0,0,0,0,0,7,2,0.007,0.062,0.0,0.0,0.913,0.042,0.09,61,17,0.967,0.02,0.123,0.025,0.0,0.0,0.0,0.0,normal
1.213,tcp,http,SF,135,787,0,0,0,0,0,1,0,0,0,0,0,0,0,0,0,0,4,5,0.0,0.002,0.0,0.0,0.875,0.011,0.088,172,11,0.997,0.2,0.037,0.086,0.0,0.0,0.0,0.0,normal
1.726,tcp,http,SF,302,1745,0,0,0,0,0,1,0,0,0,0,0,0,0,0,0,0,5,1,0.114,0.0,0.0,0.0,0.997,0.124,0.08,35,31,0.895,0.099,0.01,0.072,0.0,0.0,0.0,0.0,normal
0.893,tcp,http,SF,356,2372,0,0,0,0,0,1,0,0,0,0,0,0,0,0,0,0,6,1,0.0,0.0,0.0,0.0,0.967,0.065,0.024,79,66,0.978,0.114,0.116,0.054,0.0,0.0,0.0,0.0,normal
0.283,tcp,http,SF,460,3331,0,0,0,0,0,1,0,0,0,0,0,0,0,0,0,0,5,6,0.0,0.001,0.0,0.0,0.866,0.052,0.059,11,180,0.932,0.022,0.12,0.08,0.0,0.0,0.0,0.0,normal
49.548,tcp,ssh,SF,2591,4802,0,0,0,0,0,1,0,0,0,0,0,0,0,0,0,0,3,2,0.0,0.001,0.0,0.0,0.998,0.073,0.079,143,235,0.928,0.04,0.1,0.031,0.0,0.0,0.0,0.0,normal
0.08,udp,dns,SF,71,183,0,0,0,0,0,0,0,0,0,0,0,0,0,0,0,0,9,2,0.0,0.0,0.0,0.0,0.958,0.078,0.0,217,71,0.842,0.036,0.066,0.077,0.0,0.0,0.0,0.0,normal
1.745,tcp,smtp,SF,963,1317,0,0,0,0,0,1,0,0,0,0,0,0,0,0,0,0,3,1,0.0,0.0,0.0,0.0,0.896,0.118,0.028,195,226,0.852,0.078,0.031,0.07,0.0,0.0,0.0,0.0,normal
0.023,udp,dns,SF,52,148,0,0,0,0,0,0,0,0,0,0,0,0,0,0,0,0,7,1,0.0,0.0,0.0,0.0,0.886,0.063,0.073,177,67,0.936,0.168,0.146,0.056,0.0,0.0,0.0,0.0,normal
0.67,tcp,smtp,SF,530,1696,0,0,0,0,0,1,0,0,0,0,0,0,0,0,0,0,3,6,0.0,0.0,0.0,0.0,0.908,0.055,0.033,169,38,0.963,0.041,0.036,0.018,0.0,0.0,0.0,0.0,normal
2.693,tcp,http,SF,219,13,0,0,0,0,0,1,0,0,0,0,0,0,0,0,0,0,3,1,0.0,0.0,0.0,0.0,0.987,0.107,0.016,99,128,0.978,0.046,0.078,0.086,0.0,0.0,0.0,0.0,normal
0.108,tcp,smtp,SF,707,1051,0,0,0,0,0,1,0,0,0,0,0,0,0,0,0,0,5,1,0.001,0.001,0.0,0.0,0.88,0.072,0.051,124,68,0.968,0.193,0.115,0.0,0.0,0.0,0.0,0.0,normal
0.607,tcp,http,SF,281,8183,0,0,0,0,0,1,0,0,0,0,0,0,0,0,0,0,1,2,0.0,0.0,0.0,0.0,0.877,0.126,0.096,191,234,0.812,0.042,0.1,0.017,0.0,0.0,0.0,0.0,normal
8.044,tcp,smtp,SF,1088,1590,0,0,0,0,0,1,0,0,0,0,0,0,0,0,0,0,5,2,0.0,0.0,0.0,0.0,0.935,0.083,0.049,231,146,0.986,0.061,0.141,0.055,0.0,0.0,0.0,0.0,normal
0.004,udp,dns,SF,52,209,0,0,0,0,0,0,0,0,0,0,0,0,0,0,0,0,3,3,0.0,0.001,0.0,0.0,0.88,0.112,0.043,42,96,0.821,0.12,0.091,0.082,0.0,0.0,0.0,0.0,normal
4.837,tcp,http,SF,338,9208,0,0,0,0,0,1,0,0,0,0,0,0,0,0,0,0,3,1,0.0,0.271,0.0,0.0,0.975,0.073,0.074,121,75,0.824,0.045,0.126,0.02,0.0,0.0,0.0,0.0,normal
0.112,tcp,http,SF,258,1756,0,0,0,0,0,1,0,0,0,0,0,0,0,0,0,0,4,5,0.004,0.0,0.0,0.0,0.893,0.074,0.058,129,135,0.982,0.124,0.14,0.075,0.0,0.0,0.0,0.0,normal
0.26,tcp,http,SF,311,10554,0,0,0,0,0,1,0,0,0,0,0,0,0,0,0,0,4,3,0.0,0.0,0.0,0.0,0.891,0.13,0.018,179,68,0.849,0.015,0.053,0.08,0.0,0.0,0.0,0.0,normal
0.296,tcp,http,SF,244,3587,0,0,0,0,0,1,0,0,0,0,0,0,0,0,0,0,5,4,0.0,0.0,0.0,0.0,0.996,0.054,0.057,199,82,0.991,0.071,0.141,0.016,0.0,0.0,0.0,0.0,normal
3.689,tcp,smtp,SF,698,1393,0,0,0,0,0,1,0,0,0,0,0,0,0,0,0,0,3,2,0.041,0.036,0.0,0.0,0.922,0.109,0.045,77,232,0.986,0.076,0.086,0.028,0.0,0.0,0.0,0.0,normal
0.044,udp,dns,SF,59,182,0,0,0,1,0,0,0,0,0,0,0,0,0,0,0,0,2,2,0.0,0.02,0.0,0.0,0.86,0.146,0.069,13,246,0.803,0.082,0.149,0.057,0.0,0.0,0.0,0.0,normal
2.578,tcp,http,SF,386,1914,0,0,0,0,0,1,0,0,0,0,0,0,0,0,0,0,4,2,0.0,0.0,0.0,0.0,0.928,0.082,0.048,136,237,0.943,0.142,0.012,0.099,0.0,0.0,0.0,0.0,normal
1.13,tcp,http,SF,302,5458,0,0,0,0,0,1,0,0,0,0,0,0,0,0,0,0,4,2,0.0,0.04,0.0,0.0,0.937,0.013,0.059,180,202,0.959,0.037,0.095,0.019,0.0,0.0,0.0,0.0,normal
0.158,tcp,http,SF,377,2724,0,0,0,0,0,1,0,0,0,0,0,0,0,0,0,0,1,4,0.0,0.0,0.0,0.0,0.995,0.014,0.036,72,232,0.879,0.114,0.122,0.074,0.0,0.0,0.0,0.0,normal
2.586,tcp,http,SF,679,10790,0,0,0,0,0,1,0,0,0,0,0,0,0,0,0,0,4,2,0.0,0.0,0.0,0.0,0.973,0.093,0.071,169,178,0.894,0.016,0.069,0.065,0.0,0.0,0.0,0.0,normal
2.812,tcp,smtp,SF,805,914,0,0,0,0,0,1,0,0,0,0,0,0,0,0,0,0,2,2,0.0,0.0,0.0,0.0,0.986,0.148,0.029,66,62,0.868,0.199,0.015,0.055,0.0,0.0,0.0,0.0,normal
0.103,tcp,http,SF,692,381,0,0,0,0,0,1,0,0,0,0,0,0,0,0,0,0,6,1,0.0,0.014,0.0,0.0,0.868,0.071,0.082,237,229,0.923,0.075,0.068,0.028,0.0,0.0,0.0,0.0,normal
0.114,tcp,http,SF,353,1818,0,0,0,0,0,1,0,0,0,0,0,0,0,0,0,0,4,1,0.122,0.002,0.0,0.0,0.928,0.08,0.002,48,121,0.866,0.079,0.144,0.087,0.0,0.0,0.0,0.0,normal
2.932,tcp,http,SF,316,5811,0,0,0,0,0,1,0,0,0,0,0,0,0,0,0,0,4,1,0.0,0.105,0.0,0.0,0.965,0.143,0.003,204,114,0.841,0.121,0.12,0.089,0.0,0.0,0.0,0.0,normal
6.866,tcp,http,SF,427,1155,0,0,0,0,0,1,0,0,0,0,0,0,0,0,0,0,6,6,0.0,0.0,0.0,0.0,0.852,0.119,0.088,163,122,0.913,0.1,0.106,0.069,0.0,0.0,0.0,0.0,normal
0.243,tcp,http,SF,416,3216,0,0,0,0,0,1,0,0,0,0,0,0,0,0,0,0,3,5,0.01,0.02,0.0,0.0,0.966,0.11,0.069,94,170,0.926,0.163,0.033,0.012,0.0,0.0,0.0,0.0,normal
1.001,tcp,smtp,SF,694,562,0,0,0,0,0,1,0,0,0,0,0,0,0,0,0,0,4,5,0.007,0.078,0.0,0.0,0.962,0.082,0.043,73,66,0.892,0.123,0.105,0.091,0.0,0.0,0.0,0.0,normal
1.131,tcp,http,SF,269,2041,0,0,0,0,0,1,0,0,0,0,0,0,0,0,0,0,2,4,0.0,0.0,0.0,0.0,0.873,0.113,0.095,72,211,0.868,0.085,0.078,0.079,0.0,0.0,0.0,0.0,normal
0.049,udp,dns,SF,91,97,0,0,0,0,0,0,0,0,0,0,0,0,0,0,0,0,3,2,0.003,0.044,0.0,0.0,0.982,0.086,0.078,45,202,0.96,0.138,0.093,0.056,0.0,0.0,0.0,0.0,normal
0.719,tcp,http,SF,272,8866,0,0,0,0,0,1,0,0,0,0,0,0,0,0,0,0,2,1,0.0,0.0,0.0,0.0,0.857,0.031,0.079,94,123,0.913,0.139,0.15,0.026,0.0,0.0,0.0,0.0,normal
0.637,tcp,http,SF,259,152,0,0,0,0,0,1,0,0,0,0,0,0,0,0,0,0,5,3,0.0,0.0,0.0,0.0,0.985,0.108,0.053,106,130,0.884,0.187,0.114,0.027,0.0,0.0,0.0,0.0,normal
4.87,tcp,http,SF,236,173,0,0,0,0,0,1,0,0,0,0,0,0,0,0,0,0,5,2,0.0,0.0,0.0,0.0,0.967,0.058,0.045,221,196,0.929,0.036,0.119,0.065,0.0,0.0,0.0,0.0,normal
1.511,tcp,smtp,SF,922,2252,0,0,0,0,0,1,0,0,0,0,0,0,0,0,0,0,2,5,0.0,0.0,0.0,0.0,0.921,0.121,0.04,21,123,0.965,0.055,0.02,0.095,0.0,0.0,0.0,0.0,normal
4.401,tcp,http,SF,459,4506,0,0,0,0,0,1,0,0,0,0,0,0,0,0,0,0,4,4,0.0,0.0,0.0,0.0,0.991,0.127,0.04,232,193,0.941,0.031,0.077,0.05,0.0,0.0,0.0,0.0,normal
1.318,tcp,http,SF,550,1837,0,0,0,0,0,1,0,0,0,0,0,0,0,0,0,0,2,2,0.014,0.0,0.0,0.0,0.901,0.074,0.073,244,17,0.98,0.092,0.068,0.042,0.0,0.0,0.0,0.0,normal
2.984,tcp,http,SF,330,747,0,0,0,0,0,1,0,0,0,0,0,0,0,0,0,0,5,2,0.0,0.0,0.0,0.0,0.916,0.058,0.049,142,51,0.827,0.137,0.05,0.004,0.0,0.0,0.0,0.0,normal
0.052,udp,dns,SF,65,175,0,0,0,0,0,0,0,0,0,0,0,0,0,0,0,0,5,5,0.0,0.0,0.0,0.0,0.977,0.113,0.073,13,28,0.855,0.089,0.017,0.003,0.0,0.0,0.0,0.0,normal
0.042,udp,dns,SF,77,105,0,0,0,0,0,0,0,0,0,0,0,0,0,0,0,0,6,2,0.0,0.001,0.0,0.0,0.929,0.1,0.095,141,233,0.861,0.059,0.057,0.088,0.0,0.0,0.0,0.0,normal
0.153,tcp,http,SF,344,988,0,0,0,0,0,1,0,0,0,0,0,0,0,0,0,0,7,5,0.004,0.01,0.0,0.0,0.976,0.107,0.071,213,51,0.984,0.178,0.051,0.068,0.0,0.0,0.0,0.0,normal
0.065,udp,dns,SF,59,127,0,0,0,0,0,0,0,0,0,0,0,0,0,0,0,0,2,2,0.0,0.0,0.0,0.0,0.949,0.01,0.065,141,251,0.833,0.083,0.049,0.021,0.0,0.0,0.0,0.0,normal
3.108,tcp,http,SF,540,5204,0,0,0,0,0,1,0,0,0,0,0,0,0,0,0,0,7,4,0.001,0.018,0.0,0.0,0.916,0.041,0.092,16,154,0.915,0.141,0.094,0.008,0.0,0.0,0.0,0.0,normal
127.527,tcp,ssh,SF,2075,4587,0,0,0,0,0,1,0,0,0,0,0,0,0,0,0,0,2,1,0.0,0.0,0.0,0.0,0.888,0.008,0.003,148,180,0.93,0.135,0.136,0.012,0.0,0.0,0.0,0.0,normal
1.292,tcp,http,SF,253,1704,0,0,0,0,0,1,0,0,0,0,0,0,0,0,0,0,6,2,0.115,0.0,0.0,0.0,0.95,0.052,0.065,207,225,0.954,0.032,0.076,0.054,0.0,0.0,0.0,0.0,normal
3.495,tcp,http,SF,264,805,0,0,0,0,0,1,0,0,0,0,0,0,0,0,0,0,2,5,0.0,0.003,0.0,0.0,0.889,0.05,0.002,102,67,0.936,0.034,0.112,0.098,0.0,0.0,0.0,0.0,normal
3.314,tcp,http,SF,226,2591,0,0,0,0,0,1,0,0,0,0,0,0,0,0,0,0,1,2,0.0,0.0,0.0,0.0,0.869,0.019,0.072,196,194,0.842,0.057,0.115,0.038,0.0,0.0,0.0,0.0,normal
0.033,udp,dns,SF,77,199,0,0,0,0,0,0,0,0,0,0,0,0,0,0,0,0,1,4,0.05,0.049,0.0,0.0,0.878,0.001,0.087,46,245,0.952,0.156,0.094,0.089,0.0,0.0,0.0,0.0,normal
1.748,tcp,http,SF,364,593,0,0,0,0,0,1,0,0,0,0,0,0,0,0,0,0,2,2,0.0,0.0,0.0,0.0,0.951,0.102,0.072,100,81,0.997,0.158,0.023,0.051,0.0,0.0,0.0,0.0,normal
0.138,tcp,http,SF,316,13356,0,0,0,0,0,1,0,0,0,0,0,0,0,0,0,0,6,3,0.0,0.002,0.0,0.0,0.92,0.066,0.069,82,195,0.865,0.087,0.042,0.063,0.0,0.0,0.0,0.0,normal
0.093,udp,dns,SF,77,85,0,0,0,0,0,0,0,0,0,0,0,0,0,0,0,0,9,3,0.0,0.014,0.0,0.0,0.934,0.004,0.042,220,193,0.899,0.122,0.042,0.027,0.0,0.0,0.0,0.0,normal
0.278,tcp,http,SF,421,936,0,0,0,0,0,1,0,0,0,0,0,0,0,0,0,0,5,5,0.0,0.0,0.0,0.0,0.952,0.134,0.07,41,38,0.869,0.015,0.15,0.019,0.0,0.0,0.0,0.0,normal
116.579,tcp,ssh,SF,4810,3319,0,0,0,0,0,1,0,0,0,0,0,0,0,0,0,0,4,1,0.005,0.0,0.0,0.0,0.936,0.01,0.016,163,129,0.801,0.185,0.04,0.02,0.0,0.0,0.0,0.0,normal
1.214,tcp,smtp,SF,612,1126,0,0,0,0,0,1,0,0,0,0,0,0,0,0,0,0,1,6,0.0,0.0,0.0,0.0,0.995,0.03,0.044,230,12,0.868,0.161,0.109,0.08,0.0,0.0,0.0,0.0,normal
0.16,udp,dns,SF,87,154,0,0,0,0,0,0,0,0,0,0,0,0,0,0,0,0,8,2,0.076,0.0,0.0,0.0,0.925,0.146,0.031,42,15,0.827,0.137,0.087,0.041,0.0,0.0,0.0,0.0,normal
15.055,tcp,ssh,SF,3459,4291,0,0,0,0,0,1,0,0,0,0,0,0,0,0,0,0,4,1,0.002,0.0,0.0,0.0,0.941,0.04,0.091,24,23,0.861,0.11,0.052,0.081,0.0,0.0,0.0,0.0,normal
1.064,tcp,http,SF,371,2399,0,0,0,0,0,1,0,0,0,0,0,0,0,0,0,0,6,3,0.001,0.0,0.0,0.0,0.856,0.048,0.04,45,59,0.917,0.075,0.021,0.091,0.0,0.0,0.0,0.0,normal
0.027,udp,dns,SF,61,196,0,0,0,0,0,0,0,0,0,0,0,0,0,0,0,0,4,1,0.0,0.0,0.0,0.0,0.868,0.115,0.057,117,129,0.988,0.009,0.01,0.077,0.0,0.0,0.0,0.0,normal
7.068,tcp,http,SF,174,1994,0,0,0,0,0,1,0,0,0,0,0,0,0,0,0,0,9,2,0.002,0.001,0.0,0.0,0.879,0.087,0.052,171,128,0.902,0.018,0.1,0.027,0.0,0.0,0.0,0.0,normal
61.308,tcp,ssh,SF,2987,3734,0,0,0,0,0,1,0,0,0,0,0,0,0,0,0,0,1,6,0.0,0.068,0.0,0.0,0.869,0.064,0.001,83,41,0.853,0.055,0.062,0.014,0.0,0.0,0.0,0.0,normal
1.652,tcp,http,SF,269,4446,0,0,0,0,0,1,0,0,0,0,0,0,0,0,0,0,1,4,0.0,0.019,0.0,0.0,0.993,0.082,0.06,105,199,0.855,0.018,0.018,0.066,0.0,0.0,0.0,0.0,normal
3.392,tcp,http,SF,193,1012,0,0,0,0,0,1,0,0,0,0,0,0,0,0,0,0,6,4,0.0,0.001,0.0,0.0,0.954,0.072,0.007,50,49,0.811,0.063,0.037,0.097,0.0,0.0,0.0,0.0,normal
0.678,tcp,http,SF,318,4954,0,0,0,0,0,1,0,0,0,0,0,0,0,0,0,0,2,6,0.001,0.003,0.0,0.0,0.896,0.095,0.015,162,175,0.905,0.017,0.095,0.051,0.0,0.0,0.0,0.0,normal
0.014,udp,dns,SF,115,121,0,0,0,0,0,0,0,0,0,0,0,0,0,0,0,0,3,2,0.017,0.005,0.0,0.0,0.963,0.084,0.074,150,125,0.941,0.022,0.081,0.057,0.0,0.0,0.0,0.0,normal
0.024,udp,dns,SF,64,111,0,0,0,1,0,0,0,0,0,0,0,0,0,0,0,0,5,3,0.004,0.001,0.0,0.0,0.905,0.053,0.069,66,230,0.832,0.086,0.017,0.024,0.0,0.0,0.0,0.0,normal
0.122,udp,dns,SF,54,179,0,0,0,0,0,0,0,0,0,0,0,0,0,0,0,0,1,2,0.005,0.01,0.0,0.0,0.897,0.138,0.046,170,12,0.821,0.081,0.142,0.004,0.0,0.0,0.0,0.0,normal
2.849,tcp,http,SF,284,2697,0,0,0,0,0,1,0,0,0,0,0,0,0,0,0,0,6,1,0.0,0.0,0.0,0.0,0.987,0.066,0.026,105,125,0.956,0.011,0.12,0.004,0.0,0.0,0.0,0.0,normal
6.55,tcp,smtp,SF,947,1231,0,0,0,0,0,1,0,0,0,0,0,0,0,0,0,0,3,3,0.001,0.083,0.0,0.0,0.96,0.135,0.066,219,66,0.817,0.041,0.039,0.071,0.0,0.0,0.0,0.0,normal
0.08,udp,dns,SF,50,176,0,0,0,0,0,0,0,0,0,0,0,0,0,0,0,0,3,1,0.0,0.0,0.0,0.0,0.962,0.141,0.04,251,127,0.999,0.069,0.105,0.09,0.0,0.0,0.0,0.0,normal
23.544,tcp,ssh,SF,2983,3487,0,0,0,0,0,1,0,0,0,0,0,0,0,0,0,0,1,3,0.066,0.0,0.0,0.0,0.975,0.043,0.082,250,86,0.97,0.024,0.065,0.091,0.0,0.0,0.0,0.0,normal
0.095,udp,dns,SF,69,90,0,0,0,0,0,0,0,0,0,0,0,0,0,0,0,0,1,4,0.0,0.0,0.0,0.0,0.857,0.033,0.06,78,139,0.936,0.105,0.07,0.037,0.0,0.0,0.0,0.0,normal
0.586,tcp,http,SF,340,1425,0,0,0,0,0,1,0,0,0,0,0,0,0,0,0,0,4,1,0.015,0.0,0.0,0.0,0.955,0.047,0.066,18,224,0.901,0.095,0.124,0.04,0.0,0.0,0.0,0.0,normal
0.462,tcp,http,SF,591,2509,0,0,0,0,0,1,0,0,0,0,0,0,0,0,0,0,4,6,0.01,0.003,0.0,0.0,0.973,0.013,0.007,100,30,0.979,0.124,0.008,0.093,0.0,0.0,0.0,0.0,normal
3.325,tcp,http,SF,282,12918,0,0,0,0,0,1,0,0,0,0,0,0,0,0,0,0,3,6,0.005,0.0,0.0,0.0,0.984,0.119,0.062,182,214,0.928,0.112,0.06,0.028,0.0,0.0,0.0,0.0,normal
0.558,tcp,smtp,SF,601,906,0,0,0,0,0,1,0,0,0,0,0,0,0,0,0,0,4,3,0.0,0.0,0.0,0.0,0.921,0.093,0.035,147,29,0.991,0.175,0.11,0.021,0.0,0.0,0.0,0.0,normal
0.344,tcp,http,SF,437,7808,0,0,0,0,0,1,0,0,0,0,0,0,0,0,0,0,2,4,0.0,0.0,0.0,0.0,0.998,0.115,0.02,37,64,0.809,0.115,0.141,0.028,0.0,0.0,0.0,0.0,normal
2.75,tcp,http,SF,749,7621,0,0,0,0,0,1,0,0,0,0,0,0,0,0,0,0,4,3,0.048,0.0,0.0,0.0,0.854,0.1,0.093,200,140,0.982,0.167,0.026,0.013,0.0,0.0,0.0,0.0,normal
3.714,tcp,http,SF,405,1542,0,0,0,0,0,1,0,0,0,0,0,0,0,0,0,0,3,3,0.0,0.0,0.0,0.0,0.961,0.011,0.052,90,109,0.959,0.028,0.041,0.075,0.0,0.0,0.0,0.0,normal
0.004,udp,dns,SF,61,101,0,0,0,0,0,0,0,0,0,0,0,0,0,0,0,0,3,2,0.0,0.0,0.0,0.0,0.87,0.143,0.064,100,251,0.991,0.047,0.038,0.072,0.0,0.0,0.0,0.0,normal
0.075,udp,dns,SF,64,243,0,0,0,0,0,0,0,0,0,0,0,0,0,0,0,0,2,4,0.131,0.0,0.0,0.0,0.99,0.135,0.075,149,179,0.98,0.041,0.097,0.022,0.0,0.0,0.0,0.0,normal
5.867,tcp,http,SF,314,2157,0,0,0,0,0,1,0,0,0,0,0,0,0,0,0,0,5,4,0.016,0.007,0.0,0.0,0.943,0.055,0.032,43,212,0.868,0.199,0.128,0.031,0.0,0.0,0.0,0.0,normal
0.139,tcp,http,SF,536,5650,0,0,0,0,0,1,0,0,0,0,0,0,0,0,0,0,6,5,0.026,0.0,0.0,0.0,0.884,0.063,0.049,197,249,0.882,0.192,0.06,0.086,0.0,0.0,0.0,0.0,normal
3.757,tcp,http,SF,195,1082,0,0,0,0,0,1,0,0,0,0,0,0,0,0,0,0,2,5,0.0,0.001,0.0,0.0,0.935,0.114,0.025,41,110,0.878,0.144,0.071,0.011,0.0,0.0,0.0,0.0,normal
252.657,tcp,ssh,SF,2888,3139,0,0,0,0,0,1,0,0,0,0,0,0,0,0,0,0,2,3,0.0,0.001,0.0,0.0,0.958,0.088,0.026,210,109,0.915,0.141,0.015,0.008,0.0,0.0,0.0,0.0,normal
0.887,tcp,http,SF,299,3369,0,0,0,0,0,1,0,0,0,0,0,0,0,0,0,0,4,3,0.0,0.0,0.0,0.0,0.896,0.095,0.054,161,181,0.946,0.183,0.143,0.022,0.0,0.0,0.0,0.0,normal
0.772,tcp,http,SF,287,2494,0,0,0,0,0,1,0,0,0,0,0,0,0,0,0,0,2,1,0.0,0.0,0.0,0.0,0.935,0.066,0.074,71,36,0.947,0.181,0.111,0.074,0.0,0.0,0.0,0.0,normal
0.057,udp,dns,SF,64,141,0,0,0,0,0,0,0,0,0,0,0,0,0,0,0,0,3,2,0.005,0.0,0.0,0.0,0.997,0.075,0.006,120,247,0.955,0.123,0.074,0.065,0.0,0.0,0.0,0.0,normal
1.43,tcp,http,SF,451,777,0,0,0,0,0,1,0,0,0,0,0,0,0,0,0,0,3,1,0.004,0.016,0.0,0.0,0.975,0.139,0.032,207,57,0.852,0.064,0.068,0.004,0.0,0.0,0.0,0.0,normal
0.755,tcp,other,SF,279,219,0,0,0,0,0,0,0,0,0,0,0,0,0,0,0,0,1,1,0.0,0.0,0.0,0.0,0.88,0.051,0.055,217,152,0.951,0.111,0.082,0.007,0.0,0.0,0.0,0.0,normal
1.539,tcp,http,SF,425,392,0,0,0,0,0,1,0,0,0,0,0,0,0,0,0,0,4,5,0.0,0.0,0.0,0.0,0.987,0.141,0.086,214,215,0.826,0.161,0.053,0.016,0.0,0.0,0.0,0.0,normal
3.108,tcp,http,SF,308,7601,0,0,0,0,0,1,0,0,0,0,0,0,0,0,0,0,4,1,0.0,0.0,0.0,0.0,0.878,0.029,0.056,181,250,0.837,0.17,0.001,0.071,0.0,0.0,0.0,0.0,normal
0.023,udp,dns,SF,69,157,0,0,0,0,0,0,0,0,0,0,0,0,0,0,0,0,1,5,0.0,0.024,0.0,0.0,0.916,0.056,0.071,219,46,0.913,0.077,0.062,0.084,0.0,0.0,0.0,0.0,normal
1.245,tcp,smtp,SF,463,863,0,0,0,0,0,1,0,0,0,0,0,0,0,0,0,0,5,3,0.092,0.0,0.0,0.0,0.884,0.09,0.046,131,189,0.988,0.034,0.128,0.08,0.0,0.0,0.0,0.0,normal
5.591,tcp,http,SF,405,10146,0,0,0,0,0,1,0,0,0,0,0,0,0,0,0,0,5,4,0.0,0.0,0.0,0.0,0.912,0.109,0.074,199,32,0.909,0.054,0.101,0.017,0.0,0.0,0.0,0.0,normal
0.902,tcp,http,SF,447,5957,0,0,0,0,0,1,0,0,0,0,0,0,0,0,0,0,3,1,0.0,0.184,0.0,0.0,0.971,0.07,0.095,252,44,0.816,0.185,0.139,0.085,0.0,0.0,0.0,0.0,normal
0.348,tcp,http,SF,146,247,0,0,0,0,0,1,0,0,0,0,0,0,0,0,0,0,6,4,0.0,0.0,0.0,0.0,0.925,0.106,0.001,236,138,0.824,0.034,0.029,0.092,0.0,0.0,0.0,0.0,normal
0.033,udp,dns,SF,93,282,0,0,0,0,0,0,0,0,0,0,0,0,0,0,0,0,7,1,0.0,0.001,0.0,0.0,0.856,0.115,0.078,221,78,0.809,0.056,0.098,0.088,0.0,0.0,0.0,0.0,normal
0.753,tcp,http,SF,299,627,0,0,0,0,0,1,0,0,0,0,0,0,0,0,0,0,1,5,0.121,0.0,0.0,0.0,0.918,0.089,0.087,179,82,0.981,0.134,0.083,0.047,0.0,0.0,0.0,0.0,normal
7.425,tcp,smtp,SF,525,1188,0,0,0,0,0,1,0,0,0,0,0,0,0,0,0,0,4,3,0.0,0.0,0.0,0.0,0.986,0.089,0.073,167,189,0.986,0.002,0.044,0.025,0.0,0.0,0.0,0.0,normal
0.003,tcp,http,SF,225,584,0,0,0,0,0,1,0,0,0,0,0,0,0,0,0,0,7,2,0.0,0.0,0.0,0.0,0.871,0.109,0.052,136,189,0.802,0.033,0.038,0.063,0.0,0.0,0.0,0.0,normal
0.056,udp,dns,SF,77,116,0,0,0,0,0,0,0,0,0,0,0,0,0,0,0,0,5,5,0.0,0.0,0.0,0.0,0.864,0.107,0.069,76,107,0.919,0.035,0.014,0.075,0.0,0.0,0.0,0.0,normal
1.74,tcp,smtp,SF,1061,1414,0,0,0,0,0,1,0,0,0,0,0,0,0,0,0,0,5,1,0.0,0.0,0.0,0.0,0.884,0.102,0.046,228,10,0.913,0.111,0.116,0.058,0.0,0.0,0.0,0.0,normal
1.669,tcp,http,SF,196,7212,0,0,0,0,0,1,0,0,0,0,0,0,0,0,0,0,2,1,0.0,0.0,0.0,0.0,0.971,0.096,0.036,157,97,0.974,0.125,0.025,0.089,0.0,0.0,0.0,0.0,normal
5.725,tcp,http,SF,499,4262,0,0,0,0,0,1,0,0,0,0,0,0,0,0,0,0,6,3,0.0,0.008,0.0,0.0,0.891,0.055,0.086,185,169,0.909,0.013,0.144,0.001,0.0,0.0,0.0,0.0,normal
82.97,tcp,ssh,SF,2704,6574,0,0,0,0,0,1,0,0,0,0,0,0,0,0,0,0,6,1,0.001,0.0,0.0,0.0,0.936,0.119,0.097,218,50,0.891,0.094,0.043,0.053,0.0,0.0,0.0,0.0,normal
0.579,tcp,http,SF,269,935,0,0,0,0,0,1,0,0,0,0,0,0,0,0,0,0,4,3,0.0,0.001,0.0,0.0,0.907,0.132,0.043,127,98,0.893,0.17,0.069,0.069,0.0,0.0,0.0,0.0,normal
2.172,tcp,http,SF,415,1645,0,0,0,0,0,1,0,0,0,0,0,0,0,0,0,0,1,4,0.003,0.0,0.0,0.0,0.914,0.136,0.003,191,169,0.87,0.084,0.141,0.04,0.0,0.0,0.0,0.0,normal
2.462,tcp,http,SF,508,1324,0,0,0,0,0,1,0,0,0,0,0,0,0,0,0,0,8,1,0.0,0.0,0.0,0.0,0.94,0.029,0.039,42,222,0.971,0.178,0.109,0.025,0.0,0.0,0.0,0.0,normal
30.006,tcp,ssh,SF,2443,3973,0,0,0,0,0,1,0,0,0,0,0,0,0,0,0,0,4,2,0.0,0.0,0.0,0.0,0.871,0.112,0.096,128,26,0.912,0.033,0.112,0.077,0.0,0.0,0.0,0.0,normal
0.091,udp,dns,SF,71,141,0,0,0,0,0,0,0,0,0,0,0,0,0,0,0,0,6,3,0.0,0.025,0.0,0.0,0.881,0.022,0.041,200,162,0.942,0.023,0.022,0.064,0.0,0.0,0.0,0.0,normal
3.731,tcp,http,SF,705,2663,0,0,0,0,0,1,0,0,0,0,0,0,0,0,0,0,7,5,0.006,0.083,0.0,0.0,0.898,0.094,0.045,241,216,0.866,0.182,0.147,0.099,0.0,0.0,0.0,0.0,normal
3.759,tcp,http,SF,222,955,0,0,0,0,0,1,0,0,0,0,0,0,0,0,0,0,6,4,0.011,0.0,0.0,0.0,0.872,0.055,0.066,168,30,0.858,0.115,0.015,0.03,0.0,0.0,0.0,0.0,normal
0.03,udp,dns,SF,75,170,0,0,0,0,0,0,0,0,0,0,0,0,0,0,0,0,3,5,0.0,0.0,0.0,0.0,0.871,0.016,0.068,61,84,0.805,0.121,0.033,0.074,0.0,0.0,0.0,0.0,normal
0.085,udp,dns,SF,77,144,0,0,0,0,0,0,0,0,0,0,0,0,0,0,0,0,3,3,0.002,0.0,0.0,0.0,0.959,0.118,0.034,194,125,0.917,0.154,0.055,0.056,0.0,0.0,0.0,0.0,normal
1.753,tcp,http,SF,250,210,0,0,0,0,0,1,0,0,0,0,0,0,0,0,0,0,1,2,0.0,0.0,0.0,0.0,0.938,0.105,0.016,41,41,0.914,0.009,0.017,0.018,0.0,0.0,0.0,0.0,normal
0.426,tcp,http,SF,255,6938,0,0,0,0,0,1,0,0,0,0,0,0,0,0,0,0,6,3,0.0,0.032,0.0,0.0,0.939,0.002,0.032,72,10,0.943,0.169,0.086,0.02,0.0,0.0,0.0,0.0,normal
0.008,udp,dns,SF,58,157,0,0,0,0,0,0,0,0,0,0,0,0,0,0,0,0,6,3,0.001,0.0,0.0,0.0,0.971,0.147,0.047,23,133,0.896,0.028,0.128,0.007,0.0,0.0,0.0,0.0,normal
2.14,tcp,http,SF,294,5829,0,0,0,0,0,1,0,0,0,0,0,0,0,0,0,0,4,1,0.005,0.0,0.0,0.0,0.953,0.009,0.082,204,176,0.974,0.179,0.106,0.071,0.0,0.0,0.0,0.0,normal
7.171,tcp,http,SF,229,1388,0,0,0,0,0,1,0,0,0,0,0,0,0,0,0,0,6,2,0.0,0.0,0.0,0.0,0.904,0.105,0.057,116,148,0.865,0.086,0.0,0.025,0.0,0.0,0.0,0.0,normal
0.083,tcp,http,SF,310,2468,0,0,0,1,0,1,0,0,0,0,0,0,0,0,0,0,4,7,0.024,0.005,0.0,0.0,0.978,0.09,0.046,86,42,0.876,0.096,0.144,0.04,0.0,0.0,0.0,0.0,normal
0.082,tcp,smtp,SF,875,1639,0,0,0,0,0,1,0,0,0,0,0,0,0,0,0,0,3,2,0.0,0.04,0.0,0.0,0.962,0.023,0.014,44,82,0.923,0.091,0.104,0.076,0.0,0.0,0.0,0.0,normal
0.352,tcp,http,SF,432,727,0,0,0,0,0,1,0,0,0,0,0,0,0,0,0,0,4,6,0.0,0.003,0.0,0.0,0.947,0.103,0.077,100,162,0.881,0.063,0.06,0.027,0.0,0.0,0.0,0.0,normal
1.524,tcp,http,SF,353,5165,0,0,0,0,0,1,0,0,0,0,0,0,0,0,0,0,4,4,0.0,0.03,0.0,0.0,0.925,0.103,0.09,240,230,0.896,0.167,0.133,0.056,0.0,0.0,0.0,0.0,normal
1.519,tcp,http,SF,338,1470,0,0,0,0,0,1,0,0,0,0,0,0,0,0,0,0,5,5,0.0,0.0,0.0,0.0,0.972,0.035,0.015,61,38,0.883,0.101,0.025,0.069,0.0,0.0,0.0,0.0,normal
2.488,tcp,http,SF,319,157,0,0,0,0,0,1,0,0,0,0,0,0,0,0,0,0,6,2,0.0,0.02,0.0,0.0,0.991,0.071,0.073,211,54,0.893,0.023,0.131,0.035,0.0,0.0,0.0,0.0,normal
0.517,tcp,http,SF,297,2736,0,0,0,0,0,1,0,0,0,0,0,0,0,0,0,0,3,2,0.066,0.0,0.0,0.0,0.989,0.035,0.097,81,100,0.924,0.047,0.095,0.052,0.0,0.0,0.0,0.0,normal
0.275,tcp,smtp,SF,737,694,0,0,0,0,0,1,0,0,0,0,0,0,0,0,0,0,3,3,0.008,0.03,0.0,0.0,0.949,0.085,0.043,138,193,0.827,0.182,0.092,0.089,0.0,0.0,0.0,0.0,normal
0.006,tcp,smtp,SF,660,804,0,0,0,0,0,1,0,0,0,0,0,0,0,0,0,0,3,3,0.0,0.0,0.0,0.0,0.856,0.115,0.091,219,35,0.836,0.189,0.089,0.015,0.0,0.0,0.0,0.0,normal
4.327,tcp,http,SF,249,412,0,0,0,0,0,1,0,0,0,0,0,0,0,0,0,0,4,7,0.002,0.0,0.0,0.0,0.87,0.048,0.017,135,60,0.971,0.195,0.083,0.093,0.0,0.0,0.0,0.0,normal
2.205,tcp,http,SF,409,2956,0,0,0,0,0,1,0,0,0,0,0,0,0,0,0,0,4,1,0.0,0.0,0.0,0.0,0.968,0.145,0.091,108,45,0.875,0.003,0.051,0.029,0.0,0.0,0.0,0.0,normal
0.967,tcp,http,SF,291,5607,0,0,0,0,0,1,0,0,0,0,0,0,0,0,0,0,2,3,0.002,0.138,0.0,0.0,0.933,0.007,0.008,104,84,0.998,0.055,0.138,0.086,0.0,0.0,0.0,0.0,normal
78.727,tcp,ssh,SF,3666,4828,0,0,0,0,0,1,0,0,0,0,0,0,0,0,0,0,5,2,0.0,0.0,0.0,0.0,0.882,0.146,0.043,106,60,0.846,0.026,0.101,0.078,0.0,0.0,0.0,0.0,normal
155.627,tcp,ssh,SF,2794,4761,0,0,0,0,0,1,0,0,0,0,0,0,0,0,0,0,2,7,0.0,0.001,0.0,0.0,0.873,0.012,0.082,250,70,0.907,0.044,0.04,0.003,0.0,0.0,0.0,0.0,normal
0.613,tcp,http,SF,369,7427,0,0,0,1,0,1,0,0,0,0,0,0,0,0,0,0,4,6,0.01,0.0,0.0,0.0,0.889,0.121,0.053,163,167,0.874,0.022,0.089,0.013,0.0,0.0,0.0,0.0,normal
4.219,tcp,http,SF,307,2588,0,0,0,0,0,1,0,0,0,0,0,0,0,0,0,0,2,5,0.0,0.005,0.0,0.0,0.954,0.075,0.004,228,132,0.81,0.093,0.009,0.094,0.0,0.0,0.0,0.0,normal
4.293,tcp,http,SF,503,1884,0,0,0,0,0,1,0,0,0,0,0,0,0,0,0,0,5,4,0.0,0.0,0.0,0.0,0.985,0.139,0.006,87,14,0.999,0.084,0.028,0.047,0.0,0.0,0.0,0.0,normal
0.438,tcp,http,SF,292,728,0,0,0,0,0,1,0,0,0,0,0,0,0,0,0,0,7,2,0.001,0.0,0.0,0.0,0.957,0.106,0.032,129,216,0.854,0.178,0.089,0.022,0.0,0.0,0.0,0.0,normal
0.615,tcp,http,SF,283,1732,0,0,0,0,0,1,0,0,0,0,0,0,0,0,0,0,2,3,0.0,0.0,0.0,0.0,0.984,0.033,0.013,232,108,0.999,0.048,0.114,0.054,0.0,0.0,0.0,0.0,normal
0.86,tcp,http,SF,291,8247,0,0,0,0,0,1,0,0,0,0,0,0,0,0,0,0,1,1,0.0,0.001,0.0,0.0,0.99,0.045,0.071,175,247,0.987,0.181,0.135,0.016,0.0,0.0,0.0,0.0,normal
3.394,tcp,http,SF,813,2100,0,0,0,0,0,1,0,0,0,0,0,0,0,0,0,0,2,1,0.168,0.0,0.0,0.0,0.872,0.065,0.06,147,154,0.913,0.024,0.081,0.002,0.0,0.0,0.0,0.0,normal
0.174,tcp,http,SF,429,5690,0,0,0,0,0,1,0,0,0,0,0,0,0,0,0,0,4,3,0.0,0.0,0.0,0.0,0.857,0.042,0.057,217,14,0.927,0.174,0.045,0.065,0.0,0.0,0.0,0.0,normal
2.39,tcp,http,SF,480,1106,0,0,0,0,0,1,0,0,0,0,0,0,0,0,0,0,5,2,0.0,0.0,0.0,0.0,0.942,0.011,0.023,189,163,0.808,0.106,0.116,0.092,0.0,0.0,0.0,0.0,normal
0.687,tcp,http,SF,229,6477,0,0,0,0,0,1,0,0,0,0,0,0,0,0,0,0,3,4,0.0,0.001,0.0,0.0,0.877,0.012,0.077,175,167,0.825,0.086,0.029,0.049,0.0,0.0,0.0,0.0,normal
0.829,tcp,http,SF,582,7950,0,0,0,0,0,1,0,0,0,0,0,0,0,0,0,0,6,1,0.0,0.0,0.0,0.0,0.927,0.132,0.055,111,138,0.874,0.141,0.145,0.03,0.0,0.0,0.0,0.0,normal
0.065,udp,dns,SF,92,118,0,0,0,0,0,0,0,0,0,0,0,0,0,0,0,0,7,1,0.006,0.0,0.0,0.0,0.938,0.036,0.039,10,112,0.838,0.107,0.038,0.096,0.0,0.0,0.0,0.0,normal
2.359,tcp,http,SF,263,7043,0,0,0,0,0,1,0,0,0,0,0,0,0,0,0,0,4,3,0.0,0.0,0.0,0.0,0.957,0.142,0.095,194,17,0.801,0.163,0.026,0.055,0.0,0.0,0.0,0.0,normal
3.126,tcp,http,SF,214,258,0,0,0,0,0,1,0,0,0,0,0,0,0,0,0,0,1,3,0.06,0.002,0.0,0.0,0.895,0.071,0.048,23,166,0.9,0.126,0.046,0.077,0.0,0.0,0.0,0.0,normal
0.193,tcp,http,SF,478,705,0,0,0,0,0,1,0,0,0,0,0,0,0,0,0,0,8,2,0.0,0.0,0.0,0.0,0.947,0.144,0.099,138,102,0.952,0.005,0.095,0.051,0.0,0.0,0.0,0.0,normal
3.217,tcp,http,SF,283,5944,0,0,0,0,0,1,0,0,0,0,0,0,0,0,0,0,1,3,0.0,0.126,0.0,0.0,0.909,0.09,0.086,134,50,0.838,0.173,0.051,0.017,0.0,0.0,0.0,0.0,normal
0.331,tcp,http,SF,402,6439,0,0,0,0,0,1,0,0,0,0,0,0,0,0,0,0,3,3,0.0,0.0,0.0,0.0,0.928,0.058,0.037,235,73,0.986,0.131,0.132,0.097,0.0,0.0,0.0,0.0,normal
0.051,udp,dns,SF,50,115,0,0,0,0,0,0,0,0,0,0,0,0,0,0,0,0,5,4,0.004,0.001,0.0,0.0,0.934,0.137,0.091,242,189,0.857,0.163,0.007,0.053,0.0,0.0,0.0,0.0,normal
28.607,tcp,ssh,SF,1720,4475,0,0,0,0,0,1,0,0,0,0,0,0,0,0,0,0,1,3,0.0,0.0,0.0,0.0,0.854,0.025,0.098,239,107,0.83,0.066,0.116,0.063,0.0,0.0,0.0,0.0,normal
0.676,tcp,smtp,SF,815,1244,0,0,0,0,0,1,0,0,0,0,0,0,0,0,0,0,4,1,0.011,0.0,0.0,0.0,0.991,0.082,0.056,72,16,0.88,0.133,0.041,0.09,0.0,0.0,0.0,0.0,normal
0.081,udp,dns,SF,73,214,0,0,0,0,0,0,0,0,0,0,0,0,0,0,0,0,6,5,0.0,0.001,0.0,0.0,0.998,0.074,0.07,57,162,0.853,0.115,0.09,0.093,0.0,0.0,0.0,0.0,normal
0.818,tcp,http,SF,302,4218,0,0,0,0,0,1,0,0,0,0,0,0,0,0,0,0,8,5,0.002,0.0,0.0,0.0,0.936,0.081,0.044,141,207,0.832,0.112,0.01,0.077,0.0,0.0,0.0,0.0,normal
0.057,udp,dns,SF,43,115,0,0,0,0,0,0,0,0,0,0,0,0,0,0,0,0,4,3,0.008,0.044,0.0,0.0,0.915,0.022,0.076,243,167,0.852,0.025,0.103,0.001,0.0,0.0,0.0,0.0,normal
10.23,tcp,smtp,SF,1308,1430,0,0,0,0,0,1,0,0,0,0,0,0,0,0,0,0,6,3,0.0,0.013,0.0,0.0,0.959,0.124,0.063,148,30,0.801,0.163,0.139,0.09,0.0,0.0,0.0,0.0,normal
1.39,tcp,http,SF,350,1912,0,0,0,0,0,1,0,0,0,0,0,0,0,0,0,0,4,5,0.091,0.001,0.0,0.0,0.867,0.118,0.049,225,178,0.925,0.07,0.047,0.016,0.0,0.0,0.0,0.0,normal
2.741,tcp,smtp,SF,475,1666,0,0,0,0,0,1,0,0,0,0,0,0,0,0,0,0,5,2,0.0,0.0,0.0,0.0,0.911,0.108,0.025,185,11,0.8,0.15,0.102,0.098,0.0,0.0,0.0,0.0,normal
0.648,tcp,http,SF,400,4967,0,0,0,0,0,1,0,0,0,0,0,0,0,0,0,0,2,2,0.0,0.013,0.0,0.0,0.957,0.134,0.002,138,126,0.876,0.163,0.117,0.093,0.0,0.0,0.0,0.0,normal
1.593,tcp,http,SF,484,303,0,0,0,0,0,1,0,0,0,0,0,0,0,0,0,0,4,3,0.0,0.0,0.0,0.0,0.988,0.115,0.012,183,21,0.952,0.088,0.12,0.087,0.0,0.0,0.0,0.0,normal
0.096,udp,dns,SF,85,111,0,0,0,0,0,0,0,0,0,0,0,0,0,0,0,0,4,4,0.001,0.003,0.0,0.0,0.872,0.036,0.054,210,123,0.812,0.098,0.035,0.059,0.0,0.0,0.0,0.0,normal
0.045,udp,dns,SF,61,177,0,0,0,0,0,0,0,0,0,0,0,0,0,0,0,0,4,2,0.0,0.001,0.0,0.0,0.857,0.035,0.067,63,221,0.985,0.183,0.141,0.063,0.0,0.0,0.0,0.0,normal
1.023,tcp,http,SF,360,1265,0,0,0,0,0,1,0,0,0,0,0,0,0,0,0,0,5,6,0.043,0.0,0.0,0.0,0.973,0.034,0.084,203,196,0.801,0.169,0.132,0.041,0.0,0.0,0.0,0.0,normal
0.04,udp,dns,SF,98,113,0,0,0,0,0,0,0,0,0,0,0,0,0,0,0,0,6,1,0.0,0.0,0.0,0.0,0.987,0.147,0.044,43,56,0.938,0.155,0.062,0.082,0.0,0.0,0.0,0.0,normal
0.29,tcp,http,SF,401,3939,0,0,0,0,0,1,0,0,0,0,0,0,0,0,0,0,1,6,0.0,0.055,0.0,0.0,0.897,0.103,0.019,47,213,0.888,0.072,0.119,0.081,0.0,0.0,0.0,0.0,normal
0.809,tcp,http,SF,704,11356,0,0,0,0,0,1,0,0,0,0,0,0,0,0,0,0,1,1,0.0,0.0,0.0,0.0,0.958,0.067,0.023,123,109,0.82,0.118,0.037,0.015,0.0,0.0,0.0,0.0,normal
0.7,tcp,http,SF,304,3020,0,0,0,0,0,1,0,0,0,0,0,0,0,0,0,0,2,4,0.001,0.009,0.0,0.0,0.875,0.006,0.022,216,198,0.933,0.009,0.025,0.014,0.0,0.0,0.0,0.0,normal
1.915,tcp,http,SF,287,3361,0,0,0,0,0,1,0,0,0,0,0,0,0,0,0,0,3,2,0.0,0.021,0.0,0.0,0.893,0.109,0.021,62,109,0.972,0.126,0.011,0.008,0.0,0.0,0.0,0.0,normal
10.498,tcp,http,SF,582,5349,0,0,0,0,0,1,0,0,0,0,0,0,0,0,0,0,8,5,0.0,0.0,0.0,0.0,0.872,0.124,0.043,42,225,0.933,0.101,0.015,0.02,0.0,0.0,0.0,0.0,normal
1.338,tcp,http,SF,210,5584,0,0,0,0,0,1,0,0,0,0,0,0,0,0,0,0,4,3,0.006,0.0,0.0,0.0,0.858,0.065,0.032,165,196,0.818,0.009,0.069,0.063,0.0,0.0,0.0,0.0,normal
0.307,tcp,http,SF,369,2025,0,0,0,0,0,1,0,0,0,0,0,0,0,0,0,0,6,5,0.0,0.0,0.0,0.0,0.912,0.035,0.054,150,207,0.831,0.126,0.071,0.072,0.0,0.0,0.0,0.0,normal
0.011,udp,dns,SF,76,162,0,0,0,0,0,0,0,0,0,0,0,0,0,0,0,0,5,3,0.0,0.0,0.0,0.0,0.888,0.031,0.012,209,106,0.989,0.025,0.094,0.021,0.0,0.0,0.0,0.0,normal
0.013,udp,dns,SF,67,161,0,0,0,0,0,0,0,0,0,0,0,0,0,0,0,0,4,2,0.002,0.0,0.0,0.0,0.989,0.03,0.063,73,194,0.88,0.087,0.048,0.061,0.0,0.0,0.0,0.0,normal
0.038,tcp,http,SF,376,1682,0,0,0,0,0,1,0,0,0,0,0,0,0,0,0,0,6,4,0.01,0.0,0.0,0.0,0.862,0.027,0.059,119,48,0.889,0.04,0.003,0.04,0.0,0.0,0.0,0.0,normal
0.32,tcp,http,SF,220,1458,0,0,0,0,0,1,0,0,0,0,0,0,0,0,0,0,2,3,0.001,0.0,0.0,0.0,0.928,0.072,0.06,212,55,0.849,0.193,0.02,0.009,0.0,0.0,0.0,0.0,normal
2.39,tcp,http,SF,387,238,0,0,0,0,0,1,0,0,0,0,0,0,0,0,0,0,2,4,0.0,0.0,0.0,0.0,0.911,0.14,0.048,146,99,0.804,0.192,0.022,0.015,0.0,0.0,0.0,0.0,normal
2.34,tcp,http,SF,452,1045,0,0,0,0,0,1,0,0,0,0,0,0,0,0,0,0,3,2,0.0,0.0,0.0,0.0,0.955,0.061,0.063,181,176,0.961,0.133,0.124,0.071,0.0,0.0,0.0,0.0,normal
0.911,tcp,http,SF,269,885,0,0,0,0,0,1,0,0,0,0,0,0,0,0,0,0,2,1,0.001,0.0,0.0,0.0,0.904,0.141,0.064,238,79,0.957,0.008,0.054,0.036,0.0,0.0,0.0,0.0,normal
0.028,udp,dns,SF,57,159,0,0,0,0,0,0,0,0,0,0,0,0,0,0,0,0,4,4,0.071,0.0,0.0,0.0,0.974,0.029,0.091,222,22,0.85,0.184,0.101,0.079,0.0,0.0,0.0,0.0,normal
0.5,tcp,other,REJ,181,174,0,0,0,0,0,0,0,0,0,0,0,0,0,0,0,0,6,3,0.0,0.006,0.0,0.0,0.958,0.048,0.048,144,168,0.812,0.023,0.061,0.054,0.0,0.0,0.0,0.0,normal
0.018,udp,dns,SF,52,90,0,0,0,0,0,0,0,0,0,0,0,0,0,0,0,0,4,3,0.0,0.0,0.0,0.0,0.895,0.003,0.086,229,44,0.874,0.102,0.128,0.008,0.0,0.0,0.0,0.0,normal
4.039,tcp,http,SF,567,6196,0,0,0,0,0,1,0,0,0,0,0,0,0,0,0,0,4,3,0.089,0.0,0.0,0.0,0.892,0.138,0.025,225,146,0.868,0.158,0.148,0.052,0.0,0.0,0.0,0.0,normal
5.801,tcp,http,SF,311,2817,0,0,0,0,0,1,0,0,0,0,0,0,0,0,0,0,3,2,0.0,0.0,0.0,0.0,0.973,0.089,0.014,25,238,0.935,0.187,0.036,0.042,0.0,0.0,0.0,0.0,normal
0.009,udp,dns,SF,72,95,0,0,0,0,0,0,0,0,0,0,0,0,0,0,0,0,2,5,0.0,0.0,0.0,0.0,0.994,0.088,0.08,27,149,0.846,0.051,0.103,0.004,0.0,0.0,0.0,0.0,normal
0.294,tcp,http,SF,261,1476,0,0,0,0,0,1,0,0,0,0,0,0,0,0,0,0,1,1,0.0,0.046,0.0,0.0,0.974,0.048,0.047,168,125,0.934,0.012,0.128,0.065,0.0,0.0,0.0,0.0,normal
1.616,tcp,http,SF,259,616,0,0,0,0,0,1,0,0,0,0,0,0,0,0,0,0,3,3,0.0,0.0,0.0,0.0,0.984,0.018,0.092,83,58,0.919,0.097,0.112,0.034,0.0,0.0,0.0,0.0,normal
1.412,tcp,http,SF,632,5109,0,0,0,0,0,1,0,0,0,0,0,0,0,0,0,0,1,3,0.0,0.008,0.0,0.0,0.932,0.112,0.003,212,142,0.894,0.07,0.017,0.002,0.0,0.0,0.0,0.0,normal
1.226,tcp,http,SF,541,154,0,0,0,0,0,1,0,0,0,0,0,0,0,0,0,0,3,1,0.001,0.0,0.0,0.0,0.904,0.109,0.07,211,220,0.931,0.046,0.059,0.04,0.0,0.0,0.0,0.0,normal
1.171,tcp,http,SF,377,7550,0,0,0,0,0,1,0,0,0,0,0,0,0,0,0,0,4,2,0.0,0.0,0.0,0.0,0.936,0.112,0.043,197,20,0.846,0.174,0.095,0.049,0.0,0.0,0.0,0.0,normal
3.625,tcp,smtp,SF,1539,1022,0,0,0,0,0,1,0,0,0,0,0,0,0,0,0,0,6,6,0.0,0.0,0.0,0.0,0.892,0.01,0.051,64,44,0.866,0.036,0.144,0.019,0.0,0.0,0.0,0.0,normal
0.045,tcp,http,SF,422,1823,0,0,0,0,0,1,0,0,0,0,0,0,0,0,0,0,2,1,0.0,0.0,0.0,0.0,0.994,0.081,0.085,224,12,0.873,0.056,0.002,0.026,0.0,0.0,0.0,0.0,normal
1.091,tcp,http,SF,595,14,0,0,0,0,0,1,0,0,0,0,0,0,0,0,0,0,3,5,0.01,0.238,0.0,0.0,0.911,0.061,0.05,183,230,0.879,0.033,0.026,0.05,0.0,0.0,0.0,0.0,normal
1.645,tcp,http,SF,360,1215,0,0,0,0,0,1,0,0,0,0,0,0,0,0,0,0,3,3,0.0,0.0,0.0,0.0,0.949,0.019,0.093,248,253,0.843,0.126,0.103,0.038,0.0,0.0,0.0,0.0,normal
47.989,tcp,ssh,SF,4640,3073,0,0,0,0,0,1,0,0,0,0,0,0,0,0,0,0,2,5,0.0,0.001,0.0,0.0,0.952,0.079,0.027,126,194,0.996,0.072,0.017,0.06,0.0,0.0,0.0,0.0,normal
0.029,udp,dns,SF,67,196,0,0,0,0,0,0,0,0,0,0,0,0,0,0,0,0,3,3,0.027,0.0,0.0,0.0,0.95,0.063,0.017,132,207,0.86,0.108,0.018,0.027,0.0,0.0,0.0,0.0,normal
0.982,tcp,http,SF,264,906,0,0,0,0,0,1,0,0,0,0,0,0,0,0,0,0,6,1,0.0,0.001,0.0,0.0,0.852,0.003,0.04,171,68,0.913,0.035,0.042,0.05,0.0,0.0,0.0,0.0,normal
23.272,tcp,ssh,SF,1578,3831,0,0,0,0,0,1,0,0,0,0,0,0,0,0,0,0,2,2,0.005,0.0,0.0,0.0,0.995,0.107,0.09,129,206,0.801,0.009,0.086,0.094,0.0,0.0,0.0,0.0,normal
0.032,tcp,http,SF,263,1526,0,0,0,0,0,1,0,0,0,0,0,0,0,0,0,0,4,4,0.0,0.0,0.0,0.0,0.902,0.083,0.079,66,55,0.872,0.075,0.024,0.067,0.0,0.0,0.0,0.0,normal
0.798,tcp,other,SF,376,295,0,0,0,0,0,0,0,0,0,0,0,0,0,0,0,0,7,1,0.0,0.0,0.0,0.0,0.873,0.04,0.068,224,113,0.989,0.188,0.009,0.013,0.0,0.0,0.0,0.0,normal
1.29,tcp,http,SF,569,1898,0,0,0,0,0,1,0,0,0,0,0,0,0,0,0,0,4,4,0.0,0.0,0.0,0.0,0.997,0.0,0.016,98,167,0.906,0.19,0.037,0.01,0.0,0.0,0.0,0.0,normal
0.003,udp,dns,SF,74,150,0,0,0,0,0,0,0,0,0,0,0,0,0,0,0,0,5,1,0.0,0.001,0.0,0.0,0.914,0.137,0.07,241,130,0.865,0.003,0.084,0.081,0.0,0.0,0.0,0.0,normal
0.946,tcp,http,SF,285,1034,0,0,0,0,0,1,0,0,0,0,0,0,0,0,0,0,2,3,0.0,0.0,0.0,0.0,0.881,0.009,0.002,170,124,0.904,0.033,0.017,0.084,0.0,0.0,0.0,0.0,normal
0.051,tcp,other,REJ,204,158,0,0,0,0,0,0,0,0,0,0,0,0,0,0,0,0,6,2,0.0,0.0,0.0,0.0,0.97,0.045,0.068,228,251,0.879,0.092,0.003,0.089,0.0,0.0,0.0,0.0,normal
1.532,tcp,http,SF,117,1089,0,0,0,0,0,1,0,0,0,0,0,0,0,0,0,0,4,1,0.0,0.019,0.0,0.0,0.967,0.143,0.055,118,155,0.892,0.118,0.015,0.004,0.0,0.0,0.0,0.0,normal
3.757,tcp,ssh,SF,3450,3270,0,0,0,0,0,1,0,0,0,0,0,0,0,0,0,0,2,5,0.031,0.024,0.0,0.0,0.886,0.11,0.073,197,204,0.87,0.17,0.019,0.077,0.0,0.0,0.0,0.0,normal
21.105,tcp,ssh,SF,3797,3081,0,0,0,0,0,1,0,0,0,0,0,0,0,0,0,0,6,1,0.0,0.0,0.0,0.0,0.997,0.049,0.041,210,117,0.964,0.142,0.022,0.086,0.0,0.0,0.0,0.0,normal
0.557,tcp,http,SF,289,9872,0,0,0,0,0,1,0,0,0,0,0,0,0,0,0,0,5,3,0.025,0.0,0.0,0.0,0.975,0.101,0.025,232,11,0.92,0.169,0.084,0.076,0.0,0.0,0.0,0.0,normal
0.02,udp,dns,SF,62,169,0,0,0,0,0,0,0,0,0,0,0,0,0,0,0,0,3,1,0.0,0.0,0.0,0.0,0.954,0.069,0.0,31,89,0.977,0.01,0.072,0.001,0.0,0.0,0.0,0.0,normal
0.009,udp,dns,SF,82,145,0,0,0,0,0,0,0,0,0,0,0,0,0,0,0,0,5,1,0.0,0.0,0.0,0.0,0.988,0.035,0.019,118,236,0.95,0.053,0.12,0.015,0.0,0.0,0.0,0.0,normal
0.954,tcp,http,SF,488,1229,0,0,0,0,0,1,0,0,0,0,0,0,0,0,0,0,1,6,0.0,0.0,0.0,0.0,0.992,0.033,0.028,147,194,0.885,0.137,0.1,0.06,0.0,0.0,0.0,0.0,normal
1.541,tcp,http,SF,337,4237,0,0,0,0,0,1,0,0,0,0,0,0,0,0,0,0,4,1,0.023,0.0,0.0,0.0,0.913,0.031,0.016,201,79,0.852,0.196,0.079,0.038,0.0,0.0,0.0,0.0,normal
0.824,tcp,http,SF,358,1097,0,0,0,0,0,1,0,0,0,0,0,0,0,0,0,0,2,4,0.0,0.007,0.0,0.0,0.876,0.058,0.096,213,36,0.956,0.073,0.144,0.069,0.0,0.0,0.0,0.0,normal
0.842,tcp,http,SF,267,8232,0,0,0,0,0,1,0,0,0,0,0,0,0,0,0,0,2,4,0.0,0.0,0.0,0.0,0.938,0.146,0.001,130,60,0.807,0.197,0.013,0.019,0.0,0.0,0.0,0.0,normal
0.339,tcp,http,SF,383,2711,0,0,0,0,0,1,0,0,0,0,0,0,0,0,0,0,4,1,0.0,0.0,0.0,0.0,0.944,0.095,0.098,176,217,0.886,0.118,0.003,0.027,0.0,0.0,0.0,0.0,normal
0.204,tcp,http,SF,348,5800,0,0,0,0,0,1,0,0,0,0,0,0,0,0,0,0,5,6,0.0,0.014,0.0,0.0,0.935,0.027,0.092,12,47,0.983,0.017,0.023,0.071,0.0,0.0,0.0,0.0,normal
0.025,udp,dns,SF,76,102,0,0,0,0,0,0,0,0,0,0,0,0,0,0,0,0,2,2,0.0,0.0,0.0,0.0,0.855,0.091,0.056,153,83,0.908,0.119,0.127,0.022,0.0,0.0,0.0,0.0,normal
120.406,tcp,ssh,SF,2694,4098,0,0,0,0,0,1,0,0,0,0,0,0,0,0,0,0,3,1,0.028,0.003,0.0,0.0,0.87,0.106,0.065,233,253,0.949,0.163,0.114,0.035,0.0,0.0,0.0,0.0,normal
0.376,tcp,http,SF,360,453,0,0,0,0,0,1,0,0,0,0,0,0,0,0,0,0,2,3,0.0,0.003,0.0,0.0,0.871,0.028,0.014,148,207,0.878,0.037,0.035,0.074,0.0,0.0,0.0,0.0,normal
0.686,tcp,http,SF,280,1239,0,0,0,0,0,1,0,0,0,0,0,0,0,0,0,0,5,3,0.0,0.009,0.0,0.0,0.864,0.002,0.002,168,229,0.819,0.123,0.051,0.076,0.0,0.0,0.0,0.0,normal
0.171,tcp,http,SF,340,8693,0,0,0,0,0,1,0,0,0,0,0,0,0,0,0,0,8,3,0.0,0.058,0.0,0.0,0.973,0.018,0.008,121,195,0.823,0.069,0.017,0.018,0.0,0.0,0.0,0.0,normal
0.009,udp,dns,SF,66,103,0,0,0,0,0,0,0,0,0,0,0,0,0,0,0,0,5,4,0.076,0.0,0.0,0.0,0.89,0.123,0.075,108,197,0.999,0.164,0.112,0.007,0.0,0.0,0.0,0.0,normal
2.539,tcp,http,SF,359,705,0,0,0,0,0,1,0,0,0,0,0,0,0,0,0,0,2,3,0.002,0.001,0.0,0.0,0.894,0.03,0.018,216,90,0.862,0.077,0.128,0.066,0.0,0.0,0.0,0.0,normal
7.313,tcp,http,SF,541,2121,0,0,0,0,0,1,0,0,0,0,0,0,0,0,0,0,9,3,0.002,0.0,0.0,0.0,0.935,0.061,0.096,93,50,0.895,0.118,0.017,0.08,0.0,0.0,0.0,0.0,normal
0.367,tcp,http,SF,237,2091,0,0,0,0,0,1,0,0,0,0,0,0,0,0,0,0,1,4,0.0,0.0,0.0,0.0,0.954,0.091,0.095,207,98,0.871,0.175,0.119,0.024,0.0,0.0,0.0,0.0,normal
48.415,tcp,ssh,SF,2570,3953,0,0,0,0,0,1,0,0,0,0,0,0,0,0,0,0,5,2,0.003,0.127,0.0,0.0,0.978,0.003,0.011,167,51,0.988,0.111,0.032,0.056,0.0,0.0,0.0,0.0,normal
2.34,tcp,http,SF,536,2310,0,0,0,0,0,1,0,0,0,0,0,0,0,0,0,0,2,6,0.0,0.001,0.0,0.0,0.986,0.021,0.057,133,74,0.932,0.074,0.026,0.039,0.0,0.0,0.0,0.0,normal
0.098,udp,dns,SF,78,85,0,0,0,0,0,0,0,0,0,0,0,0,0,0,0,0,5,1,0.0,0.0,0.0,0.0,0.938,0.081,0.087,45,40,0.896,0.013,0.119,0.091,0.0,0.0,0.0,0.0,normal
0.002,udp,dns,SF,35,125,0,0,0,0,0,0,0,0,0,0,0,0,0,0,0,0,3,1,0.0,0.0,0.0,0.0,0.938,0.083,0.093,21,212,0.89,0.121,0.014,0.097,0.0,0.0,0.0,0.0,normal
1.99,tcp,http,SF,290,6045,0,0,0,0,0,1,0,0,0,0,0,0,0,0,0,0,5,5,0.0,0.018,0.0,0.0,0.97,0.083,0.012,207,164,0.911,0.002,0.126,0.089,0.0,0.0,0.0,0.0,normal
0.056,udp,dns,SF,61,162,0,0,0,0,0,0,0,0,0,0,0,0,0,0,0,0,4,4,0.0,0.003,0.0,0.0,0.924,0.063,0.078,108,134,0.954,0.185,0.086,0.053,0.0,0.0,0.0,0.0,normal
2.037,tcp,http,SF,434,4552,0,0,0,0,0,1,0,0,0,0,0,0,0,0,0,0,5,4,0.0,0.0,0.0,0.0,0.878,0.12,0.04,52,239,0.894,0.176,0.016,0.057,0.0,0.0,0.0,0.0,normal
0.354,tcp,http,SF,357,1553,0,0,0,0,0,1,0,0,0,0,0,0,0,0,0,0,6,4,0.003,0.0,0.0,0.0,0.978,0.093,0.009,41,194,0.835,0.089,0.083,0.027,0.0,0.0,0.0,0.0,normal
0.2,udp,dns,SF,46,125,0,0,0,0,0,0,0,0,0,0,0,0,0,0,0,0,4,3,0.0,0.0,0.0,0.0,0.987,0.124,0.01,213,165,0.967,0.045,0.136,0.062,0.0,0.0,0.0,0.0,normal
0.065,tcp,http,SF,508,2105,0,0,0,0,0,1,0,0,0,0,0,0,0,0,0,0,4,3,0.0,0.0,0.0,0.0,0.854,0.079,0.002,90,231,0.876,0.049,0.148,0.034,0.0,0.0,0.0,0.0,normal
39.785,tcp,ssh,SF,3472,5552,0,0,0,0,0,1,0,0,0,0,0,0,0,0,0,0,3,4,0.05,0.0,0.0,0.0,0.927,0.016,0.048,64,184,0.85,0.155,0.123,0.052,0.0,0.0,0.0,0.0,normal
0.081,udp,dns,SF,85,135,0,0,0,0,0,0,0,0,0,0,0,0,0,0,0,0,5,2,0.0,0.267,0.0,0.0,0.867,0.051,0.025,96,84,0.87,0.156,0.09,0.055,0.0,0.0,0.0,0.0,normal
0.828,tcp,http,SF,614,1903,0,0,0,0,0,1,0,0,0,0,0,0,0,0,0,0,2,4,0.0,0.0,0.0,0.0,0.887,0.085,0.037,60,107,0.8,0.146,0.022,0.069,0.0,0.0,0.0,0.0,normal
0.363,tcp,http,SF,266,1913,0,0,0,0,0,1,0,0,0,0,0,0,0,0,0,0,3,2,0.0,0.089,0.0,0.0,0.924,0.039,0.059,216,254,0.896,0.149,0.026,0.029,0.0,0.0,0.0,0.0,normal
4.063,tcp,http,SF,322,1175,0,0,0,0,0,1,0,0,0,0,0,0,0,0,0,0,7,4,0.007,0.0,0.0,0.0,0.91,0.093,0.061,161,71,0.989,0.08,0.116,0.097,0.0,0.0,0.0,0.0,normal
2.982,tcp,http,SF,332,4459,0,0,0,0,0,1,0,0,0,0,0,0,0,0,0,0,9,1,0.0,0.0,0.0,0.0,0.98,0.035,0.047,43,49,0.806,0.079,0.011,0.096,0.0,0.0,0.0,0.0,normal
2.988,tcp,http,SF,267,4149,0,0,0,0,0,1,0,0,0,0,0,0,0,0,0,0,4,1,0.004,0.0,0.0,0.0,0.957,0.136,0.047,180,199,0.89,0.189,0.023,0.0,0.0,0.0,0.0,0.0,normal
1.215,tcp,http,SF,231,5622,0,0,0,0,0,1,0,0,0,0,0,0,0,0,0,0,5,2,0.0,0.0,0.0,0.0,0.867,0.092,0.035,99,69,0.899,0.078,0.099,0.034,0.0,0.0,0.0,0.0,normal
2.529,tcp,http,SF,428,5651,0,0,0,0,0,1,0,0,0,0,0,0,0,0,0,0,2,3,0.001,0.0,0.0,0.0,0.895,0.111,0.076,144,221,0.96,0.044,0.04,0.007,0.0,0.0,0.0,0.0,normal
2.436,tcp,http,SF,456,2182,0,0,0,0,0,1,0,0,0,0,0,0,0,0,0,0,6,2,0.0,0.011,0.0,0.0,0.883,0.109,0.008,63,193,0.954,0.176,0.148,0.004,0.0,0.0,0.0,0.0,normal
0.023,udp,dns,SF,58,167,0,0,0,0,0,0,0,0,0,0,0,0,0,0,0,0,5,1,0.015,0.032,0.0,0.0,0.883,0.068,0.029,180,161,0.846,0.028,0.119,0.08,0.0,0.0,0.0,0.0,normal
1.517,tcp,http,SF,444,279,0,0,0,0,0,1,0,0,0,0,0,0,0,0,0,0,5,4,0.0,0.0,0.0,0.0,0.986,0.007,0.086,26,148,0.858,0.181,0.036,0.05,0.0,0.0,0.0,0.0,normal
6.231,tcp,smtp,SF,919,807,0,0,0,0,0,1,0,0,0,0,0,0,0,0,0,0,4,2,0.0,0.004,0.0,0.0,0.937,0.068,0.099,145,236,0.864,0.101,0.066,0.059,0.0,0.0,0.0,0.0,normal
0.001,udp,dns,SF,49,156,0,0,0,0,0,0,0,0,0,0,0,0,0,0,0,0,3,6,0.003,0.0,0.0,0.0,0.983,0.026,0.049,28,248,0.964,0.128,0.1,0.036,0.0,0.0,0.0,0.0,normal
3.741,tcp,http,SF,567,28,0,0,0,0,0,1,0,0,0,0,0,0,0,0,0,0,6,1,0.0,0.0,0.0,0.0,0.942,0.003,0.05,93,74,0.956,0.129,0.132,0.013,0.0,0.0,0.0,0.0,normal
0.721,tcp,http,SF,165,2277,0,0,0,0,0,1,0,0,0,0,0,0,0,0,0,0,6,3,0.002,0.146,0.0,0.0,0.895,0.012,0.049,112,30,0.922,0.156,0.063,0.048,0.0,0.0,0.0,0.0,normal
0.052,udp,dns,SF,55,137,0,0,0,0,0,0,0,0,0,0,0,0,0,0,0,0,5,1,0.0,0.0,0.0,0.0,0.997,0.059,0.084,187,215,0.992,0.102,0.012,0.091,0.0,0.0,0.0,0.0,normal
0.857,tcp,http,SF,273,1630,0,0,0,0,0,1,0,0,0,0,0,0,0,0,0,0,4,7,0.0,0.0,0.0,0.0,0.853,0.052,0.013,125,97,0.937,0.03,0.001,0.083,0.0,0.0,0.0,0.0,normal
1.954,tcp,http,SF,183,16854,0,0,0,0,0,1,0,0,0,0,0,0,0,0,0,0,3,2,0.025,0.006,0.0,0.0,0.882,0.146,0.08,222,114,0.932,0.021,0.143,0.055,0.0,0.0,0.0,0.0,normal
0.138,udp,dns,SF,71,217,0,0,0,0,0,0,0,0,0,0,0,0,0,0,0,0,3,3,0.0,0.017,0.0,0.0,0.851,0.022,0.032,103,74,0.855,0.044,0.012,0.008,0.0,0.0,0.0,0.0,normal
0.416,tcp,http,SF,322,1317,0,0,0,0,0,1,0,0,0,0,0,0,0,0,0,0,5,3,0.0,0.0,0.0,0.0,0.875,0.112,0.056,136,31,0.935,0.188,0.123,0.005,0.0,0.0,0.0,0.0,normal
1.042,tcp,http,SF,306,1068,0,0,0,0,0,1,0,0,0,0,0,0,0,0,0,0,4,1,0.0,0.002,0.0,0.0,0.915,0.028,0.019,116,61,0.859,0.086,0.112,0.048,0.0,0.0,0.0,0.0,normal
0.511,tcp,http,SF,351,1397,0,0,0,0,0,1,0,0,0,0,0,0,0,0,0,0,5,1,0.003,0.029,0.0,0.0,0.898,0.039,0.004,149,188,0.884,0.031,0.007,0.012,0.0,0.0,0.0,0.0,normal
1.486,tcp,http,SF,224,6378,0,0,0,0,0,1,0,0,0,0,0,0,0,0,0,0,3,2,0.007,0.0,0.0,0.0,0.966,0.044,0.011,141,66,0.916,0.087,0.022,0.01,0.0,0.0,0.0,0.0,normal
0.482,tcp,http,SF,631,2317,0,0,0,0,0,1,0,0,0,0,0,0,0,0,0,0,4,5,0.0,0.0,0.0,0.0,0.916,0.08,0.081,90,69,0.984,0.026,0.149,0.06,0.0,0.0,0.0,0.0,normal
1.342,tcp,http,SF,309,3022,0,0,0,0,0,1,0,0,0,0,0,0,0,0,0,0,4,3,0.004,0.03,0.0,0.0,0.928,0.079,0.013,115,12,0.956,0.148,0.147,0.048,0.0,0.0,0.0,0.0,normal
0.323,tcp,http,SF,260,155,0,0,0,0,0,1,0,0,0,0,0,0,0,0,0,0,1,7,0.014,0.0,0.0,0.0,0.96,0.061,0.077,26,189,0.802,0.111,0.054,0.004,0.0,0.0,0.0,0.0,normal
2.699,tcp,smtp,SF,626,1496,0,0,0,0,0,1,0,0,0,0,0,0,0,0,0,0,2,2,0.0,0.0,0.0,0.0,0.938,0.137,0.023,129,172,0.984,0.182,0.113,0.049,0.0,0.0,0.0,0.0,normal
1.952,tcp,http,SF,234,2283,0,0,0,0,0,1,0,0,0,0,0,0,0,0,0,0,4,5,0.0,0.0,0.0,0.0,0.963,0.019,0.014,195,190,0.831,0.196,0.049,0.094,0.0,0.0,0.0,0.0,normal
12.386,tcp,smtp,SF,795,918,0,0,0,0,0,1,0,0,0,0,0,0,0,0,0,0,2,2,0.035,0.0,0.0,0.0,0.956,0.138,0.087,217,84,0.941,0.114,0.144,0.094,0.0,0.0,0.0,0.0,normal
5.03,tcp,http,SF,390,3084,0,0,0,0,0,1,0,0,0,0,0,0,0,0,0,0,5,2,0.0,0.0,0.0,0.0,0.995,0.071,0.067,224,227,0.942,0.134,0.037,0.024,0.0,0.0,0.0,0.0,normal
2.246,tcp,http,SF,395,1,0,0,0,0,0,1,0,0,0,0,0,0,0,0,0,0,4,4,0.0,0.0,0.0,0.0,0.885,0.136,0.022,213,136,0.987,0.096,0.001,0.074,0.0,0.0,0.0,0.0,normal
0.871,tcp,http,SF,226,1732,0,0,0,0,0,1,0,0,0,0,0,0,0,0,0,0,3,6,0.0,0.0,0.0,0.0,0.945,0.141,0.086,99,161,0.836,0.02,0.055,0.05,0.0,0.0,0.0,0.0,normal
0.711,tcp,smtp,SF,974,1287,0,0,0,0,0,1,0,0,0,0,0,0,0,0,0,0,4,3,0.0,0.09,0.0,0.0,0.952,0.006,0.094,119,38,0.92,0.042,0.084,0.008,0.0,0.0,0.0,0.0,normal
1.101,tcp,http,SF,279,5642,0,0,0,0,0,1,0,0,0,0,0,0,0,0,0,0,7,3,0.0,0.0,0.0,0.0,0.933,0.104,0.077,11,194,0.819,0.015,0.052,0.062,0.0,0.0,0.0,0.0,normal
0.27,tcp,http,SF,576,6592,0,0,0,0,0,1,0,0,0,0,0,0,0,0,0,0,4,4,0.0,0.0,0.0,0.0,0.869,0.035,0.087,235,45,0.995,0.188,0.15,0.063,0.0,0.0,0.0,0.0,normal
0.009,udp,dns,SF,74,132,0,0,0,0,0,0,0,0,0,0,0,0,0,0,0,0,3,3,0.0,0.0,0.0,0.0,0.881,0.006,0.1,145,137,0.813,0.055,0.073,0.072,0.0,0.0,0.0,0.0,normal
0.574,tcp,http,SF,290,4078,0,0,0,0,0,1,0,0,0,0,0,0,0,0,0,0,3,2,0.0,0.0,0.0,0.0,0.975,0.048,0.066,59,101,0.923,0.092,0.099,0.062,0.0,0.0,0.0,0.0,normal
0.01,udp,dns,SF,57,136,0,0,0,1,0,0,0,0,0,0,0,0,0,0,0,0,4,6,0.0,0.0,0.0,0.0,0.943,0.053,0.065,96,134,0.821,0.085,0.037,0.004,0.0,0.0,0.0,0.0,normal
3.424,tcp,smtp,SF,903,1097,0,0,0,0,0,1,0,0,0,0,0,0,0,0,0,0,5,1,0.0,0.056,0.0,0.0,0.964,0.056,0.055,100,203,0.892,0.042,0.139,0.008,0.0,0.0,0.0,0.0,normal
0.055,udp,dns,SF,71,193,0,0,0,0,0,0,0,0,0,0,0,0,0,0,0,0,3,1,0.0,0.001,0.0,0.0,0.903,0.14,0.038,233,216,0.932,0.173,0.036,0.027,0.0,0.0,0.0,0.0,normal
1.439,tcp,http,SF,425,3195,0,0,0,0,0,1,0,0,0,0,0,0,0,0,0,0,5,2,0.0,0.0,0.0,0.0,0.887,0.062,0.075,129,122,0.885,0.087,0.068,0.034,0.0,0.0,0.0,0.0,normal
0.001,udp,dns,SF,75,95,0,0,0,0,0,0,0,0,0,0,0,0,0,0,0,0,6,3,0.002,0.009,0.0,0.0,0.866,0.036,0.015,63,76,0.884,0.036,0.111,0.065,0.0,0.0,0.0,0.0,normal
1.123,tcp,http,SF,395,1200,0,0,0,0,0,1,0,0,0,0,0,0,0,0,0,0,2,10,0.007,0.0,0.0,0.0,0.972,0.06,0.028,146,11,0.812,0.052,0.044,0.025,0.0,0.0,0.0,0.0,normal
0.94,tcp,http,SF,281,5348,0,0,0,0,0,1,0,0,0,0,0,0,0,0,0,0,2,2,0.0,0.002,0.0,0.0,0.931,0.102,0.026,90,121,0.805,0.107,0.085,0.065,0.0,0.0,0.0,0.0,normal
111.744,tcp,ssh,SF,3841,5400,0,0,0,0,0,1,0,0,0,0,0,0,0,0,0,0,5,2,0.025,0.0,0.0,0.0,0.982,0.064,0.005,211,45,0.911,0.138,0.063,0.1,0.0,0.0,0.0,0.0,normal
1.235,tcp,smtp,SF,586,970,0,0,0,0,0,1,0,0,0,0,0,0,0,0,0,0,6,3,0.0,0.001,0.0,0.0,0.993,0.01,0.055,44,168,0.98,0.053,0.092,0.059,0.0,0.0,0.0,0.0,normal
4.828,tcp,http,SF,340,2519,0,0,0,0,0,1,0,0,0,0,0,0,0,0,0,0,2,3,0.002,0.004,0.0,0.0,0.893,0.124,0.055,249,109,0.839,0.075,0.054,0.08,0.0,0.0,0.0,0.0,normal
0.008,udp,dns,SF,65,140,0,0,0,0,0,0,0,0,0,0,0,0,0,0,0,0,5,3,0.004,0.0,0.0,0.0,0.971,0.033,0.01,222,85,0.939,0.088,0.094,0.025,0.0,0.0,0.0,0.0,normal
0.004,udp,dns,SF,50,94,0,0,0,0,0,0,0,0,0,0,0,0,0,0,0,0,3,6,0.0,0.001,0.0,0.0,0.917,0.106,0.088,52,212,0.959,0.136,0.099,0.026,0.0,0.0,0.0,0.0,normal
3.199,tcp,http,SF,217,474,0,0,0,0,0,1,0,0,0,0,0,0,0,0,0,0,1,2,0.009,0.0,0.0,0.0,0.965,0.046,0.013,57,242,0.976,0.092,0.106,0.071,0.0,0.0,0.0,0.0,normal
0.393,tcp,http,SF,260,364,0,0,0,0,0,1,0,0,0,0,0,0,0,0,0,0,4,4,0.0,0.0,0.0,0.0,0.854,0.048,0.067,116,70,0.938,0.148,0.015,0.072,0.0,0.0,0.0,0.0,normal
2.744,tcp,http,SF,498,3430,0,0,0,0,0,1,0,0,0,0,0,0,0,0,0,0,1,3,0.0,0.0,0.0,0.0,0.861,0.019,0.035,191,187,0.803,0.039,0.036,0.022,0.0,0.0,0.0,0.0,normal
8.514,tcp,http,SF,316,606,0,0,0,0,0,1,0,0,0,0,0,0,0,0,0,0,2,2,0.0,0.031,0.0,0.0,0.926,0.082,0.094,200,16,0.966,0.016,0.005,0.065,0.0,0.0,0.0,0.0,normal
0.188,tcp,http,SF,347,298,0,0,0,0,0,1,0,0,0,0,0,0,0,0,0,0,3,3,0.109,0.0,0.0,0.0,0.94,0.074,0.062,135,163,0.994,0.045,0.15,0.043,0.0,0.0,0.0,0.0,normal
0.091,udp,dns,SF,59,109,0,0,0,0,0,0,0,0,0,0,0,0,0,0,0,0,1,2,0.0,0.002,0.0,0.0,0.906,0.095,0.085,214,151,0.949,0.086,0.142,0.025,0.0,0.0,0.0,0.0,normal
1.265,tcp,http,SF,248,3505,0,0,0,0,0,1,0,0,0,0,0,0,0,0,0,0,5,2,0.0,0.016,0.0,0.0,0.973,0.121,0.014,158,18,0.808,0.055,0.047,0.074,0.0,0.0,0.0,0.0,normal
34.475,tcp,ssh,SF,2449,4748,0,0,0,0,0,1,0,0,0,0,0,0,0,0,0,0,2,1,0.082,0.0,0.0,0.0,0.948,0.084,0.077,148,63,0.993,0.152,0.067,0.071,0.0,0.0,0.0,0.0,normal
0.315,tcp,http,SF,544,779,0,0,0,0,0,1,0,0,0,0,0,0,0,0,0,0,4,3,0.0,0.0,0.0,0.0,0.968,0.126,0.054,181,17,0.808,0.012,0.125,0.049,0.0,0.0,0.0,0.0,normal
1.675,tcp,http,SF,493,3016,0,0,0,0,0,1,0,0,0,0,0,0,0,0,0,0,2,1,0.005,0.0,0.0,0.0,0.87,0.106,0.087,63,145,0.934,0.063,0.031,0.006,0.0,0.0,0.0,0.0,normal
0.938,tcp,http,SF,268,2181,0,0,0,0,0,1,0,0,0,0,0,0,0,0,0,0,3,3,0.0,0.0,0.0,0.0,0.945,0.033,0.042,43,192,0.887,0.016,0.045,0.018,0.0,0.0,0.0,0.0,normal
0.006,tcp,http,SF,289,12814,0,0,0,0,0,1,0,0,0,0,0,0,0,0,0,0,7,2,0.046,0.0,0.0,0.0,0.937,0.07,0.08,83,205,0.913,0.141,0.043,0.003,0.0,0.0,0.0,0.0,normal
3.54,tcp,http,SF,334,4980,0,0,0,0,0,1,0,0,0,0,0,0,0,0,0,0,5,1,0.0,0.027,0.0,0.0,0.926,0.019,0.062,169,71,0.824,0.17,0.005,0.071,0.0,0.0,0.0,0.0,normal
0.101,udp,dns,SF,57,179,0,0,0,0,0,0,0,0,0,0,0,0,0,0,0,0,5,7,0.0,0.0,0.0,0.0,0.992,0.031,0.097,86,158,0.841,0.078,0.084,0.003,0.0,0.0,0.0,0.0,normal
2.191,tcp,http,SF,383,1375,0,0,0,0,0,1,0,0,0,0,0,0,0,0,0,0,3,2,0.002,0.0,0.0,0.0,0.862,0.112,0.034,177,249,0.976,0.07,0.048,0.069,0.0,0.0,0.0,0.0,normal
0.54,tcp,http,SF,214,282,0,0,0,0,0,1,0,0,0,0,0,0,0,0,0,0,5,1,0.0,0.138,0.0,0.0,0.944,0.091,0.015,154,242,0.938,0.076,0.038,0.072,0.0,0.0,0.0,0.0,normal
0.035,udp,dns,SF,61,176,0,0,0,0,0,0,0,0,0,0,0,0,0,0,0,0,4,1,0.0,0.0,0.0,0.0,0.916,0.111,0.05,221,163,0.833,0.033,0.021,0.041,0.0,0.0,0.0,0.0,normal
3.292,tcp,http,SF,558,4393,0,0,0,0,0,1,0,0,0,0,0,0,0,0,0,0,5,2,0.0,0.0,0.0,0.0,0.998,0.135,0.072,24,37,0.914,0.1,0.139,0.021,0.0,0.0,0.0,0.0,normal
1.306,tcp,http,SF,336,2012,0,0,0,0,0,1,0,0,0,0,0,0,0,0,0,0,5,1,0.009,0.006,0.0,0.0,0.889,0.066,0.031,179,220,0.995,0.176,0.073,0.041,0.0,0.0,0.0,0.0,normal
8.281,tcp,http,SF,420,3424,0,0,0,0,0,1,0,0,0,0,0,0,0,0,0,0,3,3,0.009,0.086,0.0,0.0,0.936,0.148,0.007,104,109,0.894,0.028,0.048,0.091,0.0,0.0,0.0,0.0,normal
0.059,udp,dns,SF,52,153,0,0,0,0,0,0,0,0,0,0,0,0,0,0,0,0,3,1,0.028,0.003,0.0,0.0,0.877,0.084,0.051,161,80,0.886,0.108,0.033,0.062,0.0,0.0,0.0,0.0,normal
2.797,tcp,http,SF,387,226,0,0,0,0,0,1,0,0,0,0,0,0,0,0,0,0,2,1,0.0,0.002,0.0,0.0,0.88,0.118,0.084,216,222,0.906,0.077,0.031,0.016,0.0,0.0,0.0,0.0,normal
0.494,tcp,ssh,SF,1837,4289,0,0,0,0,0,1,0,0,0,0,0,0,0,0,0,0,4,1,0.0,0.0,0.0,0.0,0.901,0.07,0.02,102,195,0.866,0.05,0.073,0.0,0.0,0.0,0.0,0.0,normal
0.086,udp,dns,SF,42,115,0,0,0,0,0,0,0,0,0,0,0,0,0,0,0,0,3,1,0.0,0.0,0.0,0.0,0.958,0.117,0.072,48,128,0.831,0.083,0.008,0.062,0.0,0.0,0.0,0.0,normal
87.818,tcp,ssh,SF,1891,3474,0,0,0,0,0,1,0,0,0,0,0,0,0,0,0,0,2,4,0.0,0.001,0.0,0.0,0.901,0.128,0.046,22,213,0.838,0.077,0.054,0.013,0.0,0.0,0.0,0.0,normal
5.351,tcp,smtp,SF,573,1488,0,0,0,0,0,1,0,0,0,0,0,0,0,0,0,0,5,3,0.005,0.0,0.0,0.0,0.931,0.083,0.037,214,208,0.94,0.089,0.065,0.002,0.0,0.0,0.0,0.0,normal
0.516,tcp,http,SF,274,1136,0,0,0,0,0,1,0,0,0,0,0,0,0,0,0,0,3,5,0.0,0.0,0.0,0.0,0.906,0.086,0.05,107,134,0.879,0.165,0.131,0.071,0.0,0.0,0.0,0.0,normal
0.009,udp,dns,SF,72,169,0,0,0,0,0,0,0,0,0,0,0,0,0,0,0,0,2,2,0.0,0.0,0.0,0.0,0.975,0.137,0.027,47,138,0.924,0.135,0.105,0.004,0.0,0.0,0.0,0.0,normal
1.317,tcp,http,SF,508,2527,0,0,0,0,0,1,0,0,0,0,0,0,0,0,0,0,2,3,0.0,0.021,0.0,0.0,0.918,0.054,0.067,161,153,0.963,0.156,0.031,0.054,0.0,0.0,0.0,0.0,normal
0.052,udp,dns,SF,51,77,0,0,0,0,0,0,0,0,0,0,0,0,0,0,0,0,6,1,0.0,0.0,0.0,0.0,0.897,0.074,0.06,169,27,0.864,0.154,0.092,0.011,0.0,0.0,0.0,0.0,normal
7.114,tcp,smtp,SF,395,1344,0,0,0,0,0,1,0,0,0,0,0,0,0,0,0,0,6,4,0.001,0.0,0.0,0.0,0.956,0.031,0.052,173,79,0.838,0.094,0.014,0.047,0.0,0.0,0.0,0.0,normal
4.087,tcp,smtp,SF,554,1499,0,0,0,0,0,1,0,0,0,0,0,0,0,0,0,0,2,2,0.0,0.0,0.0,0.0,0.934,0.047,0.093,93,54,0.886,0.123,0.053,0.005,0.0,0.0,0.0,0.0,normal
0.04,udp,dns,SF,70,189,0,0,0,0,0,0,0,0,0,0,0,0,0,0,0,0,2,3,0.0,0.0,0.0,0.0,0.928,0.09,0.095,192,60,0.802,0.082,0.046,0.037,0.0,0.0,0.0,0.0,normal
5.617,tcp,http,SF,259,5643,0,0,0,0,0,1,0,0,0,0,0,0,0,0,0,0,2,2,0.015,0.0,0.0,0.0,0.873,0.102,0.05,184,163,0.937,0.057,0.05,0.062,0.0,0.0,0.0,0.0,normal
0.073,udp,dns,SF,80,159,0,0,0,0,0,0,0,0,0,0,0,0,0,0,0,0,4,3,0.004,0.0,0.0,0.0,0.943,0.039,0.093,244,98,0.881,0.107,0.072,0.043,0.0,0.0,0.0,0.0,normal
0.035,tcp,http,SF,291,1540,0,0,0,0,0,1,0,0,0,0,0,0,0,0,0,0,3,3,0.0,0.0,0.0,0.0,0.914,0.069,0.024,193,214,0.883,0.018,0.131,0.052,0.0,0.0,0.0,0.0,normal
0.001,udp,dns,SF,57,210,0,0,0,0,0,0,0,0,0,0,0,0,0,0,0,0,6,2,0.003,0.068,0.0,0.0,0.994,0.047,0.077,248,45,0.88,0.086,0.115,0.027,0.0,0.0,0.0,0.0,normal
0.09,tcp,smtp,SF,820,740,0,0,0,0,0,1,0,0,0,0,0,0,0,0,0,0,4,6,0.116,0.002,0.0,0.0,0.896,0.042,0.034,94,34,0.867,0.121,0.06,0.053,0.0,0.0,0.0,0.0,normal
3.117,tcp,http,SF,422,650,0,0,0,0,0,1,0,0,0,0,0,0,0,0,0,0,3,3,0.082,0.0,0.0,0.0,0.96,0.01,0.076,57,134,0.982,0.012,0.012,0.013,0.0,0.0,0.0,0.0,normal
1.023,tcp,http,SF,239,3167,0,0,0,0,0,1,0,0,0,0,0,0,0,0,0,0,1,1,0.0,0.01,0.0,0.0,0.948,0.02,0.092,187,204,0.943,0.036,0.112,0.079,0.0,0.0,0.0,0.0,normal
2.377,tcp,http,SF,240,14182,0,0,0,0,0,1,0,0,0,0,0,0,0,0,0,0,3,2,0.0,0.056,0.0,0.0,0.913,0.029,0.095,252,43,0.866,0.105,0.096,0.06,0.0,0.0,0.0,0.0,normal
0.697,tcp,http,SF,672,659,0,0,0,0,0,1,0,0,0,0,0,0,0,0,0,0,6,2,0.001,0.0,0.0,0.0,0.878,0.082,0.059,201,225,0.974,0.187,0.14,0.056,0.0,0.0,0.0,0.0,normal
5.712,tcp,http,SF,323,4559,0,0,0,0,0,1,0,0,0,0,0,0,0,0,0,0,2,3,0.0,0.0,0.0,0.0,0.874,0.054,0.02,103,174,0.98,0.06,0.068,0.002,0.0,0.0,0.0,0.0,normal
0.419,tcp,http,SF,372,2647,0,0,0,0,0,1,0,0,0,0,0,0,0,0,0,0,2,6,0.002,0.001,0.0,0.0,0.879,0.054,0.047,113,124,0.966,0.105,0.028,0.073,0.0,0.0,0.0,0.0,normal
1.385,tcp,http,SF,177,6853,0,0,0,0,0,1,0,0,0,0,0,0,0,0,0,0,4,6,0.004,0.002,0.0,0.0,0.992,0.117,0.064,187,248,0.847,0.157,0.054,0.078,0.0,0.0,0.0,0.0,normal
0.018,udp,dns,SF,84,109,0,0,0,0,0,0,0,0,0,0,0,0,0,0,0,0,7,3,0.0,0.002,0.0,0.0,0.882,0.137,0.075,12,59,0.922,0.115,0.123,0.049,0.0,0.0,0.0,0.0,normal
0.472,tcp,http,SF,541,1524,0,0,0,0,0,1,0,0,0,0,0,0,0,0,0,0,2,4,0.001,0.03,0.0,0.0,0.982,0.041,0.009,24,242,0.895,0.175,0.034,0.046,0.0,0.0,0.0,0.0,normal
22.936,tcp,ssh,SF,3179,7020,0,0,0,0,0,1,0,0,0,0,0,0,0,0,0,0,6,1,0.0,0.0,0.0,0.0,0.97,0.074,0.048,39,41,0.925,0.164,0.125,0.009,0.0,0.0,0.0,0.0,normal
0.425,tcp,http,SF,243,4832,0,0,0,0,0,1,0,0,0,0,0,0,0,0,0,0,4,1,0.0,0.111,0.0,0.0,0.956,0.093,0.057,246,88,0.888,0.143,0.067,0.041,0.0,0.0,0.0,0.0,normal
0.389,tcp,http,SF,504,1478,0,0,0,0,0,1,0,0,0,0,0,0,0,0,0,0,4,3,0.001,0.002,0.0,0.0,0.977,0.049,0.065,250,189,0.989,0.003,0.121,0.072,0.0,0.0,0.0,0.0,normal
0.031,udp,dns,SF,72,127,0,0,0,0,0,0,0,0,0,0,0,0,0,0,0,0,2,2,0.0,0.047,0.0,0.0,0.964,0.023,0.032,168,238,0.982,0.174,0.061,0.04,0.0,0.0,0.0,0.0,normal
0.088,udp,dns,SF,73,138,0,0,0,0,0,0,0,0,0,0,0,0,0,0,0,0,3,6,0.0,0.037,0.0,0.0,0.869,0.125,0.026,118,22,0.885,0.002,0.021,0.054,0.0,0.0,0.0,0.0,normal
1.803,tcp,http,SF,357,1555,0,0,0,0,0,1,0,0,0,0,0,0,0,0,0,0,3,3,0.0,0.0,0.0,0.0,0.906,0.09,0.066,20,92,0.835,0.194,0.058,0.002,0.0,0.0,0.0,0.0,normal
0.012,udp,dns,SF,110,147,0,0,0,0,0,0,0,0,0,0,0,0,0,0,0,0,5,1,0.0,0.0,0.0,0.0,0.922,0.137,0.019,35,241,0.871,0.0,0.065,0.099,0.0,0.0,0.0,0.0,normal
0.008,udp,dns,SF,64,212,0,0,0,0,0,0,0,0,0,0,0,0,0,0,0,0,3,5,0.024,0.0,0.0,0.0,0.905,0.047,0.095,250,170,0.925,0.027,0.148,0.016,0.0,0.0,0.0,0.0,normal
10.976,tcp,http,SF,364,1308,0,0,0,0,0,1,0,0,0,0,0,0,0,0,0,0,3,1,0.115,0.002,0.0,0.0,0.953,0.127,0.046,15,142,0.878,0.073,0.052,0.061,0.0,0.0,0.0,0.0,normal
0.118,tcp,http,SF,489,10070,0,0,0,0,0,1,0,0,0,0,0,0,0,0,0,0,5,4,0.0,0.007,0.0,0.0,0.899,0.053,0.029,137,117,0.96,0.086,0.077,0.003,0.0,0.0,0.0,0.0,normal
0.064,udp,dns,SF,67,94,0,0,0,0,0,0,0,0,0,0,0,0,0,0,0,0,8,3,0.0,0.0,0.0,0.0,0.854,0.119,0.063,52,102,0.996,0.042,0.061,0.038,0.0,0.0,0.0,0.0,normal
1.378,tcp,http,SF,546,766,0,0,0,0,0,1,0,0,0,0,0,0,0,0,0,0,4,1,0.011,0.027,0.0,0.0,0.914,0.087,0.046,159,105,0.833,0.017,0.059,0.052,0.0,0.0,0.0,0.0,normal
1.134,tcp,http,SF,426,4992,0,0,0,0,0,1,0,0,0,0,0,0,0,0,0,0,2,2,0.0,0.0,0.0,0.0,0.87,0.014,0.03,175,193,0.979,0.045,0.102,0.072,0.0,0.0,0.0,0.0,normal
0.037,udp,dns,SF,55,126,0,0,0,0,0,0,0,0,0,0,0,0,0,0,0,0,8,4,0.001,0.026,0.0,0.0,0.911,0.104,0.08,120,235,0.995,0.113,0.111,0.085,0.0,0.0,0.0,0.0,normal
0.923,tcp,http,SF,274,1206,0,0,0,0,0,1,0,0,0,0,0,0,0,0,0,0,2,7,0.0,0.001,0.0,0.0,0.923,0.056,0.058,113,225,0.877,0.101,0.086,0.043,0.0,0.0,0.0,0.0,normal
2.93,tcp,http,SF,305,6911,0,0,0,0,0,1,0,0,0,0,0,0,0,0,0,0,2,3,0.005,0.001,0.0,0.0,0.954,0.006,0.093,83,19,0.96,0.181,0.109,0.034,0.0,0.0,0.0,0.0,normal
29.57,tcp,ssh,SF,2505,5872,0,0,0,0,0,1,0,0,0,0,0,0,0,0,0,0,6,3,0.067,0.0,0.0,0.0,0.875,0.02,0.071,100,37,0.93,0.106,0.043,0.076,0.0,0.0,0.0,0.0,normal
56.527,tcp,ssh,SF,2578,3288,0,0,0,0,0,1,0,0,0,0,0,0,0,0,0,0,4,2,0.0,0.0,0.0,0.0,0.889,0.014,0.011,211,53,0.819,0.173,0.106,0.064,0.0,0.0,0.0,0.0,normal
5.012,tcp,http,SF,374,3872,0,0,0,0,0,1,0,0,0,0,0,0,0,0,0,0,3,5,0.007,0.0,0.0,0.0,0.859,0.008,0.091,161,175,0.93,0.187,0.113,0.038,0.0,0.0,0.0,0.0,normal
0.604,tcp,other,SF,205,224,0,0,0,0,0,0,0,0,0,0,0,0,0,0,0,0,2,2,0.0,0.0,0.0,0.0,0.989,0.134,0.087,222,189,0.97,0.055,0.102,0.049,0.0,0.0,0.0,0.0,normal
1.2,tcp,http,SF,253,4463,0,0,0,0,0,1,0,0,0,0,0,0,0,0,0,0,4,3,0.0,0.019,0.0,0.0,0.971,0.135,0.012,15,28,0.847,0.137,0.061,0.086,0.0,0.0,0.0,0.0,normal
0.129,udp,dns,SF,110,164,0,0,0,0,0,0,0,0,0,0,0,0,0,0,0,0,4,3,0.0,0.0,0.0,0.0,0.996,0.025,0.065,136,126,0.899,0.139,0.112,0.048,0.0,0.0,0.0,0.0,normal
2.803,tcp,smtp,SF,902,1466,0,0,0,0,0,1,0,0,0,0,0,0,0,0,0,0,5,2,0.001,0.067,0.0,0.0,0.888,0.023,0.097,121,122,0.845,0.047,0.111,0.085,0.0,0.0,0.0,0.0,normal
0.911,tcp,http,SF,303,18107,0,0,0,0,0,1,0,0,0,0,0,0,0,0,0,0,4,7,0.091,0.076,0.0,0.0,0.897,0.057,0.061,13,109,0.954,0.166,0.081,0.002,0.0,0.0,0.0,0.0,normal
6.689,tcp,http,SF,601,3377,0,0,0,0,0,1,0,0,0,0,0,0,0,0,0,0,4,5,0.078,0.001,0.0,0.0,0.922,0.037,0.063,56,231,0.883,0.051,0.086,0.041,0.0,0.0,0.0,0.0,normal
3.646,tcp,http,SF,228,5875,0,0,0,0,0,1,0,0,0,0,0,0,0,0,0,0,5,4,0.0,0.002,0.0,0.0,0.964,0.092,0.075,136,22,0.931,0.084,0.023,0.096,0.0,0.0,0.0,0.0,normal
0.994,tcp,http,SF,281,3969,0,0,0,0,0,1,0,0,0,0,0,0,0,0,0,0,4,4,0.0,0.004,0.0,0.0,0.876,0.059,0.086,243,213,0.917,0.041,0.12,0.026,0.0,0.0,0.0,0.0,normal
5.049,tcp,http,SF,382,1089,0,0,0,0,0,1,0,0,0,0,0,0,0,0,0,0,6,4,0.0,0.0,0.0,0.0,0.919,0.14,0.072,163,231,0.9,0.127,0.046,0.03,0.0,0.0,0.0,0.0,normal
0.003,udp,dns,SF,79,179,0,0,0,0,0,0,0,0,0,0,0,0,0,0,0,0,1,4,0.0,0.0,0.0,0.0,0.877,0.115,0.056,86,99,0.876,0.003,0.114,0.065,0.0,0.0,0.0,0.0,normal
0.152,tcp,http,SF,394,3819,0,0,0,0,0,1,0,0,0,0,0,0,0,0,0,0,4,3,0.003,0.001,0.0,0.0,0.938,0.027,0.076,32,104,0.976,0.091,0.116,0.057,0.0,0.0,0.0,0.0,normal
1.1,tcp,http,SF,376,4869,0,0,0,0,0,1,0,0,0,0,0,0,0,0,0,0,7,3,0.001,0.0,0.0,0.0,0.973,0.103,0.075,24,79,0.821,0.173,0.097,0.081,0.0,0.0,0.0,0.0,normal
61.394,tcp,ssh,SF,2036,4253,0,0,0,0,0,1,0,0,0,0,0,0,0,0,0,0,6,4,0.001,0.006,0.0,0.0,0.976,0.089,0.026,254,86,0.859,0.077,0.072,0.002,0.0,0.0,0.0,0.0,normal
1.243,tcp,http,SF,191,5629,0,0,0,0,0,1,0,0,0,0,0,0,0,0,0,0,7,5,0.0,0.003,0.0,0.0,0.973,0.003,0.058,55,81,0.83,0.053,0.067,0.059,0.0,0.0,0.0,0.0,normal
0.845,tcp,http,SF,268,1336,0,0,0,0,0,1,0,0,0,0,0,0,0,0,0,0,1,2,0.075,0.0,0.0,0.0,0.865,0.06,0.056,82,241,0.801,0.164,0.089,0.028,0.0,0.0,0.0,0.0,normal
1.754,tcp,http,SF,369,3472,0,0,0,0,0,1,0,0,0,0,0,0,0,0,0,0,6,2,0.0,0.0,0.0,0.0,0.907,0.0,0.074,204,106,0.927,0.028,0.119,0.029,0.0,0.0,0.0,0.0,normal
0.929,tcp,http,SF,580,2632,0,0,0,0,0,1,0,0,0,0,0,0,0,0,0,0,3,4,0.0,0.011,0.0,0.0,0.884,0.027,0.04,159,132,0.887,0.159,0.129,0.036,0.0,0.0,0.0,0.0,normal
0.718,tcp,http,SF,305,316,0,0,0,0,0,1,0,0,0,0,0,0,0,0,0,0,2,4,0.062,0.0,0.0,0.0,0.86,0.12,0.071,176,181,0.811,0.176,0.116,0.004,0.0,0.0,0.0,0.0,normal
10.817,tcp,smtp,SF,639,1472,0,0,0,0,0,1,0,0,0,0,0,0,0,0,0,0,3,4,0.0,0.005,0.0,0.0,0.891,0.005,0.03,161,219,0.977,0.091,0.029,0.049,0.0,0.0,0.0,0.0,normal
1.752,tcp,http,SF,348,4616,0,0,0,0,0,1,0,0,0,0,0,0,0,0,0,0,2,2,0.0,0.0,0.0,0.0,0.951,0.09,0.058,238,67,0.865,0.031,0.148,0.099,0.0,0.0,0.0,0.0,normal
1.166,tcp,other,SF,325,107,0,0,0,0,0,0,0,0,0,0,0,0,0,0,0,0,4,4,0.001,0.0,0.0,0.0,0.892,0.016,0.027,43,240,0.986,0.037,0.016,0.008,0.0,0.0,0.0,0.0,normal
0.758,tcp,smtp,SF,731,1038,0,0,0,0,0,1,0,0,0,0,0,0,0,0,0,0,3,2,0.0,0.0,0.0,0.0,0.864,0.098,0.02,43,64,0.887,0.075,0.07,0.075,0.0,0.0,0.0,0.0,normal
8.312,tcp,http,SF,216,2229,0,0,0,0,0,1,0,0,0,0,0,0,0,0,0,0,3,5,0.0,0.0,0.0,0.0,0.925,0.025,0.091,192,237,0.927,0.195,0.071,0.09,0.0,0.0,0.0,0.0,normal
0.734,tcp,smtp,SF,936,1155,0,0,0,0,0,1,0,0,0,0,0,0,0,0,0,0,2,1,0.01,0.0,0.0,0.0,0.927,0.024,0.099,214,66,0.969,0.189,0.044,0.016,0.0,0.0,0.0,0.0,normal
0.073,udp,dns,SF,67,123,0,0,0,0,0,0,0,0,0,0,0,0,0,0,0,0,5,4,0.005,0.0,0.0,0.0,0.903,0.018,0.049,172,80,0.926,0.147,0.13,0.094,0.0,0.0,0.0,0.0,normal
3.396,tcp,http,SF,274,1235,0,0,0,0,0,1,0,0,0,0,0,0,0,0,0,0,9,1,0.0,0.0,0.0,0.0,0.892,0.123,0.046,157,21,0.914,0.001,0.088,0.027,0.0,0.0,0.0,0.0,normal
0.253,tcp,http,SF,241,2556,0,0,0,0,0,1,0,0,0,0,0,0,0,0,0,0,3,2,0.0,0.0,0.0,0.0,0.932,0.104,0.075,153,161,0.986,0.021,0.011,0.017,0.0,0.0,0.0,0.0,normal
1.357,tcp,http,SF,557,10344,0,0,0,0,0,1,0,0,0,0,0,0,0,0,0,0,3,3,0.003,0.001,0.0,0.0,0.959,0.098,0.023,187,91,0.92,0.148,0.123,0.098,0.0,0.0,0.0,0.0,normal
31.508,tcp,ssh,SF,2625,3317,0,0,0,0,0,1,0,0,0,0,0,0,0,0,0,0,2,4,0.007,0.0,0.0,0.0,0.99,0.112,0.089,78,77,0.929,0.12,0.143,0.001,0.0,0.0,0.0,0.0,normal
4.509,tcp,http,SF,527,11807,0,0,0,0,0,1,0,0,0,0,0,0,0,0,0,0,4,1,0.014,0.003,0.0,0.0,0.868,0.001,0.086,15,125,0.854,0.143,0.142,0.036,0.0,0.0,0.0,0.0,normal
3.568,tcp,http,SF,204,28,0,0,0,0,0,1,0,0,0,0,0,0,0,0,0,0,3,7,0.029,0.0,0.0,0.0,0.991,0.135,0.0,110,120,0.86,0.049,0.041,0.043,0.0,0.0,0.0,0.0,normal
2.333,tcp,http,SF,240,1810,0,0,0,0,0,1,0,0,0,0,0,0,0,0,0,0,1,2,0.054,0.0,0.0,0.0,0.872,0.107,0.095,197,161,0.82,0.179,0.045,0.09,0.0,0.0,0.0,0.0,normal
1.965,tcp,http,SF,215,665,0,0,0,0,0,1,0,0,0,0,0,0,0,0,0,0,1,4,0.0,0.029,0.0,0.0,0.877,0.01,0.091,173,233,0.803,0.162,0.044,0.01,0.0,0.0,0.0,0.0,normal
0.343,tcp,http,SF,379,2616,0,0,0,0,0,1,0,0,0,0,0,0,0,0,0,0,2,1,0.0,0.023,0.0,0.0,0.961,0.062,0.014,223,253,0.961,0.182,0.119,0.007,0.0,0.0,0.0,0.0,normal
2.435,tcp,http,SF,449,815,0,0,0,0,0,1,0,0,0,0,0,0,0,0,0,0,5,1,0.077,0.0,0.0,0.0,0.986,0.08,0.037,115,84,0.889,0.083,0.108,0.078,0.0,0.0,0.0,0.0,normal
0.347,tcp,http,SF,330,1083,0,0,0,0,0,1,0,0,0,0,0,0,0,0,0,0,6,3,0.0,0.09,0.0,0.0,0.855,0.039,0.005,237,67,0.956,0.158,0.008,0.061,0.0,0.0,0.0,0.0,normal
0.246,tcp,smtp,SF,643,1280,0,0,0,0,0,1,0,0,0,0,0,0,0,0,0,0,4,3,0.014,0.0,0.0,0.0,0.891,0.082,0.004,208,217,0.923,0.077,0.01,0.081,0.0,0.0,0.0,0.0,normal
0.922,tcp,http,SF,264,884,0,0,0,0,0,1,0,0,0,0,0,0,0,0,0,0,6,4,0.0,0.0,0.0,0.0,0.878,0.009,0.02,145,94,0.843,0.064,0.083,0.014,0.0,0.0,0.0,0.0,normal
1.38,tcp,http,SF,258,5443,0,0,0,1,0,1,0,0,0,0,0,0,0,0,0,0,3,5,0.0,0.028,0.0,0.0,0.893,0.01,0.011,115,63,0.811,0.079,0.01,0.063,0.0,0.0,0.0,0.0,normal
7.9,tcp,ssh,SF,1741,2520,0,0,0,0,0,1,0,0,0,0,0,0,0,0,0,0,3,1,0.0,0.0,0.0,0.0,0.91,0.08,0.05,244,143,0.84,0.025,0.073,0.026,0.0,0.0,0.0,0.0,normal
0.183,udp,dns,SF,67,145,0,0,0,0,0,0,0,0,0,0,0,0,0,0,0,0,5,1,0.036,0.0,0.0,0.0,0.881,0.09,0.075,77,166,0.99,0.035,0.091,0.07,0.0,0.0,0.0,0.0,normal
0.065,udp,dns,SF,62,179,0,0,0,0,0,0,0,0,0,0,0,0,0,0,0,0,5,7,0.0,0.0,0.0,0.0,0.867,0.022,0.031,88,61,0.873,0.113,0.028,0.027,0.0,0.0,0.0,0.0,normal
0.08,udp,dns,SF,64,170,0,0,0,0,0,0,0,0,0,0,0,0,0,0,0,0,3,5,0.0,0.0,0.0,0.0,0.975,0.117,0.095,122,209,0.914,0.141,0.134,0.016,0.0,0.0,0.0,0.0,normal
2.965,tcp,http,SF,287,5693,0,0,0,0,0,1,0,0,0,0,0,0,0,0,0,0,6,3,0.0,0.0,0.0,0.0,0.962,0.103,0.017,81,164,0.976,0.079,0.119,0.001,0.0,0.0,0.0,0.0,normal
0.399,tcp,smtp,SF,538,1264,0,0,0,0,0,1,0,0,0,0,0,0,0,0,0,0,2,3,0.001,0.0,0.0,0.0,0.862,0.006,0.002,115,169,0.954,0.081,0.074,0.093,0.0,0.0,0.0,0.0,normal
0.119,udp,dns,SF,55,122,0,0,0,0,0,0,0,0,0,0,0,0,0,0,0,0,5,3,0.009,0.0,0.0,0.0,0.98,0.05,0.085,209,70,0.979,0.08,0.027,0.086,0.0,0.0,0.0,0.0,normal
1.429,tcp,http,SF,455,2137,0,0,0,0,0,1,0,0,0,0,0,0,0,0,0,0,3,5,0.0,0.0,0.0,0.0,0.96,0.03,0.079,237,25,0.952,0.007,0.144,0.055,0.0,0.0,0.0,0.0,normal
10.093,tcp,ssh,SF,2451,3813,0,0,0,0,0,1,0,0,0,0,0,0,0,0,0,0,4,5,0.0,0.0,0.0,0.0,0.876,0.077,0.074,55,158,0.833,0.171,0.06,0.092,0.0,0.0,0.0,0.0,normal
8.955,tcp,http,SF,339,1593,0,0,0,0,0,1,0,0,0,0,0,0,0,0,0,0,8,3,0.002,0.0,0.0,0.0,0.86,0.033,0.083,207,184,0.825,0.058,0.003,0.036,0.0,0.0,0.0,0.0,normal
1.649,tcp,http,SF,337,414,0,0,0,0,0,1,0,0,0,0,0,0,0,0,0,0,7,3,0.07,0.0,0.0,0.0,0.936,0.131,0.045,15,59,0.873,0.002,0.089,0.0,0.0,0.0,0.0,0.0,normal
0.071,udp,dns,SF,63,185,0,0,0,0,0,0,0,0,0,0,0,0,0,0,0,0,3,4,0.0,0.0,0.0,0.0,0.882,0.114,0.071,159,75,0.812,0.138,0.098,0.086,0.0,0.0,0.0,0.0,normal
1.519,tcp,http,SF,450,2059,0,0,0,0,0,1,0,0,0,0,0,0,0,0,0,0,2,1,0.0,0.0,0.0,0.0,0.942,0.111,0.059,69,174,0.805,0.048,0.046,0.07,0.0,0.0,0.0,0.0,normal
2.116,tcp,http,SF,648,3353,0,0,0,0,0,1,0,0,0,0,0,0,0,0,0,0,7,2,0.009,0.0,0.0,0.0,0.938,0.039,0.076,198,216,0.915,0.131,0.147,0.082,0.0,0.0,0.0,0.0,normal
0.104,tcp,http,SF,271,4254,0,0,0,0,0,1,0,0,0,0,0,0,0,0,0,0,5,3,0.008,0.0,0.0,0.0,0.913,0.044,0.047,110,58,0.982,0.07,0.118,0.019,0.0,0.0,0.0,0.0,normal
0.032,udp,dns,SF,100,158,0,0,0,0,0,0,0,0,0,0,0,0,0,0,0,0,5,1,0.0,0.043,0.0,0.0,0.986,0.134,0.045,144,86,0.902,0.124,0.049,0.042,0.0,0.0,0.0,0.0,normal
3.326,tcp,http,SF,239,2520,0,0,0,0,0,1,0,0,0,0,0,0,0,0,0,0,3,2,0.005,0.002,0.0,0.0,0.929,0.105,0.026,99,218,0.895,0.006,0.143,0.011,0.0,0.0,0.0,0.0,normal
11.036,tcp,smtp,SF,762,1344,0,0,0,0,0,1,0,0,0,0,0,0,0,0,0,0,5,6,0.0,0.0,0.0,0.0,0.979,0.052,0.061,232,147,0.999,0.167,0.125,0.03,0.0,0.0,0.0,0.0,normal
1.205,tcp,http,SF,311,2557,0,0,0,0,0,1,0,0,0,0,0,0,0,0,0,0,4,6,0.0,0.0,0.0,0.0,0.966,0.052,0.043,154,166,0.834,0.115,0.084,0.016,0.0,0.0,0.0,0.0,normal
1.685,tcp,smtp,SF,1003,1077,0,0,0,0,0,1,0,0,0,0,0,0,0,0,0,0,6,1,0.0,0.001,0.0,0.0,0.902,0.074,0.021,218,183,0.922,0.061,0.089,0.001,0.0,0.0,0.0,0.0,normal
6.597,tcp,smtp,SF,653,1159,0,0,0,0,0,1,0,0,0,0,0,0,0,0,0,0,2,4,0.0,0.0,0.0,0.0,0.941,0.026,0.012,30,166,0.937,0.132,0.061,0.005,0.0,0.0,0.0,0.0,normal
0.932,tcp,http,SF,257,6676,0,0,0,0,0,1,0,0,0,0,0,0,0,0,0,0,4,5,0.0,0.044,0.0,0.0,0.929,0.015,0.039,179,83,0.862,0.154,0.091,0.091,0.0,0.0,0.0,0.0,normal
0.031,udp,dns,SF,48,121,0,0,0,0,0,0,0,0,0,0,0,0,0,0,0,0,3,3,0.071,0.003,0.0,0.0,0.853,0.008,0.021,37,107,0.832,0.085,0.02,0.075,0.0,0.0,0.0,0.0,normal
0.001,udp,dns,SF,64,132,0,0,0,0,0,0,0,0,0,0,0,0,0,0,0,0,6,4,0.001,0.008,0.0,0.0,0.915,0.086,0.093,194,97,0.83,0.088,0.07,0.069,0.0,0.0,0.0,0.0,normal
2.141,tcp,http,SF,260,5436,0,0,0,0,0,1,0,0,0,0,0,0,0,0,0,0,5,3,0.0,0.0,0.0,0.0,0.957,0.021,0.04,46,126,0.904,0.083,0.014,0.024,0.0,0.0,0.0,0.0,normal
0.077,udp,dns,SF,44,148,0,0,0,0,0,0,0,0,0,0,0,0,0,0,0,0,1,4,0.092,0.0,0.0,0.0,0.856,0.119,0.02,52,12,0.897,0.0,0.056,0.049,0.0,0.0,0.0,0.0,normal
4.099,tcp,http,SF,213,326,0,0,0,0,0,1,0,0,0,0,0,0,0,0,0,0,6,1,0.0,0.0,0.0,0.0,0.976,0.123,0.096,125,140,0.827,0.187,0.089,0.043,0.0,0.0,0.0,0.0,normal
1.569,tcp,http,SF,484,4931,0,0,0,0,0,1,0,0,0,0,0,0,0,0,0,0,4,2,0.034,0.0,0.0,0.0,0.956,0.002,0.021,34,222,0.998,0.021,0.087,0.066,0.0,0.0,0.0,0.0,normal
0.067,tcp,http,SF,230,10481,0,0,0,0,0,1,0,0,0,0,0,0,0,0,0,0,5,5,0.0,0.059,0.0,0.0,0.887,0.084,0.02,166,18,0.807,0.197,0.096,0.069,0.0,0.0,0.0,0.0,normal
5.631,tcp,http,SF,345,1379,0,0,0,0,0,1,0,0,0,0,0,0,0,0,0,0,2,1,0.0,0.02,0.0,0.0,0.867,0.082,0.001,100,70,0.862,0.1,0.146,0.067,0.0,0.0,0.0,0.0,normal
0.275,tcp,http,SF,566,19085,0,0,0,0,0,1,0,0,0,0,0,0,0,0,0,0,5,1,0.0,0.0,0.0,0.0,0.876,0.08,0.033,163,48,0.988,0.003,0.124,0.08,0.0,0.0,0.0,0.0,normal
4.787,tcp,http,SF,359,17467,0,0,0,0,0,1,0,0,0,0,0,0,0,0,0,0,3,1,0.0,0.0,0.0,0.0,0.933,0.045,0.037,93,251,0.811,0.096,0.132,0.033,0.0,0.0,0.0,0.0,normal
0.343,tcp,http,SF,214,407,0,0,0,0,0,1,0,0,0,0,0,0,0,0,0,0,3,4,0.052,0.0,0.0,0.0,0.961,0.059,0.052,161,230,0.838,0.121,0.028,0.054,0.0,0.0,0.0,0.0,normal
0.937,tcp,http,SF,314,129,0,0,0,0,0,1,0,0,0,0,0,0,0,0,0,0,3,2,0.0,0.0,0.0,0.0,0.977,0.136,0.072,245,130,0.991,0.085,0.087,0.022,0.0,0.0,0.0,0.0,normal
0.055,udp,dns,SF,98,111,0,0,0,0,0,0,0,0,0,0,0,0,0,0,0,0,4,3,0.004,0.0,0.0,0.0,0.882,0.1,0.018,122,96,0.88,0.015,0.125,0.008,0.0,0.0,0.0,0.0,normal
0.548,tcp,http,SF,473,7017,0,0,0,0,0,1,0,0,0,0,0,0,0,0,0,0,3,3,0.0,0.145,0.0,0.0,0.941,0.1,0.02,160,203,0.911,0.025,0.101,0.002,0.0,0.0,0.0,0.0,normal
0.043,tcp,http,SF,175,4305,0,0,0,0,0,1,0,0,0,0,0,0,0,0,0,0,3,1,0.0,0.0,0.0,0.0,0.994,0.104,0.059,77,97,0.891,0.022,0.097,0.03,0.0,0.0,0.0,0.0,normal
1.334,tcp,http,SF,323,391,0,0,0,0,0,1,0,0,0,0,0,0,0,0,0,0,1,7,0.0,0.0,0.0,0.0,0.867,0.106,0.085,190,241,0.887,0.011,0.093,0.03,0.0,0.0,0.0,0.0,normal
0.76,tcp,http,SF,321,5776,0,0,0,0,0,1,0,0,0,0,0,0,0,0,0,0,8,2,0.0,0.0,0.0,0.0,0.947,0.082,0.057,13,62,0.843,0.084,0.043,0.039,0.0,0.0,0.0,0.0,normal
2.133,tcp,http,SF,429,1119,0,0,0,0,0,1,0,0,0,0,0,0,0,0,0,0,3,3,0.0,0.015,0.0,0.0,0.949,0.091,0.069,225,76,0.876,0.061,0.142,0.098,0.0,0.0,0.0,0.0,normal
0.099,tcp,http,SF,292,1702,0,0,0,0,0,1,0,0,0,0,0,0,0,0,0,0,3,4,0.0,0.011,0.0,0.0,0.896,0.052,0.071,124,72,0.815,0.029,0.082,0.056,0.0,0.0,0.0,0.0,normal
5.248,tcp,http,SF,439,2939,0,0,0,0,0,1,0,0,0,0,0,0,0,0,0,0,4,3,0.002,0.0,0.0,0.0,0.945,0.009,0.09,177,102,0.889,0.116,0.089,0.089,0.0,0.0,0.0,0.0,normal
3.85,tcp,http,SF,412,1996,0,0,0,0,0,1,0,0,0,0,0,0,0,0,0,0,3,3,0.0,0.048,0.0,0.0,0.854,0.086,0.057,95,15,0.86,0.166,0.141,0.024,0.0,0.0,0.0,0.0,normal
4.375,tcp,http,SF,381,6232,0,0,0,0,0,1,0,0,0,0,0,0,0,0,0,0,3,1,0.0,0.0,0.0,0.0,0.896,0.1,0.001,217,210,0.995,0.097,0.019,0.027,0.0,0.0,0.0,0.0,normal
0.147,tcp,http,SF,403,1189,0,0,0,0,0,1,0,0,0,0,0,0,0,0,0,0,4,1,0.114,0.0,0.0,0.0,0.874,0.067,0.048,88,60,0.808,0.086,0.05,0.061,0.0,0.0,0.0,0.0,normal
2.505,tcp,http,SF,340,2757,0,0,0,0,0,1,0,0,0,0,0,0,0,0,0,0,5,5,0.0,0.0,0.0,0.0,0.91,0.055,0.006,75,94,0.818,0.016,0.096,0.08,0.0,0.0,0.0,0.0,normal
0.164,tcp,http,SF,258,4793,0,0,0,0,0,1,0,0,0,0,0,0,0,0,0,0,6,3,0.0,0.0,0.0,0.0,0.946,0.082,0.007,69,179,0.936,0.181,0.082,0.08,0.0,0.0,0.0,0.0,normal
4.116,tcp,http,SF,382,1137,0,0,0,0,0,1,0,0,0,0,0,0,0,0,0,0,7,7,0.01,0.0,0.0,0.0,0.922,0.114,0.047,196,31,0.884,0.102,0.065,0.071,0.0,0.0,0.0,0.0,normal
0.002,tcp,http,SF,530,3468,0,0,0,0,0,1,0,0,0,0,0,0,0,0,0,0,8,3,0.0,0.0,0.0,0.0,0.888,0.032,0.013,172,151,0.927,0.149,0.018,0.004,0.0,0.0,0.0,0.0,normal
0.014,udp,dns,SF,94,141,0,0,0,0,0,0,0,0,0,0,0,0,0,0,0,0,2,4,0.0,0.002,0.0,0.0,0.862,0.011,0.032,171,252,0.918,0.159,0.081,0.029,0.0,0.0,0.0,0.0,normal
2.27,tcp,http,SF,414,77,0,0,0,0,0,1,0,0,0,0,0,0,0,0,0,0,3,2,0.046,0.0,0.0,0.0,0.952,0.148,0.085,182,194,0.829,0.011,0.083,0.054,0.0,0.0,0.0,0.0,normal
2.298,tcp,http,SF,301,2865,0,0,0,0,0,1,0,0,0,0,0,0,0,0,0,0,2,3,0.037,0.0,0.0,0.0,0.897,0.029,0.025,150,179,0.911,0.146,0.06,0.022,0.0,0.0,0.0,0.0,normal
0.201,tcp,http,SF,325,10537,0,0,0,0,0,1,0,0,0,0,0,0,0,0,0,0,7,1,0.0,0.0,0.0,0.0,0.915,0.124,0.083,29,55,0.854,0.089,0.133,0.023,0.0,0.0,0.0,0.0,normal
0.88,tcp,http,SF,248,4046,0,0,0,0,0,1,0,0,0,0,0,0,0,0,0,0,3,5,0.003,0.0,0.0,0.0,0.98,0.059,0.034,106,52,0.97,0.007,0.062,0.053,0.0,0.0,0.0,0.0,normal
0.032,udp,dns,SF,80,130,0,0,0,0,0,0,0,0,0,0,0,0,0,0,0,0,4,1,0.0,0.0,0.0,0.0,0.944,0.012,0.009,177,192,0.921,0.184,0.013,0.07,0.0,0.0,0.0,0.0,normal
0.411,tcp,http,SF,366,1949,0,0,0,0,0,1,0,0,0,0,0,0,0,0,0,0,4,1,0.0,0.0,0.0,0.0,0.996,0.083,0.019,147,130,0.978,0.1,0.052,0.027,0.0,0.0,0.0,0.0,normal
0.001,udp,dns,SF,82,122,0,0,0,0,0,0,0,0,0,0,0,0,0,0,0,0,1,4,0.003,0.048,0.0,0.0,0.999,0.119,0.056,166,163,0.844,0.144,0.13,0.001,0.0,0.0,0.0,0.0,normal
0.023,udp,dns,SF,88,105,0,0,0,0,0,0,0,0,0,0,0,0,0,0,0,0,2,1,0.0,0.0,0.0,0.0,0.951,0.129,0.039,198,225,0.866,0.177,0.055,0.044,0.0,0.0,0.0,0.0,normal
0.393,tcp,http,SF,311,6882,0,0,0,0,0,1,0,0,0,0,0,0,0,0,0,0,6,3,0.0,0.0,0.0,0.0,0.862,0.033,0.059,48,51,0.851,0.135,0.072,0.032,0.0,0.0,0.0,0.0,normal
0.364,tcp,http,SF,449,3310,0,0,0,0,0,1,0,0,0,0,0,0,0,0,0,0,2,6,0.016,0.0,0.0,0.0,0.883,0.03,0.085,101,237,0.945,0.035,0.013,0.084,0.0,0.0,0.0,0.0,normal
0.017,udp,dns,SF,69,145,0,0,0,0,0,0,0,0,0,0,0,0,0,0,0,0,4,1,0.019,0.014,0.0,0.0,0.989,0.054,0.092,134,196,0.936,0.041,0.101,0.019,0.0,0.0,0.0,0.0,normal
0.837,tcp,http,SF,446,66,0,0,0,0,0,1,0,0,0,0,0,0,0,0,0,0,3,2,0.0,0.0,0.0,0.0,0.981,0.073,0.078,176,42,0.886,0.09,0.02,0.051,0.0,0.0,0.0,0.0,normal
153.131,tcp,ssh,SF,1929,2351,0,0,0,0,0,1,0,0,0,0,0,0,0,0,0,0,2,2,0.0,0.0,0.0,0.0,0.979,0.07,0.018,221,226,0.934,0.003,0.116,0.015,0.0,0.0,0.0,0.0,normal
3.572,tcp,http,SF,442,8401,0,0,0,1,0,1,0,0,0,0,0,0,0,0,0,0,4,3,0.0,0.0,0.0,0.0,0.873,0.011,0.068,200,64,0.861,0.087,0.085,0.025,0.0,0.0,0.0,0.0,normal
0.004,udp,dns,SF,113,87,0,0,0,0,0,0,0,0,0,0,0,0,0,0,0,0,4,3,0.0,0.024,0.0,0.0,0.879,0.012,0.059,221,253,0.889,0.19,0.123,0.069,0.0,0.0,0.0,0.0,normal
5.799,tcp,http,SF,590,210,0,0,0,0,0,1,0,0,0,0,0,0,0,0,0,0,4,4,0.0,0.001,0.0,0.0,0.881,0.05,0.098,233,173,0.97,0.059,0.119,0.075,0.0,0.0,0.0,0.0,normal
0.306,tcp,http,SF,355,701,0,0,0,0,0,1,0,0,0,0,0,0,0,0,0,0,6,2,0.058,0.0,0.0,0.0,0.964,0.037,0.009,84,134,0.993,0.029,0.097,0.041,0.0,0.0,0.0,0.0,normal
0.247,tcp,http,SF,266,3391,0,0,0,0,0,1,0,0,0,0,0,0,0,0,0,0,6,6,0.0,0.0,0.0,0.0,0.982,0.023,0.067,192,50,0.893,0.077,0.061,0.041,0.0,0.0,0.0,0.0,normal
0.353,tcp,http,SF,344,4019,0,0,0,0,0,1,0,0,0,0,0,0,0,0,0,0,3,2,0.0,0.0,0.0,0.0,0.903,0.027,0.039,77,105,0.872,0.035,0.043,0.099,0.0,0.0,0.0,0.0,normal
1.663,tcp,http,SF,250,2919,0,0,0,0,0,1,0,0,0,0,0,0,0,0,0,0,5,3,0.0,0.246,0.0,0.0,0.87,0.123,0.085,225,29,0.916,0.151,0.064,0.024,0.0,0.0,0.0,0.0,normal
1.194,tcp,http,SF,295,1971,0,0,0,0,0,1,0,0,0,0,0,0,0,0,0,0,6,4,0.001,0.001,0.0,0.0,0.932,0.089,0.066,128,208,0.818,0.145,0.117,0.043,0.0,0.0,0.0,0.0,normal
0.651,tcp,other,REJ,253,182,0,0,0,0,0,0,0,0,0,0,0,0,0,0,0,0,5,2,0.051,0.0,0.0,0.0,0.998,0.126,0.004,207,13,0.923,0.098,0.098,0.027,0.0,0.0,0.0,0.0,normal
0.057,udp,dns,SF,50,153,0,0,0,0,0,0,0,0,0,0,0,0,0,0,0,0,3,5,0.0,0.0,0.0,0.0,0.897,0.094,0.017,219,68,0.906,0.164,0.096,0.076,0.0,0.0,0.0,0.0,normal
2.467,tcp,http,SF,357,8198,0,0,0,0,0,1,0,0,0,0,0,0,0,0,0,0,5,1,0.0,0.0,0.0,0.0,0.851,0.079,0.044,59,145,0.928,0.037,0.0,0.063,0.0,0.0,0.0,0.0,normal
17.388,tcp,ssh,SF,2235,3227,0,0,0,0,0,1,0,0,0,0,0,0,0,0,0,0,3,3,0.0,0.001,0.0,0.0,0.869,0.043,0.098,218,130,0.944,0.121,0.03,0.031,0.0,0.0,0.0,0.0,normal
7.681,tcp,http,SF,323,1197,0,0,0,0,0,1,0,0,0,0,0,0,0,0,0,0,2,6,0.0,0.0,0.0,0.0,0.98,0.01,0.087,107,240,0.955,0.099,0.069,0.076,0.0,0.0,0.0,0.0,normal
0.069,udp,dns,SF,69,152,0,0,0,0,0,0,0,0,0,0,0,0,0,0,0,0,10,2,0.0,0.0,0.0,0.0,0.876,0.067,0.037,42,130,0.97,0.088,0.085,0.079,0.0,0.0,0.0,0.0,normal
1.496,tcp,http,SF,361,8827,0,0,0,0,0,1,0,0,0,0,0,0,0,0,0,0,5,3,0.0,0.009,0.0,0.0,0.878,0.091,0.012,183,134,0.907,0.035,0.127,0.029,0.0,0.0,0.0,0.0,normal
0.001,udp,dns,SF,48,134,0,0,0,0,0,0,0,0,0,0,0,0,0,0,0,0,5,4,0.0,0.0,0.0,0.0,0.881,0.088,0.055,189,108,0.847,0.108,0.061,0.088,0.0,0.0,0.0,0.0,normal
1.531,tcp,http,SF,264,9048,0,0,0,0,0,1,0,0,0,0,0,0,0,0,0,0,6,5,0.0,0.0,0.0,0.0,0.965,0.133,0.03,39,120,0.842,0.167,0.106,0.009,0.0,0.0,0.0,0.0,normal
0.037,udp,dns,SF,94,132,0,0,0,0,0,0,0,0,0,0,0,0,0,0,0,0,1,1,0.0,0.0,0.0,0.0,0.86,0.129,0.08,221,233,0.924,0.071,0.079,0.096,0.0,0.0,0.0,0.0,normal
1.363,tcp,http,SF,438,92,0,0,0,0,0,1,0,0,0,0,0,0,0,0,0,0,5,1,0.091,0.0,0.0,0.0,0.982,0.123,0.082,235,239,0.978,0.159,0.137,0.039,0.0,0.0,0.0,0.0,normal
0.027,udp,dns,SF,52,173,0,0,0,0,0,0,0,0,0,0,0,0,0,0,0,0,3,2,0.09,0.001,0.0,0.0,0.922,0.068,0.044,135,68,0.87,0.136,0.03,0.092,0.0,0.0,0.0,0.0,normal
4.086,tcp,http,SF,408,1432,0,0,0,0,0,1,0,0,0,0,0,0,0,0,0,0,5,1,0.0,0.0,0.0,0.0,0.923,0.111,0.067,180,175,0.992,0.04,0.055,0.048,0.0,0.0,0.0,0.0,normal
2.64,tcp,smtp,SF,636,1949,0,0,0,0,0,1,0,0,0,0,0,0,0,0,0,0,6,2,0.0,0.0,0.0,0.0,0.971,0.05,0.049,146,254,0.853,0.181,0.06,0.053,0.0,0.0,0.0,0.0,normal
2.619,tcp,http,SF,420,3115,0,0,0,0,0,1,0,0,0,0,0,0,0,0,0,0,1,5,0.0,0.0,0.0,0.0,0.86,0.131,0.063,144,53,0.911,0.142,0.03,0.043,0.0,0.0,0.0,0.0,normal
2.674,tcp,http,SF,576,2082,0,0,0,0,0,1,0,0,0,0,0,0,0,0,0,0,7,3,0.0,0.0,0.0,0.0,0.88,0.088,0.057,174,113,0.974,0.148,0.146,0.018,0.0,0.0,0.0,0.0,normal
9.782,tcp,smtp,SF,770,1706,0,0,0,0,0,1,0,0,0,0,0,0,0,0,0,0,1,1,0.007,0.0,0.0,0.0,0.938,0.005,0.065,10,236,0.932,0.082,0.003,0.047,0.0,0.0,0.0,0.0,normal
0.754,tcp,http,SF,188,1955,0,0,0,0,0,1,0,0,0,0,0,0,0,0,0,0,6,5,0.0,0.0,0.0,0.0,0.951,0.11,0.0,228,226,0.904,0.168,0.096,0.075,0.0,0.0,0.0,0.0,normal
1.322,tcp,http,SF,641,361,0,0,0,0,0,1,0,0,0,0,0,0,0,0,0,0,4,5,0.0,0.0,0.0,0.0,0.971,0.039,0.051,250,82,0.889,0.123,0.001,0.054,0.0,0.0,0.0,0.0,normal
5.824,tcp,http,SF,431,1680,0,0,0,1,0,1,0,0,0,0,0,0,0,0,0,0,5,3,0.001,0.002,0.0,0.0,0.992,0.11,0.086,68,157,0.991,0.063,0.113,0.093,0.0,0.0,0.0,0.0,normal
0.008,udp,dns,SF,78,162,0,0,0,0,0,0,0,0,0,0,0,0,0,0,0,0,8,1,0.001,0.0,0.0,0.0,0.857,0.136,0.095,46,117,0.861,0.136,0.134,0.018,0.0,0.0,0.0,0.0,normal
0.493,tcp,http,SF,549,750,0,0,0,0,0,1,0,0,0,0,0,0,0,0,0,0,6,3,0.0,0.0,0.0,0.0,0.91,0.083,0.091,158,25,0.911,0.055,0.135,0.018,0.0,0.0,0.0,0.0,normal
1.573,tcp,http,SF,237,2620,0,0,0,0,0,1,0,0,0,0,0,0,0,0,0,0,2,3,0.0,0.0,0.0,0.0,0.918,0.107,0.009,11,78,0.856,0.069,0.128,0.066,0.0,0.0,0.0,0.0,normal
0.118,udp,dns,SF,67,103,0,0,0,0,0,0,0,0,0,0,0,0,0,0,0,0,4,4,0.0,0.002,0.0,0.0,0.903,0.113,0.023,27,142,0.874,0.104,0.013,0.09,0.0,0.0,0.0,0.0,normal
1.441,tcp,http,SF,236,811,0,0,0,0,0,1,0,0,0,0,0,0,0,0,0,0,3,2,0.0,0.001,0.0,0.0,0.981,0.041,0.045,113,52,0.869,0.066,0.071,0.03,0.0,0.0,0.0,0.0,normal
0.018,udp,dns,SF,50,137,0,0,0,0,0,0,0,0,0,0,0,0,0,0,0,0,4,4,0.003,0.0,0.0,0.0,0.883,0.03,0.086,17,179,0.881,0.126,0.14,0.096,0.0,0.0,0.0,0.0,normal
0.066,tcp,other,SF,128,70,0,0,0,0,0,0,0,0,0,0,0,0,0,0,0,0,2,4,0.0,0.001,0.0,0.0,0.856,0.054,0.021,141,60,0.973,0.119,0.067,0.061,0.0,0.0,0.0,0.0,normal
2.33,tcp,http,SF,371,556,0,0,0,0,0,1,0,0,0,0,0,0,0,0,0,0,2,2,0.0,0.0,0.0,0.0,0.981,0.109,0.096,114,203,0.882,0.084,0.059,0.076,0.0,0.0,0.0,0.0,normal
11.145,tcp,ssh,SF,2908,3118,0,0,0,0,0,1,0,0,0,0,0,0,0,0,0,0,4,3,0.048,0.0,0.0,0.0,0.877,0.032,0.023,137,150,0.972,0.132,0.06,0.003,0.0,0.0,0.0,0.0,normal
3.328,tcp,http,SF,317,1841,0,0,0,0,0,1,0,0,0,0,0,0,0,0,0,0,3,3,0.001,0.0,0.0,0.0,0.855,0.006,0.076,241,86,0.854,0.171,0.114,0.04,0.0,0.0,0.0,0.0,normal
0.028,tcp,http,SF,225,6556,0,0,0,0,0,1,0,0,0,0,0,0,0,0,0,0,7,4,0.025,0.0,0.0,0.0,0.885,0.046,0.06,116,188,0.948,0.065,0.129,0.069,0.0,0.0,0.0,0.0,normal
0.138,tcp,http,SF,250,4509,0,0,0,0,0,1,0,0,0,0,0,0,0,0,0,0,3,4,0.0,0.0,0.0,0.0,0.893,0.109,0.029,29,196,0.816,0.066,0.07,0.052,0.0,0.0,0.0,0.0,normal
0.588,tcp,http,SF,489,1053,0,0,0,0,0,1,0,0,0,0,0,0,0,0,0,0,3,3,0.002,0.002,0.0,0.0,0.94,0.093,0.019,175,196,0.948,0.096,0.119,0.075,0.0,0.0,0.0,0.0,normal
0.012,udp,dns,SF,68,172,0,0,0,0,0,0,0,0,0,0,0,0,0,0,0,0,9,5,0.189,0.0,0.0,0.0,0.999,0.113,0.06,244,69,0.845,0.092,0.081,0.026,0.0,0.0,0.0,0.0,normal
0.3,tcp,http,SF,301,2165,0,0,0,0,0,1,0,0,0,0,0,0,0,0,0,0,8,4,0.0,0.0,0.0,0.0,0.886,0.033,0.042,213,105,0.814,0.062,0.114,0.086,0.0,0.0,0.0,0.0,normal
0.867,tcp,http,SF,267,2184,0,0,0,0,0,1,0,0,0,0,0,0,0,0,0,0,1,2,0.0,0.026,0.0,0.0,0.936,0.107,0.065,17,164,0.959,0.165,0.02,0.036,0.0,0.0,0.0,0.0,normal
57.628,tcp,ssh,SF,2685,5506,0,0,0,0,0,1,0,0,0,0,0,0,0,0,0,0,1,5,0.0,0.002,0.0,0.0,0.93,0.108,0.022,38,224,0.984,0.116,0.133,0.013,0.0,0.0,0.0,0.0,normal
1.103,tcp,http,SF,210,3380,0,0,0,0,0,1,0,0,0,0,0,0,0,0,0,0,1,1,0.001,0.004,0.0,0.0,0.939,0.025,0.059,99,34,0.966,0.092,0.126,0.082,0.0,0.0,0.0,0.0,normal
0.018,udp,dns,SF,44,212,0,0,0,0,0,0,0,0,0,0,0,0,0,0,0,0,3,3,0.0,0.0,0.0,0.0,0.987,0.011,0.097,176,242,0.862,0.001,0.148,0.019,0.0,0.0,0.0,0.0,normal
0.077,udp,dns,SF,75,171,0,0,0,0,0,0,0,0,0,0,0,0,0,0,0,0,8,2,0.0,0.0,0.0,0.0,0.931,0.138,0.095,35,72,0.973,0.09,0.103,0.06,0.0,0.0,0.0,0.0,normal
36.444,tcp,ssh,SF,2424,3604,0,0,0,0,0,1,0,0,0,0,0,0,0,0,0,0,2,1,0.004,0.0,0.0,0.0,0.946,0.066,0.013,250,13,0.903,0.045,0.142,0.022,0.0,0.0,0.0,0.0,normal
0.43,tcp,http,SF,304,3467,0,0,0,0,0,1,0,0,0,0,0,0,0,0,0,0,1,3,0.0,0.0,0.0,0.0,0.952,0.107,0.022,100,40,0.986,0.107,0.018,0.039,0.0,0.0,0.0,0.0,normal
3.572,tcp,http,SF,171,941,0,0,0,0,0,1,0,0,0,0,0,0,0,0,0,0,7,1,0.0,0.002,0.0,0.0,0.973,0.082,0.086,55,166,0.94,0.185,0.136,0.091,0.0,0.0,0.0,0.0,normal
1.732,tcp,http,SF,302,1509,0,0,0,0,0,1,0,0,0,0,0,0,0,0,0,0,2,3,0.007,0.0,0.0,0.0,0.926,0.043,0.072,167,86,0.978,0.186,0.13,0.02,0.0,0.0,0.0,0.0,normal
17.163,tcp,smtp,SF,993,1070,0,0,0,0,0,1,0,0,0,0,0,0,0,0,0,0,4,1,0.004,0.0,0.0,0.0,0.927,0.033,0.084,24,181,0.987,0.115,0.047,0.086,0.0,0.0,0.0,0.0,normal
0.085,tcp,http,SF,344,11548,0,0,0,0,0,1,0,0,0,0,0,0,0,0,0,0,5,1,0.0,0.0,0.0,0.0,0.986,0.113,0.082,206,253,0.935,0.009,0.037,0.039,0.0,0.0,0.0,0.0,normal
76.078,tcp,ssh,SF,1470,6591,0,0,0,0,0,1,0,0,0,0,0,0,0,0,0,0,3,2,0.002,0.0,0.0,0.0,0.855,0.139,0.085,54,35,0.997,0.044,0.08,0.072,0.0,0.0,0.0,0.0,normal
0.342,tcp,http,SF,277,1076,0,0,0,0,0,1,0,0,0,0,0,0,0,0,0,0,4,5,0.0,0.0,0.0,0.0,0.998,0.001,0.043,39,150,0.863,0.172,0.013,0.094,0.0,0.0,0.0,0.0,normal
0.071,udp,dns,SF,76,143,0,0,0,0,0,0,0,0,0,0,0,0,0,0,0,0,5,2,0.0,0.0,0.0,0.0,0.907,0.098,0.026,84,147,0.92,0.103,0.086,0.075,0.0,0.0,0.0,0.0,normal
21.263,tcp,ssh,SF,2757,2966,0,0,0,0,0,1,0,0,0,0,0,0,0,0,0,0,1,3,0.005,0.0,0.0,0.0,0.876,0.077,0.071,213,23,0.844,0.169,0.087,0.001,0.0,0.0,0.0,0.0,normal
3.465,tcp,http,SF,665,2427,0,0,0,0,0,1,0,0,0,0,0,0,0,0,0,0,6,3,0.0,0.0,0.0,0.0,0.956,0.053,0.031,28,159,0.839,0.069,0.029,0.074,0.0,0.0,0.0,0.0,normal
0.028,tcp,http,SF,209,4356,0,0,0,0,0,1,0,0,0,0,0,0,0,0,0,0,3,3,0.049,0.0,0.0,0.0,0.995,0.096,0.053,175,53,0.973,0.132,0.144,0.03,0.0,0.0,0.0,0.0,normal
0.819,tcp,http,SF,311,6569,0,0,0,0,0,1,0,0,0,0,0,0,0,0,0,0,9,3,0.0,0.001,0.0,0.0,0.996,0.149,0.078,57,110,0.991,0.158,0.145,0.051,0.0,0.0,0.0,0.0,normal
0.88,tcp,http,SF,263,522,0,0,0,0,0,1,0,0,0,0,0,0,0,0,0,0,2,3,0.001,0.0,0.0,0.0,0.949,0.097,0.056,226,87,0.896,0.162,0.124,0.081,0.0,0.0,0.0,0.0,normal
13.82,tcp,ssh,SF,2392,5289,0,0,0,0,0,1,0,0,0,0,0,0,0,0,0,0,5,4,0.004,0.001,0.0,0.0,0.989,0.123,0.077,16,226,0.878,0.033,0.099,0.092,0.0,0.0,0.0,0.0,normal
0.143,tcp,http,SF,358,2267,0,0,0,0,0,1,0,0,0,0,0,0,0,0,0,0,4,4,0.0,0.0,0.0,0.0,0.861,0.098,0.085,193,230,0.845,0.131,0.002,0.064,0.0,0.0,0.0,0.0,normal
0.03,udp,dns,SF,59,99,0,0,0,0,0,0,0,0,0,0,0,0,0,0,0,0,2,5,0.004,0.0,0.0,0.0,0.898,0.145,0.031,121,79,0.875,0.008,0.064,0.009,0.0,0.0,0.0,0.0,normal
0.263,tcp,http,SF,362,1025,0,0,0,0,0,1,0,0,0,0,0,0,0,0,0,0,7,5,0.0,0.0,0.0,0.0,0.921,0.087,0.022,104,125,0.944,0.124,0.034,0.014,0.0,0.0,0.0,0.0,normal
80.855,tcp,ssh,SF,2327,6066,0,0,0,0,0,1,0,0,0,0,0,0,0,0,0,0,4,1,0.001,0.001,0.0,0.0,0.95,0.059,0.073,140,56,0.859,0.025,0.097,0.03,0.0,0.0,0.0,0.0,normal
0.927,tcp,http,SF,243,723,0,0,0,0,0,1,0,0,0,0,0,0,0,0,0,0,5,3,0.002,0.0,0.0,0.0,0.964,0.078,0.083,49,37,0.846,0.003,0.129,0.031,0.0,0.0,0.0,0.0,normal
7.622,tcp,http,SF,350,3154,0,0,0,0,0,1,0,0,0,0,0,0,0,0,0,0,6,1,0.0,0.0,0.0,0.0,0.928,0.032,0.015,58,208,0.813,0.022,0.011,0.03,0.0,0.0,0.0,0.0,normal
0.024,udp,dns,SF,53,150,0,0,0,0,0,0,0,0,0,0,0,0,0,0,0,0,1,1,0.096,0.0,0.0,0.0,0.993,0.039,0.039,197,138,0.984,0.005,0.146,0.067,0.0,0.0,0.0,0.0,normal
2.025,tcp,http,SF,400,3786,0,0,0,0,0,1,0,0,0,0,0,0,0,0,0,0,4,5,0.001,0.002,0.0,0.0,0.91,0.019,0.05,99,48,0.921,0.07,0.138,0.096,0.0,0.0,0.0,0.0,normal
0.005,udp,dns,SF,60,96,0,0,0,0,0,0,0,0,0,0,0,0,0,0,0,0,3,3,0.025,0.168,0.0,0.0,0.945,0.073,0.052,41,149,0.964,0.164,0.124,0.065,0.0,0.0,0.0,0.0,normal
0.994,tcp,http,SF,488,1906,0,0,0,0,0,1,0,0,0,0,0,0,0,0,0,0,4,2,0.001,0.2,0.0,0.0,0.996,0.05,0.099,25,224,0.808,0.124,0.122,0.072,0.0,0.0,0.0,0.0,normal
5.196,tcp,http,SF,370,392,0,0,0,0,0,1,0,0,0,0,0,0,0,0,0,0,9,2,0.007,0.0,0.0,0.0,0.943,0.122,0.092,115,178,0.992,0.125,0.022,0.083,0.0,0.0,0.0,0.0,normal
2.378,tcp,other,SF,127,187,0,0,0,0,0,0,0,0,0,0,0,0,0,0,0,0,4,3,0.0,0.054,0.0,0.0,0.962,0.002,0.011,79,182,0.888,0.027,0.058,0.079,0.0,0.0,0.0,0.0,normal
2.897,tcp,smtp,SF,881,1242,0,0,0,0,0,1,0,0,0,0,0,0,0,0,0,0,4,4,0.0,0.005,0.0,0.0,0.94,0.104,0.054,144,144,0.821,0.163,0.072,0.053,0.0,0.0,0.0,0.0,normal
0.007,udp,dns,SF,47,188,0,0,0,0,0,0,0,0,0,0,0,0,0,0,0,0,4,5,0.0,0.0,0.0,0.0,0.993,0.05,0.07,134,10,0.961,0.051,0.142,0.0,0.0,0.0,0.0,0.0,normal
0.166,tcp,smtp,SF,655,828,0,0,0,0,0,1,0,0,0,0,0,0,0,0,0,0,2,3,0.0,0.002,0.0,0.0,0.931,0.045,0.089,215,36,0.837,0.18,0.127,0.075,0.0,0.0,0.0,0.0,normal
4.546,tcp,smtp,SF,612,1080,0,0,0,0,0,1,0,0,0,0,0,0,0,0,0,0,3,3,0.0,0.025,0.0,0.0,0.986,0.117,0.025,208,60,0.83,0.049,0.145,0.067,0.0,0.0,0.0,0.0,normal
2.722,tcp,smtp,SF,1091,1030,0,0,0,0,0,1,0,0,0,0,0,0,0,0,0,0,10,3,0.0,0.015,0.0,0.0,0.999,0.114,0.058,15,178,0.914,0.044,0.014,0.099,0.0,0.0,0.0,0.0,normal
8.407,tcp,http,SF,453,738,0,0,0,0,0,1,0,0,0,0,0,0,0,0,0,0,6,3,0.076,0.025,0.0,0.0,0.895,0.046,0.072,180,58,0.998,0.14,0.026,0.044,0.0,0.0,0.0,0.0,normal
3.85,tcp,http,SF,595,1062,0,0,0,0,0,1,0,0,0,0,0,0,0,0,0,0,8,4,0.008,0.0,0.0,0.0,0.997,0.138,0.047,205,218,0.915,0.146,0.015,0.071,0.0,0.0,0.0,0.0,normal
0.181,tcp,http,SF,342,1086,0,0,0,0,0,1,0,0,0,0,0,0,0,0,0,0,4,3,0.0,0.0,0.0,0.0,0.876,0.004,0.094,110,226,0.991,0.185,0.134,0.062,0.0,0.0,0.0,0.0,normal
5.044,tcp,http,SF,213,83,0,0,0,0,0,1,0,0,0,0,0,0,0,0,0,0,5,4,0.007,0.004,0.0,0.0,0.969,0.116,0.043,62,56,0.981,0.12,0.025,0.068,0.0,0.0,0.0,0.0,normal
4.655,tcp,smtp,SF,849,1800,0,0,0,0,0,1,0,0,0,0,0,0,0,0,0,0,3,2,0.0,0.013,0.0,0.0,0.969,0.148,0.074,131,231,0.902,0.149,0.148,0.055,0.0,0.0,0.0,0.0,normal
0.042,udp,dns,SF,112,145,0,0,0,0,0,0,0,0,0,0,0,0,0,0,0,0,3,3,0.0,0.0,0.0,0.0,0.851,0.066,0.095,87,126,0.822,0.139,0.07,0.077,0.0,0.0,0.0,0.0,normal
1.385,tcp,http,SF,483,12,0,0,0,0,0,1,0,0,0,0,0,0,0,0,0,0,2,3,0.0,0.011,0.0,0.0,0.954,0.068,0.002,216,61,0.857,0.151,0.023,0.03,0.0,0.0,0.0,0.0,normal
1.231,tcp,http,SF,250,1041,0,0,0,0,0,1,0,0,0,0,0,0,0,0,0,0,2,1,0.0,0.0,0.0,0.0,0.906,0.145,0.009,155,220,0.885,0.001,0.052,0.018,0.0,0.0,0.0,0.0,normal
3.615,tcp,ssh,SF,2230,3816,0,0,0,0,0,1,0,0,0,0,0,0,0,0,0,0,2,3,0.003,0.0,0.0,0.0,0.972,0.007,0.008,212,186,0.824,0.137,0.072,0.016,0.0,0.0,0.0,0.0,normal
0.001,udp,dns,SF,54,118,0,0,0,0,0,0,0,0,0,0,0,0,0,0,0,0,4,2,0.0,0.011,0.0,0.0,0.965,0.134,0.013,62,206,0.835,0.105,0.095,0.062,0.0,0.0,0.0,0.0,normal
0.023,udp,dns,SF,83,170,0,0,0,0,0,0,0,0,0,0,0,0,0,0,0,0,2,3,0.0,0.011,0.0,0.0,0.967,0.12,0.052,141,27,0.833,0.183,0.012,0.001,0.0,0.0,0.0,0.0,normal
3.03,tcp,http,SF,328,1953,0,0,0,0,0,1,0,0,0,0,0,0,0,0,0,0,2,2,0.01,0.0,0.0,0.0,0.909,0.032,0.088,128,38,0.813,0.035,0.073,0.029,0.0,0.0,0.0,0.0,normal
3.194,tcp,http,SF,261,15208,0,0,0,0,0,1,0,0,0,0,0,0,0,0,0,0,5,4,0.001,0.008,0.0,0.0,0.932,0.129,0.084,50,144,0.821,0.014,0.039,0.098,0.0,0.0,0.0,0.0,normal
0.06,tcp,http,SF,237,5186,0,0,0,0,0,1,0,0,0,0,0,0,0,0,0,0,6,2,0.0,0.0,0.0,0.0,0.896,0.058,0.055,88,214,0.958,0.161,0.088,0.058,0.0,0.0,0.0,0.0,normal
60.696,tcp,ssh,SF,3800,3580,0,0,0,0,0,1,0,0,0,0,0,0,0,0,0,0,4,4,0.0,0.0,0.0,0.0,0.969,0.044,0.025,108,173,0.843,0.166,0.104,0.033,0.0,0.0,0.0,0.0,normal
25.224,tcp,ssh,SF,2278,5633,0,0,0,0,0,1,0,0,0,0,0,0,0,0,0,0,3,2,0.0,0.0,0.0,0.0,0.893,0.078,0.052,163,137,0.808,0.122,0.106,0.089,0.0,0.0,0.0,0.0,normal
5.45,tcp,http,SF,122,1638,0,0,0,0,0,1,0,0,0,0,0,0,0,0,0,0,3,3,0.0,0.0,0.0,0.0,0.982,0.059,0.037,173,227,0.855,0.073,0.01,0.021,0.0,0.0,0.0,0.0,normal
0.467,tcp,http,SF,197,27289,0,0,0,0,0,1,0,0,0,0,0,0,0,0,0,0,3,3,0.0,0.0,0.0,0.0,0.872,0.031,0.055,92,24,0.824,0.192,0.084,0.024,0.0,0.0,0.0,0.0,normal
1.649,tcp,http,SF,258,10844,0,0,0,0,0,1,0,0,0,0,0,0,0,0,0,0,4,4,0.0,0.0,0.0,0.0,0.952,0.009,0.03,238,63,0.999,0.076,0.016,0.078,0.0,0.0,0.0,0.0,normal
0.837,tcp,http,SF,188,267,0,0,0,0,0,1,0,0,0,0,0,0,0,0,0,0,3,1,0.0,0.02,0.0,0.0,0.944,0.139,0.02,51,171,0.989,0.037,0.008,0.043,0.0,0.0,0.0,0.0,normal
0.303,tcp,http,SF,240,2882,0,0,0,0,0,1,0,0,0,0,0,0,0,0,0,0,4,8,0.0,0.009,0.0,0.0,0.899,0.102,0.034,206,148,0.962,0.113,0.068,0.018,0.0,0.0,0.0,0.0,normal
6.127,tcp,smtp,SF,781,3060,0,0,0,0,0,1,0,0,0,0,0,0,0,0,0,0,3,2,0.028,0.0,0.0,0.0,0.962,0.128,0.073,120,118,0.92,0.195,0.066,0.024,0.0,0.0,0.0,0.0,normal
0.294,tcp,smtp,SF,1896,921,0,0,0,0,0,1,0,0,0,0,0,0,0,0,0,0,4,4,0.0,0.0,0.0,0.0,0.896,0.125,0.061,50,95,0.853,0.127,0.034,0.075,0.0,0.0,0.0,0.0,normal
0.083,tcp,http,SF,357,20,0,0,0,0,0,1,0,0,0,0,0,0,0,0,0,0,6,5,0.0,0.007,0.0,0.0,0.97,0.123,0.034,252,68,0.805,0.106,0.095,0.059,0.0,0.0,0.0,0.0,normal
0.065,udp,dns,SF,56,125,0,0,0,0,0,0,0,0,0,0,0,0,0,0,0,0,5,1,0.001,0.013,0.0,0.0,0.869,0.123,0.027,183,148,0.95,0.159,0.072,0.021,0.0,0.0,0.0,0.0,normal
0.493,tcp,http,SF,226,6071,0,0,0,0,0,1,0,0,0,0,0,0,0,0,0,0,5,4,0.0,0.002,0.0,0.0,0.907,0.031,0.036,64,76,0.994,0.126,0.102,0.008,0.0,0.0,0.0,0.0,normal
2.449,tcp,http,SF,117,1921,0,0,0,0,0,1,0,0,0,0,0,0,0,0,0,0,2,3,0.118,0.098,0.0,0.0,0.959,0.055,0.092,42,33,0.96,0.056,0.001,0.079,0.0,0.0,0.0,0.0,normal
0.227,tcp,other,SF,221,271,0,0,0,0,0,0,0,0,0,0,0,0,0,0,0,0,3,2,0.0,0.0,0.0,0.0,0.988,0.05,0.081,15,225,0.911,0.155,0.015,0.087,0.0,0.0,0.0,0.0,normal
0.055,udp,dns,SF,55,165,0,0,0,0,0,0,0,0,0,0,0,0,0,0,0,0,3,3,0.0,0.061,0.0,0.0,0.924,0.056,0.058,106,63,0.824,0.195,0.04,0.059,0.0,0.0,0.0,0.0,normal
4.197,tcp,http,SF,232,1270,0,0,0,0,0,1,0,0,0,0,0,0,0,0,0,0,4,3,0.0,0.0,0.0,0.0,0.959,0.072,0.046,209,143,0.844,0.085,0.108,0.048,0.0,0.0,0.0,0.0,normal
3.317,tcp,http,SF,500,1558,0,0,0,0,0,1,0,0,0,0,0,0,0,0,0,0,8,3,0.0,0.0,0.0,0.0,0.969,0.058,0.022,225,141,0.973,0.103,0.141,0.012,0.0,0.0,0.0,0.0,normal
0.366,tcp,http,SF,449,20881,0,0,0,0,0,1,0,0,0,0,0,0,0,0,0,0,3,1,0.072,0.0,0.0,0.0,0.877,0.112,0.003,72,101,0.954,0.014,0.054,0.094,0.0,0.0,0.0,0.0,normal
1.006,tcp,http,SF,661,348,0,0,0,0,0,1,0,0,0,0,0,0,0,0,0,0,4,2,0.0,0.0,0.0,0.0,0.901,0.109,0.035,161,115,0.853,0.093,0.05,0.042,0.0,0.0,0.0,0.0,normal
0.051,udp,dns,SF,74,138,0,0,0,0,0,0,0,0,0,0,0,0,0,0,0,0,5,2,0.0,0.0,0.0,0.0,0.943,0.004,0.1,53,74,0.963,0.055,0.026,0.015,0.0,0.0,0.0,0.0,normal
2.421,tcp,http,SF,384,2754,0,0,0,0,0,1,0,0,0,0,0,0,0,0,0,0,3,2,0.127,0.012,0.0,0.0,0.902,0.02,0.059,174,227,0.912,0.132,0.05,0.0,0.0,0.0,0.0,0.0,normal
0.668,tcp,smtp,SF,592,896,0,0,0,0,0,1,0,0,0,0,0,0,0,0,0,0,2,3,0.06,0.0,0.0,0.0,0.883,0.085,0.01,224,200,0.847,0.032,0.065,0.008,0.0,0.0,0.0,0.0,normal
5.325,tcp,http,SF,338,32,0,0,0,0,0,1,0,0,0,0,0,0,0,0,0,0,2,5,0.046,0.0,0.0,0.0,0.866,0.101,0.031,57,206,0.851,0.197,0.054,0.023,0.0,0.0,0.0,0.0,normal
0.592,tcp,http,SF,412,7412,0,0,0,0,0,1,0,0,0,0,0,0,0,0,0,0,1,2,0.0,0.0,0.0,0.0,0.939,0.138,0.079,223,30,0.983,0.001,0.005,0.074,0.0,0.0,0.0,0.0,normal
2.988,tcp,http,SF,442,2050,0,0,0,0,0,1,0,0,0,0,0,0,0,0,0,0,2,7,0.125,0.009,0.0,0.0,0.965,0.143,0.006,232,40,0.899,0.15,0.042,0.075,0.0,0.0,0.0,0.0,normal
1.617,tcp,ssh,SF,2682,3855,0,0,0,0,0,1,0,0,0,0,0,0,0,0,0,0,3,3,0.0,0.0,0.0,0.0,0.993,0.141,0.036,203,31,0.965,0.037,0.126,0.094,0.0,0.0,0.0,0.0,normal
81.84,tcp,ssh,SF,1391,3195,0,0,0,0,0,1,0,0,0,0,0,0,0,0,0,0,5,4,0.061,0.0,0.0,0.0,0.934,0.143,0.1,153,115,0.954,0.168,0.134,0.01,0.0,0.0,0.0,0.0,normal
2.664,tcp,http,SF,332,2201,0,0,0,0,0,1,0,0,0,0,0,0,0,0,0,0,2,1,0.0,0.001,0.0,0.0,0.899,0.001,0.004,175,69,0.948,0.086,0.132,0.009,0.0,0.0,0.0,0.0,normal
0.035,udp,dns,SF,72,144,0,0,0,0,0,0,0,0,0,0,0,0,0,0,0,0,5,2,0.042,0.001,0.0,0.0,0.914,0.093,0.099,93,81,0.867,0.15,0.093,0.06,0.0,0.0,0.0,0.0,normal
8.747,tcp,smtp,SF,1354,1573,0,0,0,0,0,1,0,0,0,0,0,0,0,0,0,0,3,2,0.015,0.0,0.0,0.0,0.96,0.125,0.081,210,19,0.857,0.194,0.107,0.085,0.0,0.0,0.0,0.0,normal
0.028,udp,dns,SF,72,134,0,0,0,0,0,0,0,0,0,0,0,0,0,0,0,0,7,4,0.025,0.0,0.0,0.0,0.909,0.138,0.07,21,185,0.85,0.089,0.028,0.046,0.0,0.0,0.0,0.0,normal
0.012,udp,dns,SF,64,134,0,0,0,0,0,0,0,0,0,0,0,0,0,0,0,0,2,2,0.0,0.0,0.0,0.0,0.986,0.083,0.065,40,197,0.926,0.166,0.107,0.089,0.0,0.0,0.0,0.0,normal
5.03,tcp,http,SF,322,1045,0,0,0,0,0,1,0,0,0,0,0,0,0,0,0,0,3,4,0.0,0.001,0.0,0.0,0.899,0.047,0.089,74,178,0.92,0.083,0.084,0.093,0.0,0.0,0.0,0.0,normal
0.842,tcp,http,SF,422,1552,0,0,0,0,0,1,0,0,0,0,0,0,0,0,0,0,1,2,0.001,0.0,0.0,0.0,0.916,0.123,0.043,58,120,0.873,0.154,0.01,0.006,0.0,0.0,0.0,0.0,normal
1.113,tcp,http,SF,272,1703,0,0,0,0,0,1,0,0,0,0,0,0,0,0,0,0,3,6,0.001,0.0,0.0,0.0,0.94,0.085,0.046,56,122,0.974,0.024,0.052,0.051,0.0,0.0,0.0,0.0,normal
3.814,tcp,http,SF,233,10205,0,0,0,1,0,1,0,0,0,0,0,0,0,0,0,0,3,3,0.0,0.0,0.0,0.0,0.873,0.132,0.037,154,16,0.982,0.071,0.052,0.03,0.0,0.0,0.0,0.0,normal
2.388,tcp,other,SF,93,248,0,0,0,0,0,0,0,0,0,0,0,0,0,0,0,0,5,5,0.0,0.002,0.0,0.0,0.885,0.008,0.051,47,182,0.805,0.192,0.109,0.054,0.0,0.0,0.0,0.0,normal
0.058,udp,dns,SF,67,157,0,0,0,0,0,0,0,0,0,0,0,0,0,0,0,0,5,2,0.0,0.0,0.0,0.0,0.883,0.066,0.068,28,207,0.852,0.072,0.117,0.09,0.0,0.0,0.0,0.0,normal
0.281,udp,dns,SF,69,171,0,0,0,0,0,0,0,0,0,0,0,0,0,0,0,0,4,4,0.0,0.0,0.0,0.0,0.964,0.02,0.099,214,140,0.989,0.187,0.145,0.053,0.0,0.0,0.0,0.0,normal
7.134,tcp,http,SF,314,9751,0,0,0,0,0,1,0,0,0,0,0,0,0,0,0,0,5,2,0.002,0.005,0.0,0.0,0.926,0.049,0.069,153,209,0.833,0.172,0.118,0.02,0.0,0.0,0.0,0.0,normal
0.457,tcp,http,SF,336,13839,0,0,0,0,0,1,0,0,0,0,0,0,0,0,0,0,5,3,0.152,0.0,0.0,0.0,0.944,0.031,0.075,110,119,0.898,0.126,0.064,0.022,0.0,0.0,0.0,0.0,normal
5.119,tcp,http,SF,286,6233,0,0,0,0,0,1,0,0,0,0,0,0,0,0,0,0,5,6,0.043,0.0,0.0,0.0,0.869,0.004,0.022,85,176,0.991,0.172,0.025,0.052,0.0,0.0,0.0,0.0,normal
3.949,tcp,http,SF,397,584,0,0,0,0,0,1,0,0,0,0,0,0,0,0,0,0,7,2,0.0,0.0,0.0,0.0,0.915,0.016,0.017,178,77,0.812,0.129,0.006,0.045,0.0,0.0,0.0,0.0,normal
0.108,udp,dns,SF,65,131,0,0,0,0,0,0,0,0,0,0,0,0,0,0,0,0,4,3,0.0,0.0,0.0,0.0,0.935,0.112,0.056,196,20,0.966,0.079,0.011,0.081,0.0,0.0,0.0,0.0,normal
4.292,tcp,http,SF,286,11939,0,0,0,0,0,1,0,0,0,0,0,0,0,0,0,0,4,2,0.017,0.0,0.0,0.0,0.895,0.071,0.049,130,238,0.831,0.155,0.092,0.059,0.0,0.0,0.0,0.0,normal
17.799,tcp,smtp,SF,569,1454,0,0,0,0,0,1,0,0,0,0,0,0,0,0,0,0,3,1,0.0,0.002,0.0,0.0,0.895,0.003,0.022,149,18,0.962,0.019,0.139,0.047,0.0,0.0,0.0,0.0,normal
0.24,tcp,http,SF,434,602,0,0,0,0,0,1,0,0,0,0,0,0,0,0,0,0,3,5,0.0,0.002,0.0,0.0,0.885,0.072,0.053,54,85,0.977,0.008,0.026,0.094,0.0,0.0,0.0,0.0,normal
0.059,udp,dns,SF,58,125,0,0,0,0,0,0,0,0,0,0,0,0,0,0,0,0,1,3,0.0,0.0,0.0,0.0,0.898,0.062,0.084,23,235,0.956,0.117,0.052,0.094,0.0,0.0,0.0,0.0,normal
1.495,tcp,http,SF,225,824,0,0,0,0,0,1,0,0,0,0,0,0,0,0,0,0,2,1,0.0,0.001,0.0,0.0,0.872,0.089,0.012,223,149,0.932,0.098,0.018,0.002,0.0,0.0,0.0,0.0,normal
4.079,tcp,http,SF,563,3260,0,0,0,0,0,1,0,0,0,0,0,0,0,0,0,0,5,1,0.0,0.0,0.0,0.0,0.893,0.039,0.016,146,243,0.881,0.159,0.117,0.029,0.0,0.0,0.0,0.0,normal
0.561,tcp,http,SF,231,15534,0,0,0,0,0,1,0,0,0,0,0,0,0,0,0,0,2,6,0.005,0.0,0.0,0.0,0.945,0.036,0.095,84,232,0.996,0.106,0.147,0.056,0.0,0.0,0.0,0.0,normal
0.233,tcp,http,SF,388,1168,0,0,0,0,0,1,0,0,0,0,0,0,0,0,0,0,5,2,0.07,0.035,0.0,0.0,0.887,0.128,0.069,41,192,0.879,0.195,0.071,0.071,0.0,0.0,0.0,0.0,normal
0.63,tcp,http,SF,279,58,0,0,0,0,0,1,0,0,0,0,0,0,0,0,0,0,1,8,0.0,0.0,0.0,0.0,0.852,0.082,0.022,51,230,0.959,0.138,0.004,0.033,0.0,0.0,0.0,0.0,normal
1.459,tcp,http,SF,276,6443,0,0,0,0,0,1,0,0,0,0,0,0,0,0,0,0,4,2,0.013,0.0,0.0,0.0,0.949,0.081,0.066,219,113,0.904,0.178,0.134,0.016,0.0,0.0,0.0,0.0,normal
192.401,tcp,ssh,SF,2097,4064,0,0,0,0,0,1,0,0,0,0,0,0,0,0,0,0,15,2,0.0,0.0,0.0,0.0,0.855,0.003,0.011,153,92,0.989,0.091,0.142,0.02,0.0,0.0,0.0,0.0,normal
32.427,tcp,ssh,SF,1565,2745,0,0,0,0,0,1,0,0,0,0,0,0,0,0,0,0,3,2,0.0,0.014,0.0,0.0,0.867,0.056,0.1,169,15,0.909,0.071,0.101,0.097,0.0,0.0,0.0,0.0,normal
40.666,tcp,ssh,SF,2352,3766,0,0,0,0,0,1,0,0,0,0,0,0,0,0,0,0,3,3,0.0,0.0,0.0,0.0,0.993,0.021,0.055,151,51,0.817,0.022,0.136,0.027,0.0,0.0,0.0,0.0,normal
2.134,tcp,http,SF,368,564,0,0,0,0,0,1,0,0,0,0,0,0,0,0,0,0,4,3,0.0,0.0,0.0,0.0,0.906,0.088,0.048,119,19,0.828,0.037,0.111,0.043,0.0,0.0,0.0,0.0,normal
0.021,udp,dns,SF,90,114,0,0,0,0,0,0,0,0,0,0,0,0,0,0,0,0,4,2,0.0,0.0,0.0,0.0,0.952,0.111,0.057,148,232,0.868,0.146,0.114,0.0,0.0,0.0,0.0,0.0,normal
0.112,tcp,http,SF,264,4362,0,0,0,0,0,1,0,0,0,0,0,0,0,0,0,0,8,2,0.022,0.0,0.0,0.0,0.855,0.096,0.026,239,191,0.874,0.037,0.092,0.039,0.0,0.0,0.0,0.0,normal
1.849,tcp,http,SF,618,2022,0,0,0,0,0,1,0,0,0,0,0,0,0,0,0,0,1,4,0.007,0.0,0.0,0.0,0.977,0.016,0.03,135,178,0.875,0.183,0.112,0.072,0.0,0.0,0.0,0.0,normal
5.18,tcp,http,SF,615,1027,0,0,0,0,0,1,0,0,0,0,0,0,0,0,0,0,5,3,0.193,0.0,0.0,0.0,0.878,0.118,0.071,173,71,0.926,0.195,0.105,0.005,0.0,0.0,0.0,0.0,normal
24.64,tcp,ssh,SF,1650,2583,0,0,0,0,0,1,0,0,0,0,0,0,0,0,0,0,3,1,0.0,0.003,0.0,0.0,0.875,0.109,0.081,189,145,0.901,0.029,0.117,0.025,0.0,0.0,0.0,0.0,normal
0.266,tcp,http,SF,469,1186,0,0,0,0,0,1,0,0,0,0,0,0,0,0,0,0,5,6,0.001,0.046,0.0,0.0,0.916,0.113,0.1,45,93,0.944,0.177,0.003,0.046,0.0,0.0,0.0,0.0,normal
0.095,udp,dns,SF,65,164,0,0,0,0,0,0,0,0,0,0,0,0,0,0,0,0,8,6,0.0,0.033,0.0,0.0,0.951,0.125,0.052,150,250,0.978,0.026,0.039,0.044,0.0,0.0,0.0,0.0,normal
0.006,udp,dns,SF,61,150,0,0,0,0,0,0,0,0,0,0,0,0,0,0,0,0,6,4,0.0,0.0,0.0,0.0,0.888,0.118,0.094,140,253,0.905,0.045,0.034,0.091,0.0,0.0,0.0,0.0,normal
4.829,tcp,smtp,SF,1494,1062,0,0,0,0,0,1,0,0,0,0,0,0,0,0,0,0,2,6,0.0,0.004,0.0,0.0,0.887,0.081,0.02,78,249,0.82,0.097,0.086,0.099,0.0,0.0,0.0,0.0,normal
1.728,tcp,smtp,SF,845,1097,0,0,0,0,0,1,0,0,0,0,0,0,0,0,0,0,1,4,0.0,0.0,0.0,0.0,0.881,0.036,0.014,146,152,0.819,0.173,0.099,0.011,0.0,0.0,0.0,0.0,normal
0.429,tcp,http,SF,321,25,0,0,0,0,0,1,0,0,0,0,0,0,0,0,0,0,5,3,0.0,0.058,0.0,0.0,0.893,0.099,0.024,188,162,0.884,0.1,0.019,0.093,0.0,0.0,0.0,0.0,normal
0.071,udp,dns,SF,77,99,0,0,0,0,0,0,0,0,0,0,0,0,0,0,0,0,6,1,0.0,0.0,0.0,0.0,0.858,0.008,0.097,218,27,0.949,0.03,0.038,0.026,0.0,0.0,0.0,0.0,normal
0.006,udp,dns,SF,52,143,0,0,0,0,0,0,0,0,0,0,0,0,0,0,0,0,4,2,0.0,0.0,0.0,0.0,0.893,0.006,0.047,45,14,0.93,0.171,0.016,0.013,0.0,0.0,0.0,0.0,normal
13.072,tcp,smtp,SF,1287,691,0,0,0,0,0,1,0,0,0,0,0,0,0,0,0,0,6,6,0.0,0.0,0.0,0.0,0.903,0.072,0.011,54,176,0.981,0.09,0.061,0.018,0.0,0.0,0.0,0.0,normal
0.009,udp,dns,SF,69,163,0,0,0,0,0,0,0,0,0,0,0,0,0,0,0,0,5,1,0.071,0.0,0.0,0.0,0.964,0.096,0.081,103,57,0.869,0.161,0.005,0.032,0.0,0.0,0.0,0.0,normal
4.249,tcp,http,SF,917,3799,0,0,0,0,0,1,0,0,0,0,0,0,0,0,0,0,4,2,0.005,0.0,0.0,0.0,0.951,0.084,0.011,87,152,0.878,0.009,0.028,0.04,0.0,0.0,0.0,0.0,normal
37.251,tcp,ssh,SF,3106,3651,0,0,0,0,0,1,0,0,0,0,0,0,0,0,0,0,5,2,0.001,0.0,0.0,0.0,0.88,0.107,0.082,136,34,0.847,0.144,0.004,0.032,0.0,0.0,0.0,0.0,normal
0.808,tcp,http,SF,369,2095,0,0,0,0,0,1,0,0,0,0,0,0,0,0,0,0,3,3,0.041,0.067,0.0,0.0,0.892,0.023,0.074,252,217,0.998,0.087,0.052,0.067,0.0,0.0,0.0,0.0,normal
0.345,tcp,http,SF,324,6833,0,0,0,0,0,1,0,0,0,0,0,0,0,0,0,0,3,2,0.02,0.0,0.0,0.0,0.944,0.059,0.019,194,216,0.97,0.098,0.138,0.057,0.0,0.0,0.0,0.0,normal
0.073,udp,dns,SF,98,197,0,0,0,0,0,0,0,0,0,0,0,0,0,0,0,0,5,5,0.012,0.0,0.0,0.0,0.884,0.045,0.086,130,249,0.862,0.193,0.066,0.007,0.0,0.0,0.0,0.0,normal
0.078,udp,dns,SF,40,127,0,0,0,0,0,0,0,0,0,0,0,0,0,0,0,0,6,4,0.0,0.0,0.0,0.0,0.868,0.006,0.033,196,153,0.983,0.136,0.131,0.024,0.0,0.0,0.0,0.0,normal
1.429,tcp,http,SF,351,231,0,0,0,0,0,1,0,0,0,0,0,0,0,0,0,0,5,3,0.063,0.008,0.0,0.0,0.958,0.035,0.026,243,249,0.898,0.055,0.034,0.073,0.0,0.0,0.0,0.0,normal
1.075,tcp,http,SF,280,4821,0,0,0,0,0,1,0,0,0,0,0,0,0,0,0,0,4,7,0.0,0.0,0.0,0.0,0.981,0.144,0.093,227,249,0.896,0.182,0.041,0.049,0.0,0.0,0.0,0.0,normal
0.994,tcp,http,SF,214,4971,0,0,0,0,0,1,0,0,0,0,0,0,0,0,0,0,4,2,0.0,0.0,0.0,0.0,0.877,0.074,0.051,153,153,0.847,0.128,0.118,0.069,0.0,0.0,0.0,0.0,normal
1.754,tcp,smtp,SF,946,1738,0,0,0,0,0,1,0,0,0,0,0,0,0,0,0,0,5,1,0.001,0.001,0.0,0.0,0.938,0.101,0.0,150,145,0.93,0.084,0.118,0.027,0.0,0.0,0.0,0.0,normal
0.505,tcp,smtp,SF,776,1066,0,0,0,0,0,1,0,0,0,0,0,0,0,0,0,0,5,3,0.0,0.0,0.0,0.0,0.875,0.007,0.052,86,15,0.991,0.154,0.113,0.058,0.0,0.0,0.0,0.0,normal
4.794,tcp,http,SF,376,1062,0,0,0,0,0,1,0,0,0,0,0,0,0,0,0,0,6,3,0.0,0.0,0.0,0.0,0.944,0.085,0.014,171,34,0.916,0.09,0.051,0.022,0.0,0.0,0.0,0.0,normal
0.72,tcp,http,SF,252,2077,0,0,0,0,0,1,0,0,0,0,0,0,0,0,0,0,3,1,0.0,0.018,0.0,0.0,0.901,0.036,0.05,37,41,0.992,0.116,0.002,0.022,0.0,0.0,0.0,0.0,normal
0.253,tcp,other,SF,236,265,0,0,0,0,0,0,0,0,0,0,0,0,0,0,0,0,2,3,0.016,0.023,0.0,0.0,0.895,0.011,0.041,37,85,0.87,0.197,0.021,0.037,0.0,0.0,0.0,0.0,normal
0.204,tcp,http,SF,191,820,0,0,0,0,0,1,0,0,0,0,0,0,0,0,0,0,5,1,0.0,0.0,0.0,0.0,0.866,0.042,0.078,90,183,0.871,0.189,0.055,0.053,0.0,0.0,0.0,0.0,normal
1.578,tcp,http,SF,299,1066,0,0,0,0,0,1,0,0,0,0,0,0,0,0,0,0,2,3,0.0,0.0,0.0,0.0,0.878,0.031,0.079,102,49,0.929,0.12,0.087,0.06,0.0,0.0,0.0,0.0,normal
0.027,udp,dns,SF,75,184,0,0,0,0,0,0,0,0,0,0,0,0,0,0,0,0,3,1,0.0,0.004,0.0,0.0,0.979,0.117,0.014,207,75,0.888,0.188,0.058,0.023,0.0,0.0,0.0,0.0,normal
5.093,tcp,http,SF,321,3974,0,0,0,0,0,1,0,0,0,0,0,0,0,0,0,0,11,8,0.0,0.0,0.0,0.0,0.952,0.009,0.08,104,31,0.864,0.068,0.041,0.068,0.0,0.0,0.0,0.0,normal
1.552,tcp,http,SF,232,1244,0,0,0,0,0,1,0,0,0,0,0,0,0,0,0,0,4,1,0.0,0.0,0.0,0.0,0.908,0.057,0.01,68,204,0.99,0.001,0.125,0.018,0.0,0.0,0.0,0.0,normal
4.302,tcp,http,SF,239,6194,0,0,0,0,0,1,0,0,0,0,0,0,0,0,0,0,6,2,0.0,0.0,0.0,0.0,0.925,0.099,0.095,127,152,0.998,0.047,0.147,0.017,0.0,0.0,0.0,0.0,normal
5.007,tcp,http,SF,318,1687,0,0,0,0,0,1,0,0,0,0,0,0,0,0,0,0,4,7,0.0,0.0,0.0,0.0,0.982,0.079,0.08,14,234,0.837,0.03,0.129,0.047,0.0,0.0,0.0,0.0,normal
0.143,tcp,smtp,SF,764,1407,0,0,0,0,0,1,0,0,0,0,0,0,0,0,0,0,3,6,0.0,0.054,0.0,0.0,0.912,0.002,0.026,110,112,0.957,0.13,0.101,0.002,0.0,0.0,0.0,0.0,normal
5.722,tcp,http,SF,218,1615,0,0,0,0,0,1,0,0,0,0,0,0,0,0,0,0,2,5,0.0,0.0,0.0,0.0,0.952,0.122,0.015,201,120,0.914,0.088,0.14,0.094,0.0,0.0,0.0,0.0,normal
3.118,tcp,http,SF,402,2511,0,0,0,0,0,1,0,0,0,0,0,0,0,0,0,0,6,2,0.0,0.0,0.0,0.0,0.931,0.126,0.01,91,105,0.99,0.066,0.138,0.034,0.0,0.0,0.0,0.0,normal
0.015,udp,dns,SF,72,177,0,0,0,0,0,0,0,0,0,0,0,0,0,0,0,0,1,8,0.0,0.0,0.0,0.0,0.864,0.116,0.095,92,24,0.95,0.12,0.062,0.034,0.0,0.0,0.0,0.0,normal
2.187,tcp,http,SF,274,349,0,0,0,0,0,1,0,0,0,0,0,0,0,0,0,0,4,4,0.0,0.0,0.0,0.0,0.851,0.134,0.084,11,224,0.902,0.038,0.074,0.043,0.0,0.0,0.0,0.0,normal
3.038,tcp,http,SF,246,169,0,0,0,0,0,1,0,0,0,0,0,0,0,0,0,0,4,4,0.0,0.049,0.0,0.0,0.944,0.062,0.023,71,86,0.929,0.033,0.036,0.071,0.0,0.0,0.0,0.0,normal
0.256,tcp,http,SF,295,5085,0,0,0,0,0,1,0,0,0,0,0,0,0,0,0,0,5,3,0.0,0.001,0.0,0.0,0.875,0.02,0.035,203,180,0.853,0.075,0.018,0.009,0.0,0.0,0.0,0.0,normal
0.923,tcp,smtp,SF,657,870,0,0,0,0,0,1,0,0,0,0,0,0,0,0,0,0,7,1,0.001,0.0,0.0,0.0,0.905,0.025,0.08,248,185,0.824,0.095,0.119,0.007,0.0,0.0,0.0,0.0,normal
3.032,tcp,http,SF,319,3890,0,0,0,0,0,1,0,0,0,0,0,0,0,0,0,0,4,4,0.0,0.0,0.0,0.0,0.977,0.123,0.021,246,210,0.89,0.045,0.146,0.052,0.0,0.0,0.0,0.0,normal
0.04,udp,dns,SF,81,153,0,0,0,0,0,0,0,0,0,0,0,0,0,0,0,0,5,2,0.0,0.0,0.0,0.0,0.959,0.063,0.051,195,244,0.921,0.073,0.077,0.087,0.0,0.0,0.0,0.0,normal
0.777,tcp,http,SF,379,1422,0,0,0,0,0,1,0,0,0,0,0,0,0,0,0,0,4,1,0.0,0.004,0.0,0.0,0.858,0.116,0.081,238,228,0.839,0.169,0.036,0.059,0.0,0.0,0.0,0.0,normal
0.015,udp,dns,SF,74,147,0,0,0,0,0,0,0,0,0,0,0,0,0,0,0,0,2,4,0.001,0.0,0.0,0.0,0.926,0.09,0.072,236,197,0.972,0.019,0.143,0.012,0.0,0.0,0.0,0.0,normal
21.685,tcp,ssh,SF,1759,3375,0,0,0,0,0,1,0,0,0,0,0,0,0,0,0,0,1,1,0.001,0.0,0.0,0.0,0.852,0.064,0.009,222,19,0.993,0.136,0.004,0.012,0.0,0.0,0.0,0.0,normal
0.027,udp,dns,SF,69,98,0,0,0,0,0,0,0,0,0,0,0,0,0,0,0,0,5,1,0.0,0.0,0.0,0.0,0.941,0.044,0.05,171,70,0.972,0.184,0.148,0.058,0.0,0.0,0.0,0.0,normal
0.406,tcp,http,SF,255,2530,0,0,0,0,0,1,0,0,0,0,0,0,0,0,0,0,2,3,0.106,0.0,0.0,0.0,0.999,0.007,0.038,234,112,0.914,0.016,0.057,0.055,0.0,0.0,0.0,0.0,normal
0.545,tcp,http,SF,582,1573,0,0,0,0,0,1,0,0,0,0,0,0,0,0,0,0,6,1,0.0,0.0,0.0,0.0,0.886,0.011,0.03,96,78,0.896,0.195,0.079,0.083,0.0,0.0,0.0,0.0,normal
1.144,tcp,http,SF,444,791,0,0,0,0,0,1,0,0,0,0,0,0,0,0,0,0,2,3,0.0,0.0,0.0,0.0,0.865,0.118,0.018,87,72,0.932,0.023,0.024,0.08,0.0,0.0,0.0,0.0,normal
2.476,tcp,http,SF,233,4863,0,0,0,0,0,1,0,0,0,0,0,0,0,0,0,0,3,1,0.003,0.0,0.0,0.0,0.953,0.074,0.002,58,181,0.903,0.009,0.04,0.042,0.0,0.0,0.0,0.0,normal
2.583,tcp,http,SF,205,10993,0,0,0,0,0,1,0,0,0,0,0,0,0,0,0,0,8,3,0.0,0.0,0.0,0.0,0.967,0.011,0.015,173,66,0.966,0.006,0.098,0.039,0.0,0.0,0.0,0.0,normal
0.019,udp,dns,SF,60,252,0,0,0,0,0,0,0,0,0,0,0,0,0,0,0,0,3,3,0.022,0.0,0.0,0.0,0.856,0.054,0.048,101,17,0.891,0.146,0.0,0.027,0.0,0.0,0.0,0.0,normal
1.292,tcp,http,SF,363,1214,0,0,0,0,0,1,0,0,0,0,0,0,0,0,0,0,2,4,0.003,0.036,0.0,0.0,0.863,0.027,0.089,223,122,0.915,0.054,0.074,0.097,0.0,0.0,0.0,0.0,normal
1.384,tcp,http,SF,268,364,0,0,0,0,0,1,0,0,0,0,0,0,0,0,0,0,2,3,0.0,0.006,0.0,0.0,0.898,0.011,0.002,84,65,0.968,0.044,0.063,0.011,0.0,0.0,0.0,0.0,normal
0.044,tcp,http,SF,244,2304,0,0,0,0,0,1,0,0,0,0,0,0,0,0,0,0,4,2,0.003,0.0,0.0,0.0,0.871,0.092,0.054,83,39,0.801,0.078,0.123,0.099,0.0,0.0,0.0,0.0,normal
0.056,udp,dns,SF,55,71,0,0,0,0,0,0,0,0,0,0,0,0,0,0,0,0,7,4,0.011,0.0,0.0,0.0,0.977,0.124,0.052,201,165,0.855,0.091,0.091,0.024,0.0,0.0,0.0,0.0,normal
166.188,tcp,ssh,SF,1445,2409,0,0,0,0,0,1,0,0,0,0,0,0,0,0,0,0,4,4,0.0,0.0,0.0,0.0,0.876,0.013,0.042,144,186,0.871,0.033,0.021,0.015,0.0,0.0,0.0,0.0,normal
0.003,udp,dns,SF,90,112,0,0,0,0,0,0,0,0,0,0,0,0,0,0,0,0,6,4,0.0,0.0,0.0,0.0,0.892,0.065,0.037,221,177,0.929,0.032,0.046,0.062,0.0,0.0,0.0,0.0,normal
0.03,udp,dns,SF,60,148,0,0,0,0,0,0,0,0,0,0,0,0,0,0,0,0,6,5,0.0,0.0,0.0,0.0,0.921,0.043,0.048,83,221,0.83,0.035,0.06,0.0,0.0,0.0,0.0,0.0,normal
0.064,tcp,http,SF,455,4738,0,0,0,0,0,1,0,0,0,0,0,0,0,0,0,0,5,4,0.001,0.0,0.0,0.0,0.863,0.073,0.069,133,36,0.832,0.008,0.013,0.047,0.0,0.0,0.0,0.0,normal
1.977,tcp,http,SF,602,2965,0,0,0,0,0,1,0,0,0,0,0,0,0,0,0,0,4,1,0.061,0.162,0.0,0.0,0.915,0.027,0.041,37,49,0.841,0.013,0.137,0.054,0.0,0.0,0.0,0.0,normal
0.191,tcp,http,SF,270,9214,0,0,0,0,0,1,0,0,0,0,0,0,0,0,0,0,4,7,0.0,0.031,0.0,0.0,0.891,0.094,0.012,84,201,0.945,0.073,0.082,0.026,0.0,0.0,0.0,0.0,normal
1.731,tcp,http,SF,275,405,0,0,0,0,0,1,0,0,0,0,0,0,0,0,0,0,6,1,0.0,0.0,0.0,0.0,0.864,0.11,0.016,198,110,0.943,0.156,0.02,0.038,0.0,0.0,0.0,0.0,normal
0.373,tcp,http,SF,380,151,0,0,0,0,0,1,0,0,0,0,0,0,0,0,0,0,1,1,0.002,0.015,0.0,0.0,0.909,0.022,0.07,199,241,0.899,0.125,0.082,0.025,0.0,0.0,0.0,0.0,normal
0.598,tcp,http,SF,335,3298,0,0,0,0,0,1,0,0,0,0,0,0,0,0,0,0,2,4,0.0,0.004,0.0,0.0,0.891,0.138,0.08,224,38,0.912,0.161,0.024,0.041,0.0,0.0,0.0,0.0,normal
0.111,udp,dns,SF,38,270,0,0,0,0,0,0,0,0,0,0,0,0,0,0,0,0,5,2,0.0,0.0,0.0,0.0,0.936,0.122,0.087,168,160,0.873,0.097,0.142,0.1,0.0,0.0,0.0,0.0,normal
3.506,tcp,http,SF,376,21504,0,0,0,0,0,1,0,0,0,0,0,0,0,0,0,0,2,5,0.0,0.0,0.0,0.0,0.948,0.126,0.046,98,105,0.973,0.011,0.028,0.1,0.0,0.0,0.0,0.0,normal
190.124,tcp,ssh,SF,1990,4201,0,0,0,0,0,1,0,0,0,0,0,0,0,0,0,0,3,1,0.08,0.0,0.0,0.0,0.944,0.081,0.038,162,15,0.922,0.143,0.077,0.069,0.0,0.0,0.0,0.0,normal
0.466,tcp,http,SF,414,4438,0,0,0,1,0,1,0,0,0,0,0,0,0,0,0,0,2,2,0.026,0.0,0.0,0.0,0.968,0.041,0.037,209,232,0.843,0.077,0.034,0.019,0.0,0.0,0.0,0.0,normal
3.677,tcp,http,SF,269,13266,0,0,0,0,0,1,0,0,0,0,0,0,0,0,0,0,5,4,0.0,0.0,0.0,0.0,0.85,0.119,0.088,234,131,0.917,0.032,0.056,0.003,0.0,0.0,0.0,0.0,normal
0.032,udp,dns,SF,86,245,0,0,0,0,0,0,0,0,0,0,0,0,0,0,0,0,3,4,0.0,0.0,0.0,0.0,0.878,0.001,0.046,118,99,0.907,0.036,0.023,0.094,0.0,0.0,0.0,0.0,normal
240.071,tcp,ssh,SF,3401,5072,0,0,0,0,0,1,0,0,0,0,0,0,0,0,0,0,1,3,0.0,0.0,0.0,0.0,0.971,0.026,0.015,24,234,0.892,0.063,0.14,0.08,0.0,0.0,0.0,0.0,normal
2.199,tcp,http,SF,377,883,0,0,0,0,0,1,0,0,0,0,0,0,0,0,0,0,6,2,0.041,0.0,0.0,0.0,0.973,0.088,0.01,151,112,0.963,0.053,0.096,0.007,0.0,0.0,0.0,0.0,normal
0.004,udp,dns,SF,59,131,0,0,0,0,0,0,0,0,0,0,0,0,0,0,0,0,6,3,0.0,0.0,0.0,0.0,0.924,0.082,0.008,56,66,0.882,0.159,0.011,0.093,0.0,0.0,0.0,0.0,normal
1.409,tcp,http,SF,386,6355,0,0,0,0,0,1,0,0,0,0,0,0,0,0,0,0,2,6,0.0,0.054,0.0,0.0,0.974,0.039,0.071,35,151,0.875,0.088,0.091,0.09,0.0,0.0,0.0,0.0,normal
5.08,tcp,smtp,SF,890,1678,0,0,0,0,0,1,0,0,0,0,0,0,0,0,0,0,5,2,0.0,0.021,0.0,0.0,0.949,0.068,0.049,81,133,0.933,0.19,0.044,0.049,0.0,0.0,0.0,0.0,normal
0.463,tcp,http,SF,634,13,0,0,0,0,0,1,0,0,0,0,0,0,0,0,0,0,6,3,0.0,0.178,0.0,0.0,0.928,0.12,0.047,232,207,0.962,0.135,0.035,0.094,0.0,0.0,0.0,0.0,normal
0.012,udp,dns,SF,55,187,0,0,0,0,0,0,0,0,0,0,0,0,0,0,0,0,2,2,0.0,0.001,0.0,0.0,0.953,0.023,0.082,201,23,0.917,0.033,0.045,0.085,0.0,0.0,0.0,0.0,normal
0.846,tcp,http,SF,482,3391,0,0,0,0,0,1,0,0,0,0,0,0,0,0,0,0,4,2,0.002,0.0,0.0,0.0,0.88,0.099,0.001,212,148,0.854,0.183,0.018,0.025,0.0,0.0,0.0,0.0,normal
2.201,tcp,http,SF,298,5079,0,0,0,0,0,1,0,0,0,0,0,0,0,0,0,0,5,2,0.0,0.004,0.0,0.0,0.919,0.051,0.092,68,12,0.822,0.077,0.02,0.047,0.0,0.0,0.0,0.0,normal
0.035,udp,dns,SF,44,68,0,0,0,0,0,0,0,0,0,0,0,0,0,0,0,0,6,2,0.01,0.021,0.0,0.0,0.985,0.027,0.063,196,208,0.917,0.069,0.125,0.075,0.0,0.0,0.0,0.0,normal
0.816,tcp,http,SF,345,3322,0,0,0,0,0,1,0,0,0,0,0,0,0,0,0,0,5,1,0.0,0.096,0.0,0.0,0.967,0.119,0.038,195,47,0.818,0.078,0.051,0.084,0.0,0.0,0.0,0.0,normal
0.085,udp,dns,SF,57,103,0,0,0,0,0,0,0,0,0,0,0,0,0,0,0,0,10,6,0.0,0.0,0.0,0.0,0.986,0.034,0.086,116,251,0.813,0.085,0.054,0.056,0.0,0.0,0.0,0.0,normal
2.008,tcp,http,SF,460,6243,0,0,0,0,0,1,0,0,0,0,0,0,0,0,0,0,9,5,0.001,0.0,0.0,0.0,0.882,0.11,0.09,160,27,0.843,0.11,0.024,0.017,0.0,0.0,0.0,0.0,normal
3.341,tcp,http,SF,331,6200,0,0,0,0,0,1,0,0,0,0,0,0,0,0,0,0,4,4,0.0,0.018,0.0,0.0,0.935,0.052,0.09,86,228,0.823,0.062,0.041,0.092,0.0,0.0,0.0,0.0,normal
0.361,tcp,http,SF,288,45,0,0,0,0,0,1,0,0,0,0,0,0,0,0,0,0,5,4,0.0,0.0,0.0,0.0,0.887,0.138,0.057,234,241,0.978,0.076,0.144,0.067,0.0,0.0,0.0,0.0,normal
0.011,udp,dns,SF,73,152,0,0,0,0,0,0,0,0,0,0,0,0,0,0,0,0,4,3,0.0,0.0,0.0,0.0,0.919,0.05,0.018,239,243,0.817,0.029,0.014,0.042,0.0,0.0,0.0,0.0,normal
2.761,tcp,http,SF,394,4413,0,0,0,0,0,1,0,0,0,0,0,0,0,0,0,0,4,3,0.0,0.0,0.0,0.0,0.997,0.034,0.099,127,10,0.919,0.049,0.062,0.067,0.0,0.0,0.0,0.0,normal
6.365,tcp,http,SF,449,7580,0,0,0,0,0,1,0,0,0,0,0,0,0,0,0,0,4,2,0.0,0.003,0.0,0.0,0.937,0.065,0.03,236,203,0.946,0.169,0.104,0.033,0.0,0.0,0.0,0.0,normal
3.626,tcp,smtp,SF,553,800,0,0,0,0,0,1,0,0,0,0,0,0,0,0,0,0,5,2,0.0,0.008,0.0,0.0,0.851,0.12,0.089,75,41,0.814,0.145,0.107,0.073,0.0,0.0,0.0,0.0,normal
1.416,tcp,http,SF,434,1935,0,0,0,0,0,1,0,0,0,0,0,0,0,0,0,0,4,1,0.189,0.009,0.0,0.0,0.939,0.014,0.03,208,174,0.851,0.125,0.066,0.038,0.0,0.0,0.0,0.0,normal
1.131,tcp,http,SF,344,813,0,0,0,0,0,1,0,0,0,0,0,0,0,0,0,0,7,6,0.0,0.0,0.0,0.0,0.958,0.08,0.015,102,92,0.863,0.1,0.05,0.034,0.0,0.0,0.0,0.0,normal
0.041,tcp,smtp,SF,781,1372,0,0,0,0,0,1,0,0,0,0,0,0,0,0,0,0,9,3,0.0,0.0,0.0,0.0,0.987,0.051,0.082,167,234,0.983,0.102,0.064,0.046,0.0,0.0,0.0,0.0,normal
1.14,tcp,http,SF,346,4807,0,0,0,0,0,1,0,0,0,0,0,0,0,0,0,0,3,1,0.0,0.0,0.0,0.0,0.95,0.074,0.017,118,87,0.952,0.099,0.103,0.053,0.0,0.0,0.0,0.0,normal
1.184,tcp,http,SF,363,8882,0,0,0,0,0,1,0,0,0,0,0,0,0,0,0,0,4,3,0.079,0.022,0.0,0.0,0.934,0.001,0.072,40,183,0.969,0.142,0.069,0.007,0.0,0.0,0.0,0.0,normal
1.171,tcp,http,SF,378,52,0,0,0,0,0,1,0,0,0,0,0,0,0,0,0,0,5,2,0.005,0.0,0.0,0.0,0.873,0.066,0.078,61,123,0.856,0.178,0.089,0.072,0.0,0.0,0.0,0.0,normal
0.275,tcp,http,SF,415,2951,0,0,0,0,0,1,0,0,0,0,0,0,0,0,0,0,4,3,0.0,0.002,0.0,0.0,0.911,0.047,0.035,214,132,0.952,0.011,0.14,0.086,0.0,0.0,0.0,0.0,normal
1.776,tcp,http,SF,298,3557,0,0,0,0,0,1,0,0,0,0,0,0,0,0,0,0,5,3,0.142,0.0,0.0,0.0,0.981,0.142,0.047,46,185,0.89,0.084,0.017,0.029,0.0,0.0,0.0,0.0,normal
0.086,udp,dns,SF,68,154,0,0,0,0,0,0,0,0,0,0,0,0,0,0,0,0,2,3,0.0,0.0,0.0,0.0,0.933,0.11,0.093,193,94,0.858,0.103,0.012,0.03,0.0,0.0,0.0,0.0,normal
3.331,tcp,http,SF,257,502,0,0,0,0,0,1,0,0,0,0,0,0,0,0,0,0,2,4,0.0,0.013,0.0,0.0,0.929,0.001,0.017,58,161,0.904,0.101,0.09,0.067,0.0,0.0,0.0,0.0,normal
0.547,tcp,http,SF,844,5596,0,0,0,0,0,1,0,0,0,0,0,0,0,0,0,0,1,1,0.0,0.0,0.0,0.0,0.927,0.088,0.068,167,202,0.879,0.029,0.101,0.071,0.0,0.0,0.0,0.0,normal
0.156,udp,dns,SF,82,140,0,0,0,0,0,0,0,0,0,0,0,0,0,0,0,0,3,3,0.0,0.0,0.0,0.0,0.855,0.1,0.059,117,185,0.885,0.008,0.064,0.031,0.0,0.0,0.0,0.0,normal
0.276,tcp,http,SF,267,4971,0,0,0,0,0,1,0,0,0,0,0,0,0,0,0,0,4,6,0.0,0.036,0.0,0.0,0.983,0.084,0.093,80,83,0.955,0.165,0.109,0.005,0.0,0.0,0.0,0.0,normal
1.979,tcp,smtp,SF,800,1483,0,0,0,0,0,1,0,0,0,0,0,0,0,0,0,0,8,1,0.023,0.0,0.0,0.0,0.907,0.021,0.04,49,150,0.943,0.016,0.05,0.09,0.0,0.0,0.0,0.0,normal
1.834,tcp,http,SF,348,4365,0,0,0,0,0,1,0,0,0,0,0,0,0,0,0,0,10,5,0.016,0.0,0.0,0.0,0.912,0.024,0.008,230,115,0.866,0.18,0.08,0.004,0.0,0.0,0.0,0.0,normal
5.079,tcp,http,SF,472,6429,0,0,0,0,0,1,0,0,0,0,0,0,0,0,0,0,3,5,0.0,0.0,0.0,0.0,0.892,0.103,0.093,29,30,0.993,0.102,0.143,0.094,0.0,0.0,0.0,0.0,normal
0.013,udp,dns,SF,48,98,0,0,0,0,0,0,0,0,0,0,0,0,0,0,0,0,2,2,0.0,0.0,0.0,0.0,0.938,0.074,0.069,104,105,0.926,0.189,0.076,0.092,0.0,0.0,0.0,0.0,normal
0.446,tcp,http,SF,610,5835,0,0,0,1,0,1,0,0,0,0,0,0,0,0,0,0,7,3,0.0,0.0,0.0,0.0,0.891,0.122,0.026,207,223,0.931,0.011,0.116,0.041,0.0,0.0,0.0,0.0,normal
0.282,tcp,smtp,SF,660,1057,0,0,0,0,0,1,0,0,0,0,0,0,0,0,0,0,7,1,0.0,0.009,0.0,0.0,0.898,0.091,0.093,230,92,0.89,0.063,0.056,0.07,0.0,0.0,0.0,0.0,normal
0.021,udp,dns,SF,60,225,0,0,0,0,0,0,0,0,0,0,0,0,0,0,0,0,7,3,0.0,0.006,0.0,0.0,0.885,0.147,0.04,237,186,0.896,0.093,0.127,0.024,0.0,0.0,0.0,0.0,normal
0.537,tcp,smtp,SF,1076,516,0,0,0,0,0,1,0,0,0,0,0,0,0,0,0,0,4,2,0.005,0.0,0.0,0.0,0.872,0.086,0.081,154,67,0.977,0.027,0.067,0.046,0.0,0.0,0.0,0.0,normal
3.892,tcp,http,SF,306,3826,0,0,0,0,0,1,0,0,0,0,0,0,0,0,0,0,8,2,0.0,0.0,0.0,0.0,0.95,0.144,0.012,99,32,0.949,0.189,0.061,0.043,0.0,0.0,0.0,0.0,normal
176.665,tcp,ssh,SF,3033,5622,0,0,0,0,0,1,0,0,0,0,0,0,0,0,0,0,3,1,0.0,0.0,0.0,0.0,0.875,0.045,0.019,170,49,0.893,0.14,0.036,0.063,0.0,0.0,0.0,0.0,normal
3.462,tcp,http,SF,231,3104,0,0,0,0,0,1,0,0,0,0,0,0,0,0,0,0,4,2,0.0,0.0,0.0,0.0,0.915,0.111,0.038,32,206,0.921,0.017,0.124,0.044,0.0,0.0,0.0,0.0,normal
0.974,tcp,http,SF,319,1373,0,0,0,0,0,1,0,0,0,0,0,0,0,0,0,0,4,3,0.0,0.0,0.0,0.0,0.971,0.01,0.068,78,215,0.962,0.191,0.023,0.096,0.0,0.0,0.0,0.0,normal
0.143,tcp,http,SF,161,2009,0,0,0,0,0,1,0,0,0,0,0,0,0,0,0,0,8,3,0.026,0.006,0.0,0.0,0.991,0.073,0.036,205,94,0.979,0.175,0.068,0.029,0.0,0.0,0.0,0.0,normal
0.11,udp,dns,SF,57,103,0,0,0,0,0,0,0,0,0,0,0,0,0,0,0,0,3,3,0.001,0.0,0.0,0.0,0.942,0.013,0.094,55,29,0.85,0.109,0.125,0.096,0.0,0.0,0.0,0.0,normal
0.085,udp,dns,SF,50,77,0,0,0,0,0,0,0,0,0,0,0,0,0,0,0,0,4,2,0.0,0.007,0.0,0.0,0.899,0.0,0.016,49,210,0.898,0.185,0.03,0.025,0.0,0.0,0.0,0.0,normal
0.022,udp,dns,SF,78,190,0,0,0,0,0,0,0,0,0,0,0,0,0,0,0,0,3,3,0.067,0.0,0.0,0.0,0.954,0.052,0.01,78,152,0.846,0.037,0.129,0.04,0.0,0.0,0.0,0.0,normal
2.932,tcp,http,SF,225,1476,0,0,0,0,0,1,0,0,0,0,0,0,0,0,0,0,3,1,0.031,0.032,0.0,0.0,0.887,0.131,0.007,60,192,0.931,0.031,0.044,0.036,0.0,0.0,0.0,0.0,normal
0.02,udp,dns,SF,58,158,0,0,0,0,0,0,0,0,0,0,0,0,0,0,0,0,5,1,0.002,0.0,0.0,0.0,0.991,0.107,0.025,76,195,0.959,0.197,0.034,0.039,0.0,0.0,0.0,0.0,normal
0.679,tcp,http,SF,285,2267,0,0,0,0,0,1,0,0,0,0,0,0,0,0,0,0,5,3,0.0,0.002,0.0,0.0,0.874,0.136,0.067,104,240,0.914,0.033,0.035,0.051,0.0,0.0,0.0,0.0,normal
1.068,tcp,http,SF,249,7506,0,0,0,0,0,1,0,0,0,0,0,0,0,0,0,0,1,1,0.001,0.002,0.0,0.0,0.916,0.058,0.037,194,65,0.953,0.02,0.085,0.034,0.0,0.0,0.0,0.0,normal
0.037,tcp,http,SF,340,328,0,0,0,0,0,1,0,0,0,0,0,0,0,0,0,0,1,1,0.0,0.0,0.0,0.0,0.912,0.133,0.074,22,60,0.855,0.038,0.104,0.053,0.0,0.0,0.0,0.0,normal
22.813,tcp,ssh,SF,2846,4380,0,0,0,0,0,1,0,0,0,0,0,0,0,0,0,0,1,4,0.0,0.002,0.0,0.0,0.921,0.134,0.023,122,236,0.976,0.104,0.103,0.036,0.0,0.0,0.0,0.0,normal
0.492,tcp,http,SF,233,4718,0,0,0,0,0,1,0,0,0,0,0,0,0,0,0,0,3,2,0.0,0.0,0.0,0.0,0.963,0.036,0.036,115,251,0.98,0.04,0.068,0.051,0.0,0.0,0.0,0.0,normal
2.651,tcp,http,SF,225,4174,0,0,0,0,0,1,0,0,0,0,0,0,0,0,0,0,2,3,0.044,0.005,0.0,0.0,0.934,0.012,0.083,198,98,0.814,0.005,0.111,0.06,0.0,0.0,0.0,0.0,normal
0.446,tcp,http,SF,415,1049,0,0,0,0,0,1,0,0,0,0,0,0,0,0,0,0,8,2,0.0,0.0,0.0,0.0,0.964,0.056,0.012,141,68,0.876,0.081,0.022,0.087,0.0,0.0,0.0,0.0,normal
1.732,tcp,http,SF,615,3971,0,0,0,0,0,1,0,0,0,0,0,0,0,0,0,0,3,2,0.001,0.0,0.0,0.0,0.864,0.015,0.029,154,212,0.832,0.002,0.061,0.018,0.0,0.0,0.0,0.0,normal
0.109,tcp,http,SF,181,2432,0,0,0,0,0,1,0,0,0,0,0,0,0,0,0,0,5,5,0.0,0.0,0.0,0.0,0.941,0.141,0.065,25,143,0.937,0.12,0.022,0.1,0.0,0.0,0.0,0.0,normal
0.378,tcp,http,SF,472,8824,0,0,0,0,0,1,0,0,0,0,0,0,0,0,0,0,1,2,0.001,0.003,0.0,0.0,0.876,0.118,0.069,154,80,0.866,0.07,0.127,0.003,0.0,0.0,0.0,0.0,normal
1.435,tcp,http,SF,307,635,0,0,0,0,0,1,0,0,0,0,0,0,0,0,0,0,1,3,0.003,0.0,0.0,0.0,0.985,0.128,0.0,251,165,0.973,0.108,0.114,0.057,0.0,0.0,0.0,0.0,normal
0.049,tcp,http,SF,440,8137,0,0,0,0,0,1,0,0,0,0,0,0,0,0,0,0,3,2,0.001,0.0,0.0,0.0,0.888,0.016,0.051,159,169,0.984,0.01,0.098,0.069,0.0,0.0,0.0,0.0,normal
1.66,tcp,http,SF,306,78,0,0,0,0,0,1,0,0,0,0,0,0,0,0,0,0,5,3,0.0,0.008,0.0,0.0,0.966,0.078,0.077,141,172,0.822,0.0,0.055,0.096,0.0,0.0,0.0,0.0,normal
0.036,udp,dns,SF,67,130,0,0,0,0,0,0,0,0,0,0,0,0,0,0,0,0,4,3,0.0,0.0,0.0,0.0,0.9,0.07,0.014,25,69,0.868,0.035,0.105,0.098,0.0,0.0,0.0,0.0,normal
2.114,tcp,http,SF,411,6347,0,0,0,0,0,1,0,0,0,0,0,0,0,0,0,0,8,2,0.0,0.0,0.0,0.0,0.945,0.093,0.025,136,61,0.804,0.164,0.004,0.073,0.0,0.0,0.0,0.0,normal
3.043,tcp,http,SF,347,3848,0,0,0,0,0,1,0,0,0,0,0,0,0,0,0,0,3,3,0.008,0.008,0.0,0.0,0.979,0.132,0.049,205,65,0.992,0.027,0.1,0.025,0.0,0.0,0.0,0.0,normal
2.304,tcp,http,SF,241,2676,0,0,0,0,0,1,0,0,0,0,0,0,0,0,0,0,5,4,0.0,0.001,0.0,0.0,0.854,0.09,0.062,147,65,0.957,0.019,0.11,0.054,0.0,0.0,0.0,0.0,normal
0.012,udp,dns,SF,70,138,0,0,0,0,0,0,0,0,0,0,0,0,0,0,0,0,6,6,0.0,0.0,0.0,0.0,0.878,0.119,0.05,155,20,0.88,0.127,0.069,0.069,0.0,0.0,0.0,0.0,normal
0.011,udp,dns,SF,62,102,0,0,0,0,0,0,0,0,0,0,0,0,0,0,0,0,2,4,0.037,0.0,0.0,0.0,0.937,0.043,0.053,42,184,0.988,0.074,0.133,0.063,0.0,0.0,0.0,0.0,normal
3.658,tcp,http,SF,191,1602,0,0,0,0,0,1,0,0,0,0,0,0,0,0,0,0,3,3,0.0,0.0,0.0,0.0,0.923,0.033,0.077,14,34,0.954,0.149,0.135,0.044,0.0,0.0,0.0,0.0,normal
0.024,udp,dns,SF,67,132,0,0,0,0,0,0,0,0,0,0,0,0,0,0,0,0,1,3,0.003,0.0,0.0,0.0,0.97,0.077,0.068,195,196,0.906,0.01,0.111,0.097,0.0,0.0,0.0,0.0,normal
0.0,udp,dns,SF,65,104,0,0,0,0,0,0,0,0,0,0,0,0,0,0,0,0,7,8,0.0,0.0,0.0,0.0,0.869,0.0,0.037,90,13,0.842,0.056,0.057,0.011,0.0,0.0,0.0,0.0,normal
1.042,tcp,other,REJ,233,217,0,0,0,0,0,0,0,0,0,0,0,0,0,0,0,0,7,1,0.001,0.017,0.0,0.0,0.997,0.04,0.047,226,47,0.854,0.16,0.103,0.014,0.0,0.0,0.0,0.0,normal
0.067,udp,dns,SF,69,90,0,0,0,0,0,0,0,0,0,0,0,0,0,0,0,0,1,4,0.0,0.012,0.0,0.0,0.919,0.065,0.011,232,88,0.955,0.176,0.061,0.085,0.0,0.0,0.0,0.0,normal
0.132,udp,dns,SF,59,190,0,0,0,0,0,0,0,0,0,0,0,0,0,0,0,0,1,2,0.0,0.073,0.0,0.0,0.866,0.028,0.054,209,175,0.913,0.084,0.122,0.085,0.0,0.0,0.0,0.0,normal
0.026,udp,dns,SF,83,190,0,0,0,0,0,0,0,0,0,0,0,0,0,0,0,0,1,3,0.0,0.0,0.0,0.0,0.907,0.02,0.011,242,203,0.867,0.025,0.087,0.074,0.0,0.0,0.0,0.0,normal
0.014,udp,dns,SF,71,140,0,0,0,0,0,0,0,0,0,0,0,0,0,0,0,0,7,1,0.0,0.0,0.0,0.0,0.901,0.058,0.086,215,160,0.969,0.084,0.048,0.074,0.0,0.0,0.0,0.0,normal
1.501,tcp,http,SF,416,6867,0,0,0,0,0,1,0,0,0,0,0,0,0,0,0,0,3,3,0.001,0.0,0.0,0.0,0.943,0.072,0.098,40,63,0.997,0.18,0.04,0.02,0.0,0.0,0.0,0.0,normal
3.887,tcp,smtp,SF,950,1137,0,0,0,0,0,1,0,0,0,0,0,0,0,0,0,0,6,3,0.0,0.0,0.0,0.0,0.892,0.138,0.057,133,214,0.981,0.149,0.136,0.043,0.0,0.0,0.0,0.0,normal
1.379,tcp,http,SF,421,1079,0,0,0,0,0,1,0,0,0,0,0,0,0,0,0,0,2,2,0.0,0.023,0.0,0.0,0.955,0.063,0.048,119,146,0.81,0.043,0.01,0.05,0.0,0.0,0.0,0.0,normal
0.357,tcp,http,SF,489,2079,0,0,0,0,0,1,0,0,0,0,0,0,0,0,0,0,4,1,0.011,0.001,0.0,0.0,0.883,0.124,0.077,188,82,0.937,0.122,0.007,0.041,0.0,0.0,0.0,0.0,normal
0.032,udp,dns,SF,61,126,0,0,0,0,0,0,0,0,0,0,0,0,0,0,0,0,3,3,0.0,0.0,0.0,0.0,0.925,0.013,0.012,173,119,0.832,0.166,0.149,0.072,0.0,0.0,0.0,0.0,normal
27.614,tcp,ssh,SF,4364,5182,0,0,0,0,0,1,0,0,0,0,0,0,0,0,0,0,3,2,0.001,0.0,0.0,0.0,0.866,0.028,0.067,25,252,0.972,0.162,0.047,0.05,0.0,0.0,0.0,0.0,normal
0.037,udp,dns,SF,42,132,0,0,0,0,0,0,0,0,0,0,0,0,0,0,0,0,3,3,0.091,0.012,0.0,0.0,0.953,0.023,0.083,130,41,0.925,0.036,0.109,0.1,0.0,0.0,0.0,0.0,normal
2.022,tcp,http,SF,362,2806,0,0,0,0,0,1,0,0,0,0,0,0,0,0,0,0,4,4,0.001,0.0,0.0,0.0,0.94,0.089,0.087,60,138,0.94,0.084,0.056,0.087,0.0,0.0,0.0,0.0,normal
0.066,udp,dns,SF,61,143,0,0,0,0,0,0,0,0,0,0,0,0,0,0,0,0,5,1,0.0,0.0,0.0,0.0,0.88,0.035,0.054,225,183,0.829,0.118,0.008,0.02,0.0,0.0,0.0,0.0,normal
1.032,tcp,http,SF,265,6826,0,0,0,0,0,1,0,0,0,0,0,0,0,0,0,0,4,4,0.005,0.0,0.0,0.0,0.995,0.003,0.027,34,174,0.948,0.178,0.121,0.079,0.0,0.0,0.0,0.0,normal
5.432,tcp,smtp,SF,1539,2037,0,0,0,0,0,1,0,0,0,0,0,0,0,0,0,0,3,2,0.003,0.0,0.0,0.0,0.96,0.114,0.037,86,188,0.882,0.006,0.031,0.037,0.0,0.0,0.0,0.0,normal
0.045,tcp,smtp,SF,736,1013,0,0,0,0,0,1,0,0,0,0,0,0,0,0,0,0,5,3,0.0,0.0,0.0,0.0,0.917,0.074,0.014,44,138,0.837,0.059,0.13,0.075,0.0,0.0,0.0,0.0,normal
2.595,tcp,http,SF,171,3798,0,0,0,0,0,1,0,0,0,0,0,0,0,0,0,0,4,1,0.0,0.0,0.0,0.0,0.911,0.11,0.077,129,81,0.819,0.07,0.102,0.003,0.0,0.0,0.0,0.0,normal
0.733,tcp,http,SF,297,3252,0,0,0,0,0,1,0,0,0,0,0,0,0,0,0,0,4,2,0.0,0.005,0.0,0.0,0.874,0.009,0.03,123,139,0.862,0.009,0.078,0.049,0.0,0.0,0.0,0.0,normal
1.886,tcp,http,SF,844,219,0,0,0,0,0,1,0,0,0,0,0,0,0,0,0,0,1,4,0.001,0.0,0.0,0.0,0.86,0.086,0.056,91,75,0.991,0.034,0.045,0.085,0.0,0.0,0.0,0.0,normal
1.546,tcp,http,SF,437,3638,0,0,0,0,0,1,0,0,0,0,0,0,0,0,0,0,1,6,0.0,0.0,0.0,0.0,0.954,0.049,0.093,220,26,0.99,0.142,0.058,0.079,0.0,0.0,0.0,0.0,normal
4.474,tcp,http,SF,232,297,0,0,0,0,0,1,0,0,0,0,0,0,0,0,0,0,5,2,0.0,0.0,0.0,0.0,0.921,0.095,0.054,28,194,0.841,0.176,0.054,0.043,0.0,0.0,0.0,0.0,normal
0.085,udp,dns,SF,55,231,0,0,0,1,0,0,0,0,0,0,0,0,0,0,0,0,5,7,0.0,0.0,0.0,0.0,0.96,0.095,0.088,171,142,0.916,0.031,0.119,0.041,0.0,0.0,0.0,0.0,normal
0.021,udp,dns,SF,47,128,0,0,0,0,0,0,0,0,0,0,0,0,0,0,0,0,3,4,0.0,0.106,0.0,0.0,0.861,0.004,0.059,106,97,0.807,0.155,0.084,0.062,0.0,0.0,0.0,0.0,normal
0.52,tcp,http,SF,511,4508,0,0,0,0,0,1,0,0,0,0,0,0,0,0,0,0,4,3,0.0,0.087,0.0,0.0,0.997,0.131,0.005,120,112,0.97,0.138,0.084,0.057,0.0,0.0,0.0,0.0,normal
0.333,udp,dns,SF,56,161,0,0,0,0,0,0,0,0,0,0,0,0,0,0,0,0,3,4,0.0,0.008,0.0,0.0,0.861,0.059,0.081,25,124,0.809,0.123,0.045,0.007,0.0,0.0,0.0,0.0,normal
5.34,tcp,http,SF,401,3274,0,0,0,0,0,1,0,0,0,0,0,0,0,0,0,0,3,5,0.0,0.262,0.0,0.0,0.872,0.109,0.012,247,51,0.896,0.034,0.117,0.058,0.0,0.0,0.0,0.0,normal
1.374,tcp,http,SF,183,10560,0,0,0,0,0,1,0,0,0,0,0,0,0,0,0,0,7,3,0.001,0.0,0.0,0.0,0.861,0.12,0.033,63,34,0.804,0.01,0.066,0.086,0.0,0.0,0.0,0.0,normal
1.184,tcp,http,SF,497,405,0,0,0,0,0,1,0,0,0,0,0,0,0,0,0,0,6,1,0.0,0.0,0.0,0.0,0.962,0.032,0.078,110,173,0.966,0.145,0.01,0.079,0.0,0.0,0.0,0.0,normal
11.305,tcp,smtp,SF,586,1167,0,0,0,0,0,1,0,0,0,0,0,0,0,0,0,0,7,2,0.099,0.0,0.0,0.0,0.925,0.13,0.002,109,216,0.98,0.013,0.049,0.092,0.0,0.0,0.0,0.0,normal
3.397,tcp,http,SF,369,6204,0,0,0,0,0,1,0,0,0,0,0,0,0,0,0,0,5,3,0.033,0.009,0.0,0.0,0.922,0.04,0.074,140,26,0.825,0.054,0.116,0.017,0.0,0.0,0.0,0.0,normal
0.001,udp,dns,SF,41,135,0,0,0,0,0,0,0,0,0,0,0,0,0,0,0,0,5,5,0.0,0.032,0.0,0.0,0.961,0.131,0.035,150,59,0.928,0.161,0.097,0.055,0.0,0.0,0.0,0.0,normal
0.186,udp,dns,SF,77,120,0,0,0,0,0,0,0,0,0,0,0,0,0,0,0,0,2,3,0.0,0.0,0.0,0.0,0.937,0.085,0.016,119,55,0.822,0.196,0.014,0.031,0.0,0.0,0.0,0.0,normal
1.497,tcp,http,SF,565,9192,0,0,0,0,0,1,0,0,0,0,0,0,0,0,0,0,5,1,0.001,0.0,0.0,0.0,0.974,0.034,0.064,111,49,0.83,0.172,0.103,0.061,0.0,0.0,0.0,0.0,normal
0.331,tcp,http,SF,296,824,0,0,0,0,0,1,0,0,0,0,0,0,0,0,0,0,4,5,0.022,0.0,0.0,0.0,0.962,0.098,0.033,188,195,0.972,0.016,0.121,0.092,0.0,0.0,0.0,0.0,normal
4.521,tcp,http,SF,374,1081,0,0,0,0,0,1,0,0,0,0,0,0,0,0,0,0,3,3,0.041,0.017,0.0,0.0,0.934,0.029,0.034,108,242,0.909,0.146,0.004,0.071,0.0,0.0,0.0,0.0,normal
1.014,tcp,http,SF,477,186,0,0,0,0,0,1,0,0,0,0,0,0,0,0,0,0,4,1,0.0,0.028,0.0,0.0,0.93,0.043,0.024,27,220,0.903,0.187,0.077,0.057,0.0,0.0,0.0,0.0,normal
0.126,udp,dns,SF,53,179,0,0,0,0,0,0,0,0,0,0,0,0,0,0,0,0,2,3,0.001,0.005,0.0,0.0,0.921,0.059,0.061,40,65,0.946,0.114,0.067,0.016,0.0,0.0,0.0,0.0,normal
2.325,tcp,http,SF,587,2109,0,0,0,0,0,1,0,0,0,0,0,0,0,0,0,0,8,2,0.037,0.0,0.0,0.0,0.917,0.051,0.021,152,133,0.832,0.137,0.149,0.068,0.0,0.0,0.0,0.0,normal
2.662,tcp,http,SF,388,2755,0,0,0,0,0,1,0,0,0,0,0,0,0,0,0,0,3,2,0.008,0.083,0.0,0.0,0.917,0.106,0.036,108,235,0.977,0.104,0.063,0.002,0.0,0.0,0.0,0.0,normal
0.341,tcp,http,SF,239,1019,0,0,0,0,0,1,0,0,0,0,0,0,0,0,0,0,5,4,0.0,0.028,0.0,0.0,0.915,0.041,0.076,131,228,0.965,0.189,0.101,0.087,0.0,0.0,0.0,0.0,normal
4.672,tcp,http,SF,582,4025,0,0,0,0,0,1,0,0,0,0,0,0,0,0,0,0,2,2,0.0,0.08,0.0,0.0,0.918,0.02,0.077,220,76,0.894,0.067,0.053,0.083,0.0,0.0,0.0,0.0,normal
70.768,tcp,ssh,SF,2611,4168,0,0,0,0,0,1,0,0,0,0,0,0,0,0,0,0,5,3,0.0,0.0,0.0,0.0,0.944,0.022,0.075,121,202,0.908,0.157,0.052,0.09,0.0,0.0,0.0,0.0,normal
2.986,tcp,smtp,SF,651,1370,0,0,0,1,0,1,0,0,0,0,0,0,0,0,0,0,6,3,0.0,0.002,0.0,0.0,0.968,0.1,0.072,137,193,0.883,0.007,0.101,0.006,0.0,0.0,0.0,0.0,normal
4.802,tcp,http,SF,360,18856,0,0,0,0,0,1,0,0,0,0,0,0,0,0,0,0,6,3,0.0,0.001,0.0,0.0,0.889,0.098,0.065,198,10,0.829,0.016,0.096,0.058,0.0,0.0,0.0,0.0,normal
1.398,tcp,smtp,SF,651,1476,0,0,0,0,0,1,0,0,0,0,0,0,0,0,0,0,5,5,0.0,0.0,0.0,0.0,0.996,0.001,0.069,47,39,0.977,0.081,0.036,0.094,0.0,0.0,0.0,0.0,normal
7.282,tcp,ssh,SF,1879,4514,0,0,0,0,0,1,0,0,0,0,0,0,0,0,0,0,3,1,0.0,0.002,0.0,0.0,0.886,0.025,0.041,246,88,0.858,0.118,0.034,0.028,0.0,0.0,0.0,0.0,normal
1.018,tcp,http,SF,414,3057,0,0,0,0,0,1,0,0,0,0,0,0,0,0,0,0,4,2,0.0,0.039,0.0,0.0,0.982,0.141,0.013,116,95,0.885,0.108,0.049,0.082,0.0,0.0,0.0,0.0,normal
3.786,tcp,http,SF,253,5510,0,0,0,0,0,1,0,0,0,0,0,0,0,0,0,0,6,3,0.064,0.0,0.0,0.0,0.878,0.075,0.016,47,24,0.91,0.029,0.064,0.008,0.0,0.0,0.0,0.0,normal
2.293,tcp,http,SF,267,444,0,0,0,0,0,1,0,0,0,0,0,0,0,0,0,0,4,1,0.003,0.195,0.0,0.0,0.872,0.001,0.09,195,31,0.85,0.157,0.006,0.086,0.0,0.0,0.0,0.0,normal
0.432,tcp,http,SF,490,4092,0,0,0,0,0,1,0,0,0,0,0,0,0,0,0,0,3,2,0.0,0.0,0.0,0.0,0.946,0.039,0.06,159,108,0.891,0.05,0.137,0.065,0.0,0.0,0.0,0.0,normal
0.686,tcp,http,SF,232,1383,0,0,0,0,0,1,0,0,0,0,0,0,0,0,0,0,5,1,0.002,0.0,0.0,0.0,0.863,0.029,0.007,200,91,0.885,0.122,0.002,0.055,0.0,0.0,0.0,0.0,normal
1.531,tcp,http,SF,357,1808,0,0,0,0,0,1,0,0,0,0,0,0,0,0,0,0,2,6,0.0,0.003,0.0,0.0,0.99,0.054,0.02,57,20,0.85,0.098,0.027,0.036,0.0,0.0,0.0,0.0,normal
5.602,tcp,smtp,SF,589,1387,0,0,0,0,0,1,0,0,0,0,0,0,0,0,0,0,6,4,0.0,0.0,0.0,0.0,0.977,0.098,0.055,54,161,0.977,0.175,0.04,0.088,0.0,0.0,0.0,0.0,normal
0.0,tcp,smtp,SF,575,1270,0,0,0,0,0,1,0,0,0,0,0,0,0,0,0,0,5,4,0.0,0.005,0.0,0.0,0.852,0.053,0.035,68,149,0.905,0.175,0.104,0.094,0.0,0.0,0.0,0.0,normal
2.197,tcp,http,SF,303,2078,0,0,0,0,0,1,0,0,0,0,0,0,0,0,0,0,5,6,0.0,0.0,0.0,0.0,0.864,0.102,0.065,197,95,0.865,0.077,0.131,0.012,0.0,0.0,0.0,0.0,normal
5.157,tcp,smtp,SF,1280,1404,0,0,0,0,0,1,0,0,0,0,0,0,0,0,0,0,3,5,0.001,0.051,0.0,0.0,0.88,0.054,0.092,12,81,0.814,0.096,0.008,0.024,0.0,0.0,0.0,0.0,normal
1.098,tcp,ssh,SF,2708,3281,0,0,0,0,0,1,0,0,0,0,0,0,0,0,0,0,3,2,0.041,0.012,0.0,0.0,0.938,0.049,0.074,69,149,0.881,0.169,0.073,0.063,0.0,0.0,0.0,0.0,normal
0.159,tcp,http,SF,402,3354,0,0,0,0,0,1,0,0,0,0,0,0,0,0,0,0,4,3,0.0,0.0,0.0,0.0,0.976,0.105,0.07,115,36,0.834,0.008,0.06,0.02,0.0,0.0,0.0,0.0,normal
2.514,tcp,http,SF,266,210,0,0,0,0,0,1,0,0,0,0,0,0,0,0,0,0,3,2,0.0,0.004,0.0,0.0,0.927,0.114,0.074,173,230,0.955,0.109,0.031,0.042,0.0,0.0,0.0,0.0,normal
1.244,tcp,http,SF,396,1374,0,0,0,0,0,1,0,0,0,0,0,0,0,0,0,0,2,2,0.003,0.067,0.0,0.0,0.987,0.038,0.011,250,237,0.966,0.147,0.027,0.044,0.0,0.0,0.0,0.0,normal
0.07,udp,dns,SF,46,216,0,0,0,0,0,0,0,0,0,0,0,0,0,0,0,0,4,5,0.005,0.0,0.0,0.0,0.916,0.052,0.074,129,219,0.933,0.022,0.017,0.043,0.0,0.0,0.0,0.0,normal
0.058,tcp,http,SF,451,2236,0,0,0,0,0,1,0,0,0,0,0,0,0,0,0,0,7,1,0.0,0.0,0.0,0.0,0.94,0.077,0.061,198,79,0.869,0.175,0.039,0.065,0.0,0.0,0.0,0.0,normal
1.821,tcp,http,SF,263,18362,0,0,0,0,0,1,0,0,0,0,0,0,0,0,0,0,2,3,0.122,0.007,0.0,0.0,0.861,0.053,0.021,153,113,0.878,0.163,0.105,0.074,0.0,0.0,0.0,0.0,normal
1.063,tcp,http,SF,472,5592,0,0,0,0,0,1,0,0,0,0,0,0,0,0,0,0,2,2,0.0,0.0,0.0,0.0,0.905,0.143,0.037,165,81,0.814,0.104,0.044,0.067,0.0,0.0,0.0,0.0,normal
0.627,tcp,http,SF,356,5322,0,0,0,0,0,1,0,0,0,0,0,0,0,0,0,0,6,5,0.0,0.0,0.0,0.0,0.94,0.071,0.057,52,181,0.977,0.071,0.14,0.029,0.0,0.0,0.0,0.0,normal
231.113,tcp,ssh,SF,3870,3999,0,0,0,0,0,1,0,0,0,0,0,0,0,0,0,0,6,1,0.023,0.0,0.0,0.0,0.885,0.054,0.025,38,180,0.85,0.001,0.077,0.049,0.0,0.0,0.0,0.0,normal
0.037,udp,dns,SF,47,176,0,0,0,0,0,0,0,0,0,0,0,0,0,0,0,0,4,1,0.0,0.0,0.0,0.0,0.994,0.13,0.092,86,29,0.931,0.122,0.144,0.092,0.0,0.0,0.0,0.0,normal
3.72,tcp,http,SF,155,8380,0,0,0,0,0,1,0,0,0,0,0,0,0,0,0,0,5,4,0.001,0.033,0.0,0.0,0.877,0.122,0.002,214,157,0.898,0.05,0.063,0.079,0.0,0.0,0.0,0.0,normal
0.8,tcp,http,SF,464,570,0,0,0,0,0,1,0,0,0,0,0,0,0,0,0,0,1,4,0.124,0.01,0.0,0.0,0.899,0.013,0.028,53,57,0.814,0.143,0.12,0.008,0.0,0.0,0.0,0.0,normal
1.322,tcp,smtp,SF,547,995,0,0,0,0,0,1,0,0,0,0,0,0,0,0,0,0,4,2,0.0,0.001,0.0,0.0,0.899,0.128,0.063,119,14,0.813,0.059,0.061,0.021,0.0,0.0,0.0,0.0,normal
3.68,tcp,http,SF,190,1656,0,0,0,0,0,1,0,0,0,0,0,0,0,0,0,0,4,3,0.005,0.007,0.0,0.0,0.875,0.101,0.003,34,106,0.962,0.169,0.131,0.029,0.0,0.0,0.0,0.0,normal
0.328,tcp,http,SF,249,620,0,0,0,0,0,1,0,0,0,0,0,0,0,0,0,0,1,1,0.0,0.004,0.0,0.0,0.988,0.063,0.021,223,189,0.972,0.026,0.004,0.009,0.0,0.0,0.0,0.0,normal
1.035,tcp,http,SF,326,6645,0,0,0,0,0,1,0,0,0,0,0,0,0,0,0,0,2,2,0.0,0.0,0.0,0.0,0.872,0.057,0.031,154,172,0.848,0.1,0.117,0.007,0.0,0.0,0.0,0.0,normal
2.249,tcp,http,SF,242,3222,0,0,0,0,0,1,0,0,0,0,0,0,0,0,0,0,4,1,0.018,0.0,0.0,0.0,0.896,0.141,0.007,142,47,0.877,0.064,0.114,0.013,0.0,0.0,0.0,0.0,normal
0.073,udp,dns,SF,46,139,0,0,0,0,0,0,0,0,0,0,0,0,0,0,0,0,4,4,0.0,0.0,0.0,0.0,0.989,0.084,0.045,231,250,0.868,0.193,0.12,0.013,0.0,0.0,0.0,0.0,normal
2.186,tcp,http,SF,438,212,0,0,0,0,0,1,0,0,0,0,0,0,0,0,0,0,4,7,0.0,0.0,0.0,0.0,0.92,0.09,0.098,187,229,0.891,0.117,0.012,0.004,0.0,0.0,0.0,0.0,normal
0.265,tcp,http,SF,479,10812,0,0,0,0,0,1,0,0,0,0,0,0,0,0,0,0,6,2,0.0,0.0,0.0,0.0,0.893,0.105,0.071,237,128,0.814,0.122,0.131,0.001,0.0,0.0,0.0,0.0,normal
0.132,udp,dns,SF,53,134,0,0,0,0,0,0,0,0,0,0,0,0,0,0,0,0,3,4,0.0,0.014,0.0,0.0,0.912,0.1,0.011,54,81,0.885,0.148,0.015,0.096,0.0,0.0,0.0,0.0,normal
1.679,tcp,http,SF,259,10539,0,0,0,0,0,1,0,0,0,0,0,0,0,0,0,0,3,4,0.0,0.0,0.0,0.0,0.909,0.136,0.042,30,29,0.992,0.115,0.113,0.033,0.0,0.0,0.0,0.0,normal
1.262,tcp,smtp,SF,1090,1609,0,0,0,0,0,1,0,0,0,0,0,0,0,0,0,0,4,5,0.0,0.0,0.0,0.0,0.921,0.139,0.062,21,219,0.996,0.179,0.06,0.015,0.0,0.0,0.0,0.0,normal
0.002,udp,dns,SF,45,167,0,0,0,0,0,0,0,0,0,0,0,0,0,0,0,0,4,2,0.0,0.0,0.0,0.0,0.898,0.049,0.097,42,252,0.883,0.073,0.021,0.055,0.0,0.0,0.0,0.0,normal
1.451,tcp,http,SF,621,3593,0,0,0,0,0,1,0,0,0,0,0,0,0,0,0,0,3,3,0.0,0.0,0.0,0.0,0.913,0.08,0.034,150,85,0.842,0.057,0.104,0.093,0.0,0.0,0.0,0.0,normal
1.342,tcp,http,SF,457,662,0,0,0,0,0,1,0,0,0,0,0,0,0,0,0,0,8,2,0.03,0.012,0.0,0.0,0.943,0.064,0.071,162,44,0.959,0.148,0.031,0.086,0.0,0.0,0.0,0.0,normal
7.681,tcp,smtp,SF,594,1149,0,0,0,0,0,1,0,0,0,0,0,0,0,0,0,0,1,4,0.003,0.005,0.0,0.0,0.952,0.108,0.082,193,202,0.853,0.185,0.01,0.042,0.0,0.0,0.0,0.0,normal
1.479,tcp,http,SF,218,2234,0,0,0,0,0,1,0,0,0,0,0,0,0,0,0,0,4,3,0.003,0.0,0.0,0.0,0.86,0.01,0.059,114,63,0.868,0.048,0.14,0.031,0.0,0.0,0.0,0.0,normal
1.766,tcp,smtp,SF,767,1112,0,0,0,0,0,1,0,0,0,0,0,0,0,0,0,0,3,4,0.0,0.001,0.0,0.0,0.952,0.11,0.011,157,250,0.922,0.173,0.083,0.086,0.0,0.0,0.0,0.0,normal
0.222,tcp,http,SF,341,1363,0,0,0,0,0,1,0,0,0,0,0,0,0,0,0,0,6,4,0.0,0.021,0.0,0.0,0.854,0.048,0.008,242,142,0.998,0.048,0.076,0.044,0.0,0.0,0.0,0.0,normal
2.888,tcp,http,SF,340,12579,0,0,0,0,0,1,0,0,0,0,0,0,0,0,0,0,6,1,0.001,0.0,0.0,0.0,0.99,0.094,0.096,16,95,0.888,0.14,0.09,0.077,0.0,0.0,0.0,0.0,normal
4.185,tcp,http,SF,310,770,0,0,0,0,0,1,0,0,0,0,0,0,0,0,0,0,2,1,0.0,0.0,0.0,0.0,0.949,0.031,0.036,111,55,0.818,0.063,0.056,0.04,0.0,0.0,0.0,0.0,normal
1.595,tcp,http,SF,510,118,0,0,0,1,0,1,0,0,0,0,0,0,0,0,0,0,8,2,0.0,0.0,0.0,0.0,0.915,0.117,0.04,41,214,0.837,0.073,0.071,0.025,0.0,0.0,0.0,0.0,normal
5.925,tcp,http,SF,277,3767,0,0,0,0,0,1,0,0,0,0,0,0,0,0,0,0,3,5,0.034,0.023,0.0,0.0,0.985,0.029,0.068,68,171,0.818,0.122,0.109,0.067,0.0,0.0,0.0,0.0,normal
0.52,tcp,http,SF,146,92,0,0,0,0,0,1,0,0,0,0,0,0,0,0,0,0,7,4,0.005,0.051,0.0,0.0,0.86,0.052,0.095,115,125,0.948,0.127,0.021,0.092,0.0,0.0,0.0,0.0,normal
1.649,tcp,http,SF,428,640,0,0,0,0,0,1,0,0,0,0,0,0,0,0,0,0,5,1,0.0,0.0,0.0,0.0,0.893,0.097,0.1,254,172,0.813,0.131,0.018,0.084,0.0,0.0,0.0,0.0,normal
1.781,tcp,http,SF,215,5796,0,0,0,0,0,1,0,0,0,0,0,0,0,0,0,0,7,3,0.0,0.0,0.0,0.0,0.894,0.06,0.023,240,167,0.871,0.016,0.148,0.0,0.0,0.0,0.0,0.0,normal
0.069,udp,dns,SF,80,148,0,0,0,0,0,0,0,0,0,0,0,0,0,0,0,0,2,6,0.093,0.06,0.0,0.0,0.923,0.028,0.057,252,242,0.973,0.165,0.002,0.026,0.0,0.0,0.0,0.0,normal
